VariableGroup,Subgroup,Variable,Area,Year,Value,Unit,Symbol,IsAggregate
Water use,Pressure on water resources,Agricultural water withdrawal as % of total renewable water resources,Afghanistan,2018,30.613806827,%,I,False
Water use,Pressure on water resources,Agricultural water withdrawal as % of total renewable water resources,Afghanistan,2019,30.613806827,%,I,False
Water use,Pressure on water resources,Agricultural water withdrawal as % of total renewable water resources,Afghanistan,2020,30.613806827,%,I,False
Water use,Pressure on water resources,Agricultural water withdrawal as % of total renewable water resources,Afghanistan,2021,30.613806827,%,I,False
Water use,Pressure on water resources,Agricultural water withdrawal as % of total renewable water resources,Albania,2018,2.162251656,%,E,False
Water use,Pressure on water resources,Agricultural water withdrawal as % of total renewable water resources,Albania,2019,2.291390729,%,E,False
Water use,Pressure on water resources,Agricultural water withdrawal as % of total renewable water resources,Albania,2020,1.804635762,%,E,False
Water use,Pressure on water resources,Agricultural water withdrawal as % of total renewable water resources,Albania,2021,1.867549669,%,E,False
Water use,Pressure on water resources,Agricultural water withdrawal as % of total renewable water resources,Algeria,2018,57.178366332,%,I,False
Water use,Pressure on water resources,Agricultural water withdrawal as % of total renewable water resources,Algeria,2019,57.178366332,%,I,False
Water use,Pressure on water resources,Agricultural water withdrawal as % of total renewable water resources,Algeria,2020,57.178366332,%,I,False
Water use,Pressure on water resources,Agricultural water withdrawal as % of total renewable water resources,Algeria,2021,57.178366332,%,I,False
Water use,Pressure on water resources,Agricultural water withdrawal as % of total renewable water resources,Angola,2018,0.098854447,%,I,False
Water use,Pressure on water resources,Agricultural water withdrawal as % of total renewable water resources,Angola,2019,0.098854447,%,I,False
Water use,Pressure on water resources,Agricultural water withdrawal as % of total renewable water resources,Angola,2020,0.098854447,%,I,False
Water use,Pressure on water resources,Agricultural water withdrawal as % of total renewable water resources,Angola,2021,0.098854447,%,I,False
Water use,Pressure on water resources,Agricultural water withdrawal as % of total renewable water resources,Antigua and Barbuda,2018,3.461538461,%,I,False
Water use,Pressure on water resources,Agricultural water withdrawal as % of total renewable water resources,Antigua and Barbuda,2019,3.461538461,%,I,False
Water use,Pressure on water resources,Agricultural water withdrawal as % of total renewable water resources,Antigua and Barbuda,2020,3.461538461,%,I,False
Water use,Pressure on water resources,Agricultural water withdrawal as % of total renewable water resources,Antigua and Barbuda,2021,3.461538461,%,I,False
Water use,Pressure on water resources,Agricultural water withdrawal as % of total renewable water resources,Argentina,2018,3.187482881,%,I,False
Water use,Pressure on water resources,Agricultural water withdrawal as % of total renewable water resources,Argentina,2019,3.187482881,%,I,False
Water use,Pressure on water resources,Agricultural water withdrawal as % of total renewable water resources,Argentina,2020,3.187482881,%,I,False
Water use,Pressure on water resources,Agricultural water withdrawal as % of total renewable water resources,Argentina,2021,3.187482881,%,I,False
Water use,Pressure on water resources,Agricultural water withdrawal as % of total renewable water resources,Armenia,2018,24.224481915,%,E,False
Water use,Pressure on water resources,Agricultural water withdrawal as % of total renewable water resources,Armenia,2019,27.468142618,%,E,False
Water use,Pressure on water resources,Agricultural water withdrawal as % of total renewable water resources,Armenia,2020,25.614622216,%,E,False
Water use,Pressure on water resources,Agricultural water withdrawal as % of total renewable water resources,Armenia,2021,29.038486292,%,E,False
Water use,Pressure on water resources,Agricultural water withdrawal as % of total renewable water resources,Australia,2018,2.566611154,%,E,False
Water use,Pressure on water resources,Agricultural water withdrawal as % of total renewable water resources,Australia,2019,2.12398374,%,E,False
Water use,Pressure on water resources,Agricultural water withdrawal as % of total renewable water resources,Australia,2020,1.723577236,%,E,False
Water use,Pressure on water resources,Agricultural water withdrawal as % of total renewable water resources,Australia,2021,2.280487805,%,E,False
Water use,Pressure on water resources,Agricultural water withdrawal as % of total renewable water resources,Austria,2018,0.152881453,%,E,False
Water use,Pressure on water resources,Agricultural water withdrawal as % of total renewable water resources,Austria,2019,0.15958816,%,E,False
Water use,Pressure on water resources,Agricultural water withdrawal as % of total renewable water resources,Austria,2020,0.15958816,%,E,False
Water use,Pressure on water resources,Agricultural water withdrawal as % of total renewable water resources,Austria,2021,0.15958816,%,E,False
Water use,Pressure on water resources,Agricultural water withdrawal as % of total renewable water resources,Azerbaijan,2018,32.406633021,%,E,False
Water use,Pressure on water resources,Agricultural water withdrawal as % of total renewable water resources,Azerbaijan,2019,33.493871666,%,E,False
Water use,Pressure on water resources,Agricultural water withdrawal as % of total renewable water resources,Azerbaijan,2020,32.320115357,%,E,False
Water use,Pressure on water resources,Agricultural water withdrawal as % of total renewable water resources,Azerbaijan,2021,34.497476568,%,E,False
Water use,Pressure on water resources,Agricultural water withdrawal as % of total renewable water resources,Bahrain,2018,124.74137931,%,I,False
Water use,Pressure on water resources,Agricultural water withdrawal as % of total renewable water resources,Bahrain,2019,124.74137931,%,I,False
Water use,Pressure on water resources,Agricultural water withdrawal as % of total renewable water resources,Bahrain,2020,124.74137931,%,I,False
Water use,Pressure on water resources,Agricultural water withdrawal as % of total renewable water resources,Bahrain,2021,124.74137931,%,I,False
Water use,Pressure on water resources,Agricultural water withdrawal as % of total renewable water resources,Bangladesh,2018,2.567170212,%,I,False
Water use,Pressure on water resources,Agricultural water withdrawal as % of total renewable water resources,Bangladesh,2019,2.567170212,%,I,False
Water use,Pressure on water resources,Agricultural water withdrawal as % of total renewable water resources,Bangladesh,2020,2.567170212,%,I,False
Water use,Pressure on water resources,Agricultural water withdrawal as % of total renewable water resources,Bangladesh,2021,2.567170212,%,I,False
Water use,Pressure on water resources,Agricultural water withdrawal as % of total renewable water resources,Barbados,2018,68.5,%,I,False
Water use,Pressure on water resources,Agricultural water withdrawal as % of total renewable water resources,Barbados,2019,68.5,%,I,False
Water use,Pressure on water resources,Agricultural water withdrawal as % of total renewable water resources,Barbados,2020,68.5,%,I,False
Water use,Pressure on water resources,Agricultural water withdrawal as % of total renewable water resources,Barbados,2021,68.5,%,I,False
Water use,Pressure on water resources,Agricultural water withdrawal as % of total renewable water resources,Belarus,2018,0.718480138,%,E,False
Water use,Pressure on water resources,Agricultural water withdrawal as % of total renewable water resources,Belarus,2019,0.633851468,%,E,False
Water use,Pressure on water resources,Agricultural water withdrawal as % of total renewable water resources,Belarus,2020,0.633851468,%,E,False
Water use,Pressure on water resources,Agricultural water withdrawal as % of total renewable water resources,Belarus,2021,0.683937824,%,E,False
Water use,Pressure on water resources,Agricultural water withdrawal as % of total renewable water resources,Belgium,2018,0.296851803,%,E,False
Water use,Pressure on water resources,Agricultural water withdrawal as % of total renewable water resources,Belgium,2019,0.297814208,%,E,False
Water use,Pressure on water resources,Agricultural water withdrawal as % of total renewable water resources,Belgium,2020,0.279781421,%,E,False
Water use,Pressure on water resources,Agricultural water withdrawal as % of total renewable water resources,Belgium,2021,0.279781421,%,E,False
Water use,Pressure on water resources,Agricultural water withdrawal as % of total renewable water resources,Belize,2018,0.314714273,%,E,False
Water use,Pressure on water resources,Agricultural water withdrawal as % of total renewable water resources,Belize,2019,0.314714273,%,E,False
Water use,Pressure on water resources,Agricultural water withdrawal as % of total renewable water resources,Belize,2020,0.314714273,%,E,False
Water use,Pressure on water resources,Agricultural water withdrawal as % of total renewable water resources,Belize,2021,0.314714273,%,E,False
Water use,Pressure on water resources,Agricultural water withdrawal as % of total renewable water resources,Benin,2018,0.223569534,%,I,False
Water use,Pressure on water resources,Agricultural water withdrawal as % of total renewable water resources,Benin,2019,0.223569534,%,I,False
Water use,Pressure on water resources,Agricultural water withdrawal as % of total renewable water resources,Benin,2020,0.223569534,%,I,False
Water use,Pressure on water resources,Agricultural water withdrawal as % of total renewable water resources,Benin,2021,0.223569534,%,I,False
Water use,Pressure on water resources,Agricultural water withdrawal as % of total renewable water resources,Bhutan,2018,0.407692308,%,I,False
Water use,Pressure on water resources,Agricultural water withdrawal as % of total renewable water resources,Bhutan,2019,0.407692308,%,I,False
Water use,Pressure on water resources,Agricultural water withdrawal as % of total renewable water resources,Bhutan,2020,0.407692308,%,I,False
Water use,Pressure on water resources,Agricultural water withdrawal as % of total renewable water resources,Bhutan,2021,0.407692308,%,I,False
Water use,Pressure on water resources,Agricultural water withdrawal as % of total renewable water resources,Bolivia (Plurinational State of),2018,0.334494774,%,I,False
Water use,Pressure on water resources,Agricultural water withdrawal as % of total renewable water resources,Bolivia (Plurinational State of),2019,0.334494774,%,I,False
Water use,Pressure on water resources,Agricultural water withdrawal as % of total renewable water resources,Bolivia (Plurinational State of),2020,0.334494774,%,I,False
Water use,Pressure on water resources,Agricultural water withdrawal as % of total renewable water resources,Bolivia (Plurinational State of),2021,0.334494774,%,I,False
Water use,Pressure on water resources,Agricultural water withdrawal as % of total renewable water resources,Botswana,2018,0.650326797,%,E,False
Water use,Pressure on water resources,Agricultural water withdrawal as % of total renewable water resources,Botswana,2019,0.609395425,%,E,False
Water use,Pressure on water resources,Agricultural water withdrawal as % of total renewable water resources,Botswana,2020,0.665601307,%,E,False
Water use,Pressure on water resources,Agricultural water withdrawal as % of total renewable water resources,Botswana,2021,0.637250817,%,E,False
Water use,Pressure on water resources,Agricultural water withdrawal as % of total renewable water resources,Brazil,2018,0.448826183,%,E,False
Water use,Pressure on water resources,Agricultural water withdrawal as % of total renewable water resources,Brazil,2019,0.49196253,%,E,False
Water use,Pressure on water resources,Agricultural water withdrawal as % of total renewable water resources,Brazil,2020,0.479010061,%,E,False
Water use,Pressure on water resources,Agricultural water withdrawal as % of total renewable water resources,Brazil,2021,0.477275356,%,E,False
Water use,Pressure on water resources,Agricultural water withdrawal as % of total renewable water resources,Brunei Darussalam,2018,0.062352941,%,I,False
Water use,Pressure on water resources,Agricultural water withdrawal as % of total renewable water resources,Brunei Darussalam,2019,0.062352941,%,I,False
Water use,Pressure on water resources,Agricultural water withdrawal as % of total renewable water resources,Brunei Darussalam,2020,0.062352941,%,I,False
Water use,Pressure on water resources,Agricultural water withdrawal as % of total renewable water resources,Brunei Darussalam,2021,0.062352941,%,I,False
Water use,Pressure on water resources,Agricultural water withdrawal as % of total renewable water resources,Bulgaria,2018,3.399061033,%,E,False
Water use,Pressure on water resources,Agricultural water withdrawal as % of total renewable water resources,Bulgaria,2019,2.915492958,%,E,False
Water use,Pressure on water resources,Agricultural water withdrawal as % of total renewable water resources,Bulgaria,2020,3.056338028,%,E,False
Water use,Pressure on water resources,Agricultural water withdrawal as % of total renewable water resources,Bulgaria,2021,3.056338028,%,E,False
Water use,Pressure on water resources,Agricultural water withdrawal as % of total renewable water resources,Burkina Faso,2018,3.116296296,%,I,False
Water use,Pressure on water resources,Agricultural water withdrawal as % of total renewable water resources,Burkina Faso,2019,3.116296296,%,I,False
Water use,Pressure on water resources,Agricultural water withdrawal as % of total renewable water resources,Burkina Faso,2020,3.116296296,%,I,False
Water use,Pressure on water resources,Agricultural water withdrawal as % of total renewable water resources,Burkina Faso,2021,3.116296296,%,I,False
Water use,Pressure on water resources,Agricultural water withdrawal as % of total renewable water resources,Burundi,2018,1.770899809,%,I,False
Water use,Pressure on water resources,Agricultural water withdrawal as % of total renewable water resources,Burundi,2019,1.770899809,%,I,False
Water use,Pressure on water resources,Agricultural water withdrawal as % of total renewable water resources,Burundi,2020,1.770899809,%,I,False
Water use,Pressure on water resources,Agricultural water withdrawal as % of total renewable water resources,Burundi,2021,1.770899809,%,I,False
Water use,Pressure on water resources,Agricultural water withdrawal as % of total renewable water resources,Cabo Verde,2018,28.407460444,%,E,False
Water use,Pressure on water resources,Agricultural water withdrawal as % of total renewable water resources,Cabo Verde,2019,29.841326667,%,E,False
Water use,Pressure on water resources,Agricultural water withdrawal as % of total renewable water resources,Cabo Verde,2020,37.733583333,%,E,False
Water use,Pressure on water resources,Agricultural water withdrawal as % of total renewable water resources,Cabo Verde,2021,36.42317,%,E,False
Water use,Pressure on water resources,Agricultural water withdrawal as % of total renewable water resources,Cambodia,2018,0.43121193,%,I,False
Water use,Pressure on water resources,Agricultural water withdrawal as % of total renewable water resources,Cambodia,2019,0.43121193,%,I,False
Water use,Pressure on water resources,Agricultural water withdrawal as % of total renewable water resources,Cambodia,2020,0.43121193,%,I,False
Water use,Pressure on water resources,Agricultural water withdrawal as % of total renewable water resources,Cambodia,2021,0.43121193,%,I,False
Water use,Pressure on water resources,Agricultural water withdrawal as % of total renewable water resources,Cameroon,2018,0.260286067,%,I,False
Water use,Pressure on water resources,Agricultural water withdrawal as % of total renewable water resources,Cameroon,2019,0.260286067,%,I,False
Water use,Pressure on water resources,Agricultural water withdrawal as % of total renewable water resources,Cameroon,2020,0.260286067,%,I,False
Water use,Pressure on water resources,Agricultural water withdrawal as % of total renewable water resources,Cameroon,2021,0.260286067,%,I,False
Water use,Pressure on water resources,Agricultural water withdrawal as % of total renewable water resources,Canada,2018,0.132977257,%,I,False
Water use,Pressure on water resources,Agricultural water withdrawal as % of total renewable water resources,Canada,2019,0.132977257,%,I,False
Water use,Pressure on water resources,Agricultural water withdrawal as % of total renewable water resources,Canada,2020,0.132977257,%,I,False
Water use,Pressure on water resources,Agricultural water withdrawal as % of total renewable water resources,Canada,2021,0.132977257,%,I,False
Water use,Pressure on water resources,Agricultural water withdrawal as % of total renewable water resources,Central African Republic,2018,0.000283688,%,I,False
Water use,Pressure on water resources,Agricultural water withdrawal as % of total renewable water resources,Central African Republic,2019,0.000283688,%,I,False
Water use,Pressure on water resources,Agricultural water withdrawal as % of total renewable water resources,Central African Republic,2020,0.000283688,%,I,False
Water use,Pressure on water resources,Agricultural water withdrawal as % of total renewable water resources,Central African Republic,2021,0.000283688,%,I,False
Water use,Pressure on water resources,Agricultural water withdrawal as % of total renewable water resources,Chad,2018,1.470897155,%,I,False
Water use,Pressure on water resources,Agricultural water withdrawal as % of total renewable water resources,Chad,2019,1.470897155,%,I,False
Water use,Pressure on water resources,Agricultural water withdrawal as % of total renewable water resources,Chad,2020,1.470897155,%,I,False
Water use,Pressure on water resources,Agricultural water withdrawal as % of total renewable water resources,Chad,2021,1.470897155,%,I,False
Water use,Pressure on water resources,Agricultural water withdrawal as % of total renewable water resources,Chile,2018,3.187225099,%,I,False
Water use,Pressure on water resources,Agricultural water withdrawal as % of total renewable water resources,Chile,2019,3.187225099,%,I,False
Water use,Pressure on water resources,Agricultural water withdrawal as % of total renewable water resources,Chile,2020,3.187225099,%,I,False
Water use,Pressure on water resources,Agricultural water withdrawal as % of total renewable water resources,Chile,2021,3.187225099,%,I,False
Water use,Pressure on water resources,Agricultural water withdrawal as % of total renewable water resources,China,2018,13.002865975,%,E,False
Water use,Pressure on water resources,Agricultural water withdrawal as % of total renewable water resources,China,2019,12.964840752,%,E,False
Water use,Pressure on water resources,Agricultural water withdrawal as % of total renewable water resources,China,2020,12.718733056,%,E,False
Water use,Pressure on water resources,Agricultural water withdrawal as % of total renewable water resources,China,2021,12.718733056,%,E,False
Water use,Pressure on water resources,Agricultural water withdrawal as % of total renewable water resources,Colombia,2018,0.981568542,%,E,False
Water use,Pressure on water resources,Agricultural water withdrawal as % of total renewable water resources,Colombia,2019,0.921040805,%,E,False
Water use,Pressure on water resources,Agricultural water withdrawal as % of total renewable water resources,Colombia,2020,0.946825545,%,E,False
Water use,Pressure on water resources,Agricultural water withdrawal as % of total renewable water resources,Colombia,2021,0.975052163,%,E,False
Water use,Pressure on water resources,Agricultural water withdrawal as % of total renewable water resources,Comoros,2018,0.391666667,%,I,False
Water use,Pressure on water resources,Agricultural water withdrawal as % of total renewable water resources,Comoros,2019,0.391666667,%,I,False
Water use,Pressure on water resources,Agricultural water withdrawal as % of total renewable water resources,Comoros,2020,0.391666667,%,I,False
Water use,Pressure on water resources,Agricultural water withdrawal as % of total renewable water resources,Comoros,2021,0.391666667,%,I,False
Water use,Pressure on water resources,Agricultural water withdrawal as % of total renewable water resources,Congo,2018,0.000480769,%,I,False
Water use,Pressure on water resources,Agricultural water withdrawal as % of total renewable water resources,Congo,2019,0.000480769,%,I,False
Water use,Pressure on water resources,Agricultural water withdrawal as % of total renewable water resources,Congo,2020,0.000480769,%,I,False
Water use,Pressure on water resources,Agricultural water withdrawal as % of total renewable water resources,Congo,2021,0.000480769,%,I,False
Water use,Pressure on water resources,Agricultural water withdrawal as % of total renewable water resources,Costa Rica,2018,1.854554365,%,E,False
Water use,Pressure on water resources,Agricultural water withdrawal as % of total renewable water resources,Costa Rica,2019,1.832245876,%,E,False
Water use,Pressure on water resources,Agricultural water withdrawal as % of total renewable water resources,Costa Rica,2020,1.836300021,%,E,False
Water use,Pressure on water resources,Agricultural water withdrawal as % of total renewable water resources,Costa Rica,2021,1.852119631,%,E,False
Water use,Pressure on water resources,Agricultural water withdrawal as % of total renewable water resources,Croatia,2018,0.072037915,%,E,False
Water use,Pressure on water resources,Agricultural water withdrawal as % of total renewable water resources,Croatia,2019,0.072037915,%,I,False
Water use,Pressure on water resources,Agricultural water withdrawal as % of total renewable water resources,Croatia,2020,0.072037915,%,I,False
Water use,Pressure on water resources,Agricultural water withdrawal as % of total renewable water resources,Croatia,2021,0.072037915,%,I,False
Water use,Pressure on water resources,Agricultural water withdrawal as % of total renewable water resources,Cuba,2018,11.854669465,%,I,False
Water use,Pressure on water resources,Agricultural water withdrawal as % of total renewable water resources,Cuba,2019,11.854669465,%,I,False
Water use,Pressure on water resources,Agricultural water withdrawal as % of total renewable water resources,Cuba,2020,11.854669465,%,I,False
Water use,Pressure on water resources,Agricultural water withdrawal as % of total renewable water resources,Cuba,2021,11.854669465,%,I,False
Water use,Pressure on water resources,Agricultural water withdrawal as % of total renewable water resources,Cyprus,2018,22.435897436,%,E,False
Water use,Pressure on water resources,Agricultural water withdrawal as % of total renewable water resources,Cyprus,2019,21.282051282,%,E,False
Water use,Pressure on water resources,Agricultural water withdrawal as % of total renewable water resources,Cyprus,2020,22.051282051,%,E,False
Water use,Pressure on water resources,Agricultural water withdrawal as % of total renewable water resources,Cyprus,2021,23.076923077,%,E,False
Water use,Pressure on water resources,Agricultural water withdrawal as % of total renewable water resources,Czechia,2018,0.380228137,%,E,False
Water use,Pressure on water resources,Agricultural water withdrawal as % of total renewable water resources,Czechia,2019,0.326996198,%,E,False
Water use,Pressure on water resources,Agricultural water withdrawal as % of total renewable water resources,Czechia,2020,0.296577947,%,E,False
Water use,Pressure on water resources,Agricultural water withdrawal as % of total renewable water resources,Czechia,2021,0.281368821,%,E,False
Water use,Pressure on water resources,Agricultural water withdrawal as % of total renewable water resources,Côte d'Ivoire,2018,0.713097219,%,I,False
Water use,Pressure on water resources,Agricultural water withdrawal as % of total renewable water resources,Côte d'Ivoire,2019,0.713097219,%,I,False
Water use,Pressure on water resources,Agricultural water withdrawal as % of total renewable water resources,Côte d'Ivoire,2020,0.713097219,%,I,False
Water use,Pressure on water resources,Agricultural water withdrawal as % of total renewable water resources,Côte d'Ivoire,2021,0.713097219,%,I,False
Water use,Pressure on water resources,Agricultural water withdrawal as % of total renewable water resources,Democratic People's Republic of Korea,2018,8.567725211,%,I,False
Water use,Pressure on water resources,Agricultural water withdrawal as % of total renewable water resources,Democratic People's Republic of Korea,2019,8.567725211,%,I,False
Water use,Pressure on water resources,Agricultural water withdrawal as % of total renewable water resources,Democratic People's Republic of Korea,2020,8.567725211,%,I,False
Water use,Pressure on water resources,Agricultural water withdrawal as % of total renewable water resources,Democratic People's Republic of Korea,2021,8.567725211,%,I,False
Water use,Pressure on water resources,Agricultural water withdrawal as % of total renewable water resources,Democratic Republic of the Congo,2018,0.005604053,%,I,False
Water use,Pressure on water resources,Agricultural water withdrawal as % of total renewable water resources,Democratic Republic of the Congo,2019,0.005604053,%,I,False
Water use,Pressure on water resources,Agricultural water withdrawal as % of total renewable water resources,Democratic Republic of the Congo,2020,0.005604053,%,I,False
Water use,Pressure on water resources,Agricultural water withdrawal as % of total renewable water resources,Democratic Republic of the Congo,2021,0.005604053,%,I,False
Water use,Pressure on water resources,Agricultural water withdrawal as % of total renewable water resources,Denmark,2018,10.988983333,%,E,False
Water use,Pressure on water resources,Agricultural water withdrawal as % of total renewable water resources,Denmark,2019,8.443483333,%,E,False
Water use,Pressure on water resources,Agricultural water withdrawal as % of total renewable water resources,Denmark,2020,8.788933333,%,E,False
Water use,Pressure on water resources,Agricultural water withdrawal as % of total renewable water resources,Denmark,2021,8.788933333,%,E,False
Water use,Pressure on water resources,Agricultural water withdrawal as % of total renewable water resources,Djibouti,2018,1,%,I,False
Water use,Pressure on water resources,Agricultural water withdrawal as % of total renewable water resources,Djibouti,2019,1,%,I,False
Water use,Pressure on water resources,Agricultural water withdrawal as % of total renewable water resources,Djibouti,2020,1,%,I,False
Water use,Pressure on water resources,Agricultural water withdrawal as % of total renewable water resources,Djibouti,2021,1,%,I,False
Water use,Pressure on water resources,Agricultural water withdrawal as % of total renewable water resources,Dominica,2018,0.5,%,I,False
Water use,Pressure on water resources,Agricultural water withdrawal as % of total renewable water resources,Dominica,2019,0.5,%,I,False
Water use,Pressure on water resources,Agricultural water withdrawal as % of total renewable water resources,Dominica,2020,0.5,%,I,False
Water use,Pressure on water resources,Agricultural water withdrawal as % of total renewable water resources,Dominica,2021,0.5,%,I,False
Water use,Pressure on water resources,Agricultural water withdrawal as % of total renewable water resources,Dominican Republic,2018,32.182978723,%,I,False
Water use,Pressure on water resources,Agricultural water withdrawal as % of total renewable water resources,Dominican Republic,2019,32.182978723,%,I,False
Water use,Pressure on water resources,Agricultural water withdrawal as % of total renewable water resources,Dominican Republic,2020,32.182978723,%,I,False
Water use,Pressure on water resources,Agricultural water withdrawal as % of total renewable water resources,Dominican Republic,2021,32.182978723,%,I,False
Water use,Pressure on water resources,Agricultural water withdrawal as % of total renewable water resources,Ecuador,2018,1.825497287,%,I,False
Water use,Pressure on water resources,Agricultural water withdrawal as % of total renewable water resources,Ecuador,2019,1.825497287,%,I,False
Water use,Pressure on water resources,Agricultural water withdrawal as % of total renewable water resources,Ecuador,2020,1.825497287,%,I,False
Water use,Pressure on water resources,Agricultural water withdrawal as % of total renewable water resources,Ecuador,2021,1.825497287,%,I,False
Water use,Pressure on water resources,Agricultural water withdrawal as % of total renewable water resources,Egypt,2018,106.695652174,%,I,False
Water use,Pressure on water resources,Agricultural water withdrawal as % of total renewable water resources,Egypt,2019,106.695652174,%,I,False
Water use,Pressure on water resources,Agricultural water withdrawal as % of total renewable water resources,Egypt,2020,106.695652174,%,I,False
Water use,Pressure on water resources,Agricultural water withdrawal as % of total renewable water resources,Egypt,2021,106.695652174,%,I,False
Water use,Pressure on water resources,Agricultural water withdrawal as % of total renewable water resources,El Salvador,2018,1.913277938,%,E,False
Water use,Pressure on water resources,Agricultural water withdrawal as % of total renewable water resources,El Salvador,2019,1.641431759,%,E,False
Water use,Pressure on water resources,Agricultural water withdrawal as % of total renewable water resources,El Salvador,2020,1.36958558,%,E,False
Water use,Pressure on water resources,Agricultural water withdrawal as % of total renewable water resources,El Salvador,2021,1.973825797,%,E,False
Water use,Pressure on water resources,Agricultural water withdrawal as % of total renewable water resources,Equatorial Guinea,2018,0.003846154,%,I,False
Water use,Pressure on water resources,Agricultural water withdrawal as % of total renewable water resources,Equatorial Guinea,2019,0.003846154,%,I,False
Water use,Pressure on water resources,Agricultural water withdrawal as % of total renewable water resources,Equatorial Guinea,2020,0.003846154,%,I,False
Water use,Pressure on water resources,Agricultural water withdrawal as % of total renewable water resources,Equatorial Guinea,2021,0.003846154,%,I,False
Water use,Pressure on water resources,Agricultural water withdrawal as % of total renewable water resources,Eritrea,2018,7.518796993,%,I,False
Water use,Pressure on water resources,Agricultural water withdrawal as % of total renewable water resources,Eritrea,2019,7.518796993,%,I,False
Water use,Pressure on water resources,Agricultural water withdrawal as % of total renewable water resources,Eritrea,2020,7.518796993,%,I,False
Water use,Pressure on water resources,Agricultural water withdrawal as % of total renewable water resources,Eritrea,2021,7.518796993,%,I,False
Water use,Pressure on water resources,Agricultural water withdrawal as % of total renewable water resources,Estonia,2018,0.037002733,%,E,False
Water use,Pressure on water resources,Agricultural water withdrawal as % of total renewable water resources,Estonia,2019,0.03795096,%,E,False
Water use,Pressure on water resources,Agricultural water withdrawal as % of total renewable water resources,Estonia,2020,0.037925652,%,E,False
Water use,Pressure on water resources,Agricultural water withdrawal as % of total renewable water resources,Estonia,2021,0.038820623,%,E,False
Water use,Pressure on water resources,Agricultural water withdrawal as % of total renewable water resources,Eswatini,2018,22.305986696,%,I,False
Water use,Pressure on water resources,Agricultural water withdrawal as % of total renewable water resources,Eswatini,2019,22.305986696,%,I,False
Water use,Pressure on water resources,Agricultural water withdrawal as % of total renewable water resources,Eswatini,2020,22.305986696,%,I,False
Water use,Pressure on water resources,Agricultural water withdrawal as % of total renewable water resources,Eswatini,2021,22.305986696,%,I,False
Water use,Pressure on water resources,Agricultural water withdrawal as % of total renewable water resources,Ethiopia,2018,7.940163934,%,I,False
Water use,Pressure on water resources,Agricultural water withdrawal as % of total renewable water resources,Ethiopia,2019,7.940163934,%,I,False
Water use,Pressure on water resources,Agricultural water withdrawal as % of total renewable water resources,Ethiopia,2020,7.940163934,%,I,False
Water use,Pressure on water resources,Agricultural water withdrawal as % of total renewable water resources,Ethiopia,2021,7.940163934,%,I,False
Water use,Pressure on water resources,Agricultural water withdrawal as % of total renewable water resources,Fiji,2018,0.175131349,%,I,False
Water use,Pressure on water resources,Agricultural water withdrawal as % of total renewable water resources,Fiji,2019,0.175131349,%,I,False
Water use,Pressure on water resources,Agricultural water withdrawal as % of total renewable water resources,Fiji,2020,0.175131349,%,I,False
Water use,Pressure on water resources,Agricultural water withdrawal as % of total renewable water resources,Fiji,2021,0.175131349,%,I,False
Water use,Pressure on water resources,Agricultural water withdrawal as % of total renewable water resources,Finland,2018,0.363636364,%,E,False
Water use,Pressure on water resources,Agricultural water withdrawal as % of total renewable water resources,Finland,2019,0.909090909,%,E,False
Water use,Pressure on water resources,Agricultural water withdrawal as % of total renewable water resources,Finland,2020,0.909090909,%,E,False
Water use,Pressure on water resources,Agricultural water withdrawal as % of total renewable water resources,Finland,2021,0.909090909,%,E,False
Water use,Pressure on water resources,Agricultural water withdrawal as % of total renewable water resources,France,2018,1.415556444,%,E,False
Water use,Pressure on water resources,Agricultural water withdrawal as % of total renewable water resources,France,2019,1.508674741,%,E,False
Water use,Pressure on water resources,Agricultural water withdrawal as % of total renewable water resources,France,2020,1.630474938,%,E,False
Water use,Pressure on water resources,Agricultural water withdrawal as % of total renewable water resources,France,2021,1.630474938,%,E,False
Water use,Pressure on water resources,Agricultural water withdrawal as % of total renewable water resources,Gabon,2018,0.024277108,%,I,False
Water use,Pressure on water resources,Agricultural water withdrawal as % of total renewable water resources,Gabon,2019,0.024277108,%,I,False
Water use,Pressure on water resources,Agricultural water withdrawal as % of total renewable water resources,Gabon,2020,0.024277108,%,I,False
Water use,Pressure on water resources,Agricultural water withdrawal as % of total renewable water resources,Gabon,2021,0.024277108,%,I,False
Water use,Pressure on water resources,Agricultural water withdrawal as % of total renewable water resources,Gambia,2018,0.49,%,I,False
Water use,Pressure on water resources,Agricultural water withdrawal as % of total renewable water resources,Gambia,2019,0.49,%,I,False
Water use,Pressure on water resources,Agricultural water withdrawal as % of total renewable water resources,Gambia,2020,0.49,%,I,False
Water use,Pressure on water resources,Agricultural water withdrawal as % of total renewable water resources,Gambia,2021,0.49,%,I,False
Water use,Pressure on water resources,Agricultural water withdrawal as % of total renewable water resources,Georgia,2018,0.722943313,%,E,False
Water use,Pressure on water resources,Agricultural water withdrawal as % of total renewable water resources,Georgia,2019,0.933207011,%,E,False
Water use,Pressure on water resources,Agricultural water withdrawal as % of total renewable water resources,Georgia,2020,1.117748302,%,E,False
Water use,Pressure on water resources,Agricultural water withdrawal as % of total renewable water resources,Georgia,2021,1.184083373,%,E,False
Water use,Pressure on water resources,Agricultural water withdrawal as % of total renewable water resources,Germany,2018,0.751993506,%,E,False
Water use,Pressure on water resources,Agricultural water withdrawal as % of total renewable water resources,Germany,2019,0.697838312,%,E,False
Water use,Pressure on water resources,Agricultural water withdrawal as % of total renewable water resources,Germany,2020,0.697838312,%,E,False
Water use,Pressure on water resources,Agricultural water withdrawal as % of total renewable water resources,Germany,2021,0.697838312,%,E,False
Water use,Pressure on water resources,Agricultural water withdrawal as % of total renewable water resources,Ghana,2018,1.903914591,%,I,False
Water use,Pressure on water resources,Agricultural water withdrawal as % of total renewable water resources,Ghana,2019,1.903914591,%,I,False
Water use,Pressure on water resources,Agricultural water withdrawal as % of total renewable water resources,Ghana,2020,1.903914591,%,I,False
Water use,Pressure on water resources,Agricultural water withdrawal as % of total renewable water resources,Ghana,2021,1.903914591,%,I,False
Water use,Pressure on water resources,Agricultural water withdrawal as % of total renewable water resources,Greece,2018,11.852339181,%,E,False
Water use,Pressure on water resources,Agricultural water withdrawal as % of total renewable water resources,Greece,2019,11.852339181,%,I,False
Water use,Pressure on water resources,Agricultural water withdrawal as % of total renewable water resources,Greece,2020,11.852339181,%,I,False
Water use,Pressure on water resources,Agricultural water withdrawal as % of total renewable water resources,Greece,2021,11.852339181,%,I,False
Water use,Pressure on water resources,Agricultural water withdrawal as % of total renewable water resources,Grenada,2018,1.05,%,I,False
Water use,Pressure on water resources,Agricultural water withdrawal as % of total renewable water resources,Grenada,2019,1.05,%,I,False
Water use,Pressure on water resources,Agricultural water withdrawal as % of total renewable water resources,Grenada,2020,1.05,%,I,False
Water use,Pressure on water resources,Agricultural water withdrawal as % of total renewable water resources,Grenada,2021,1.05,%,I,False
Water use,Pressure on water resources,Agricultural water withdrawal as % of total renewable water resources,Guatemala,2018,1.47447424,%,I,False
Water use,Pressure on water resources,Agricultural water withdrawal as % of total renewable water resources,Guatemala,2019,1.47447424,%,I,False
Water use,Pressure on water resources,Agricultural water withdrawal as % of total renewable water resources,Guatemala,2020,1.47447424,%,I,False
Water use,Pressure on water resources,Agricultural water withdrawal as % of total renewable water resources,Guatemala,2021,1.47447424,%,I,False
Water use,Pressure on water resources,Agricultural water withdrawal as % of total renewable water resources,Guinea,2018,0.265486726,%,E,False
Water use,Pressure on water resources,Agricultural water withdrawal as % of total renewable water resources,Guinea,2019,0.265486726,%,I,False
Water use,Pressure on water resources,Agricultural water withdrawal as % of total renewable water resources,Guinea,2020,0.265486726,%,I,False
Water use,Pressure on water resources,Agricultural water withdrawal as % of total renewable water resources,Guinea,2021,0.265486726,%,I,False
Water use,Pressure on water resources,Agricultural water withdrawal as % of total renewable water resources,Guinea-Bissau,2018,0.458598726,%,I,False
Water use,Pressure on water resources,Agricultural water withdrawal as % of total renewable water resources,Guinea-Bissau,2019,0.458598726,%,I,False
Water use,Pressure on water resources,Agricultural water withdrawal as % of total renewable water resources,Guinea-Bissau,2020,0.458598726,%,I,False
Water use,Pressure on water resources,Agricultural water withdrawal as % of total renewable water resources,Guinea-Bissau,2021,0.458598726,%,I,False
Water use,Pressure on water resources,Agricultural water withdrawal as % of total renewable water resources,Guyana,2018,0.502952029,%,I,False
Water use,Pressure on water resources,Agricultural water withdrawal as % of total renewable water resources,Guyana,2019,0.502952029,%,I,False
Water use,Pressure on water resources,Agricultural water withdrawal as % of total renewable water resources,Guyana,2020,0.502952029,%,I,False
Water use,Pressure on water resources,Agricultural water withdrawal as % of total renewable water resources,Guyana,2021,0.502952029,%,I,False
Water use,Pressure on water resources,Agricultural water withdrawal as % of total renewable water resources,Haiti,2018,8.622165169,%,I,False
Water use,Pressure on water resources,Agricultural water withdrawal as % of total renewable water resources,Haiti,2019,8.622165169,%,I,False
Water use,Pressure on water resources,Agricultural water withdrawal as % of total renewable water resources,Haiti,2020,8.622165169,%,I,False
Water use,Pressure on water resources,Agricultural water withdrawal as % of total renewable water resources,Haiti,2021,8.622165169,%,I,False
Water use,Pressure on water resources,Agricultural water withdrawal as % of total renewable water resources,Honduras,2018,1.27815633,%,I,False
Water use,Pressure on water resources,Agricultural water withdrawal as % of total renewable water resources,Honduras,2019,1.27815633,%,I,False
Water use,Pressure on water resources,Agricultural water withdrawal as % of total renewable water resources,Honduras,2020,1.27815633,%,I,False
Water use,Pressure on water resources,Agricultural water withdrawal as % of total renewable water resources,Honduras,2021,1.27815633,%,I,False
Water use,Pressure on water resources,Agricultural water withdrawal as % of total renewable water resources,Hungary,2018,0.485519024,%,E,False
Water use,Pressure on water resources,Agricultural water withdrawal as % of total renewable water resources,Hungary,2019,0.467163214,%,E,False
Water use,Pressure on water resources,Agricultural water withdrawal as % of total renewable water resources,Hungary,2020,0.526634615,%,E,False
Water use,Pressure on water resources,Agricultural water withdrawal as % of total renewable water resources,Hungary,2021,0.526634615,%,E,False
Water use,Pressure on water resources,Agricultural water withdrawal as % of total renewable water resources,Iceland,2018,0.000176471,%,I,False
Water use,Pressure on water resources,Agricultural water withdrawal as % of total renewable water resources,Iceland,2019,0.000176471,%,I,False
Water use,Pressure on water resources,Agricultural water withdrawal as % of total renewable water resources,Iceland,2020,0.000176471,%,I,False
Water use,Pressure on water resources,Agricultural water withdrawal as % of total renewable water resources,Iceland,2021,0.000176471,%,I,False
Water use,Pressure on water resources,Agricultural water withdrawal as % of total renewable water resources,India,2018,36.003977183,%,I,False
Water use,Pressure on water resources,Agricultural water withdrawal as % of total renewable water resources,India,2019,36.003977183,%,I,False
Water use,Pressure on water resources,Agricultural water withdrawal as % of total renewable water resources,India,2020,36.003977183,%,I,False
Water use,Pressure on water resources,Agricultural water withdrawal as % of total renewable water resources,India,2021,36.003977183,%,I,False
Water use,Pressure on water resources,Agricultural water withdrawal as % of total renewable water resources,Indonesia,2018,9.397136771,%,I,False
Water use,Pressure on water resources,Agricultural water withdrawal as % of total renewable water resources,Indonesia,2019,9.397136771,%,I,False
Water use,Pressure on water resources,Agricultural water withdrawal as % of total renewable water resources,Indonesia,2020,9.397136771,%,I,False
Water use,Pressure on water resources,Agricultural water withdrawal as % of total renewable water resources,Indonesia,2021,9.397136771,%,I,False
Water use,Pressure on water resources,Agricultural water withdrawal as % of total renewable water resources,Iran (Islamic Republic of),2018,62.753110292,%,I,False
Water use,Pressure on water resources,Agricultural water withdrawal as % of total renewable water resources,Iran (Islamic Republic of),2019,62.753110292,%,I,False
Water use,Pressure on water resources,Agricultural water withdrawal as % of total renewable water resources,Iran (Islamic Republic of),2020,62.753110292,%,I,False
Water use,Pressure on water resources,Agricultural water withdrawal as % of total renewable water resources,Iran (Islamic Republic of),2021,62.753110292,%,I,False
Water use,Pressure on water resources,Agricultural water withdrawal as % of total renewable water resources,Iraq,2018,34.175383931,%,E,False
Water use,Pressure on water resources,Agricultural water withdrawal as % of total renewable water resources,Iraq,2019,49.221010461,%,E,False
Water use,Pressure on water resources,Agricultural water withdrawal as % of total renewable water resources,Iraq,2020,36.375472958,%,E,False
Water use,Pressure on water resources,Agricultural water withdrawal as % of total renewable water resources,Iraq,2021,34.6861785,%,E,False
Water use,Pressure on water resources,Agricultural water withdrawal as % of total renewable water resources,Ireland,2018,0.066153846,%,E,False
Water use,Pressure on water resources,Agricultural water withdrawal as % of total renewable water resources,Ireland,2019,0.067884615,%,E,False
Water use,Pressure on water resources,Agricultural water withdrawal as % of total renewable water resources,Ireland,2020,0.072884615,%,E,False
Water use,Pressure on water resources,Agricultural water withdrawal as % of total renewable water resources,Ireland,2021,0.076923077,%,E,False
Water use,Pressure on water resources,Agricultural water withdrawal as % of total renewable water resources,Israel,2018,65.898876405,%,E,False
Water use,Pressure on water resources,Agricultural water withdrawal as % of total renewable water resources,Israel,2019,66.91011236,%,E,False
Water use,Pressure on water resources,Agricultural water withdrawal as % of total renewable water resources,Israel,2020,67.134831461,%,E,False
Water use,Pressure on water resources,Agricultural water withdrawal as % of total renewable water resources,Israel,2021,71.235955056,%,E,False
Water use,Pressure on water resources,Agricultural water withdrawal as % of total renewable water resources,Italy,2018,8.886565604,%,I,False
Water use,Pressure on water resources,Agricultural water withdrawal as % of total renewable water resources,Italy,2019,8.886565604,%,I,False
Water use,Pressure on water resources,Agricultural water withdrawal as % of total renewable water resources,Italy,2020,8.886565604,%,I,False
Water use,Pressure on water resources,Agricultural water withdrawal as % of total renewable water resources,Italy,2021,8.886565604,%,I,False
Water use,Pressure on water resources,Agricultural water withdrawal as % of total renewable water resources,Jamaica,2018,1.047086981,%,E,False
Water use,Pressure on water resources,Agricultural water withdrawal as % of total renewable water resources,Jamaica,2019,1.043974276,%,E,False
Water use,Pressure on water resources,Agricultural water withdrawal as % of total renewable water resources,Jamaica,2020,1.040861571,%,E,False
Water use,Pressure on water resources,Agricultural water withdrawal as % of total renewable water resources,Jamaica,2021,0.729665023,%,E,False
Water use,Pressure on water resources,Agricultural water withdrawal as % of total renewable water resources,Japan,2018,12.441860465,%,E,False
Water use,Pressure on water resources,Agricultural water withdrawal as % of total renewable water resources,Japan,2019,12.395348837,%,E,False
Water use,Pressure on water resources,Agricultural water withdrawal as % of total renewable water resources,Japan,2020,12.372093023,%,E,False
Water use,Pressure on water resources,Agricultural water withdrawal as % of total renewable water resources,Japan,2021,12.372093023,%,E,False
Water use,Pressure on water resources,Agricultural water withdrawal as % of total renewable water resources,Jordan,2018,60.021344717,%,E,False
Water use,Pressure on water resources,Agricultural water withdrawal as % of total renewable water resources,Jordan,2019,60.897545358,%,E,False
Water use,Pressure on water resources,Agricultural water withdrawal as % of total renewable water resources,Jordan,2020,60.897545358,%,E,False
Water use,Pressure on water resources,Agricultural water withdrawal as % of total renewable water resources,Jordan,2021,60.897545358,%,E,False
Water use,Pressure on water resources,Agricultural water withdrawal as % of total renewable water resources,Kazakhstan,2018,13.806844387,%,E,False
Water use,Pressure on water resources,Agricultural water withdrawal as % of total renewable water resources,Kazakhstan,2019,14.565077022,%,E,False
Water use,Pressure on water resources,Agricultural water withdrawal as % of total renewable water resources,Kazakhstan,2020,14.205331612,%,E,False
Water use,Pressure on water resources,Agricultural water withdrawal as % of total renewable water resources,Kazakhstan,2021,14.205331612,%,E,False
Water use,Pressure on water resources,Agricultural water withdrawal as % of total renewable water resources,Kenya,2018,10.534201954,%,I,False
Water use,Pressure on water resources,Agricultural water withdrawal as % of total renewable water resources,Kenya,2019,10.534201954,%,I,False
Water use,Pressure on water resources,Agricultural water withdrawal as % of total renewable water resources,Kenya,2020,10.534201954,%,I,False
Water use,Pressure on water resources,Agricultural water withdrawal as % of total renewable water resources,Kenya,2021,10.534201954,%,I,False
Water use,Pressure on water resources,Agricultural water withdrawal as % of total renewable water resources,Kuwait,2018,3892,%,I,False
Water use,Pressure on water resources,Agricultural water withdrawal as % of total renewable water resources,Kuwait,2019,3892,%,I,False
Water use,Pressure on water resources,Agricultural water withdrawal as % of total renewable water resources,Kuwait,2020,3892,%,I,False
Water use,Pressure on water resources,Agricultural water withdrawal as % of total renewable water resources,Kuwait,2021,3892,%,I,False
Water use,Pressure on water resources,Agricultural water withdrawal as % of total renewable water resources,Kyrgyzstan,2018,30.061817258,%,I,False
Water use,Pressure on water resources,Agricultural water withdrawal as % of total renewable water resources,Kyrgyzstan,2019,30.061817258,%,I,False
Water use,Pressure on water resources,Agricultural water withdrawal as % of total renewable water resources,Kyrgyzstan,2020,30.061817258,%,I,False
Water use,Pressure on water resources,Agricultural water withdrawal as % of total renewable water resources,Kyrgyzstan,2021,30.061817258,%,I,False
Water use,Pressure on water resources,Agricultural water withdrawal as % of total renewable water resources,Lao People's Democratic Republic,2018,2.104947526,%,E,False
Water use,Pressure on water resources,Agricultural water withdrawal as % of total renewable water resources,Lao People's Democratic Republic,2019,2.113943029,%,E,False
Water use,Pressure on water resources,Agricultural water withdrawal as % of total renewable water resources,Lao People's Democratic Republic,2020,2.113943029,%,E,False
Water use,Pressure on water resources,Agricultural water withdrawal as % of total renewable water resources,Lao People's Democratic Republic,2021,2.113943029,%,E,False
Water use,Pressure on water resources,Agricultural water withdrawal as % of total renewable water resources,Latvia,2018,0.157052089,%,E,False
Water use,Pressure on water resources,Agricultural water withdrawal as % of total renewable water resources,Latvia,2019,0.152077848,%,E,False
Water use,Pressure on water resources,Agricultural water withdrawal as % of total renewable water resources,Latvia,2020,0.158345736,%,E,False
Water use,Pressure on water resources,Agricultural water withdrawal as % of total renewable water resources,Latvia,2021,0.158345736,%,E,False
Water use,Pressure on water resources,Agricultural water withdrawal as % of total renewable water resources,Lebanon,2018,15.545192094,%,I,False
Water use,Pressure on water resources,Agricultural water withdrawal as % of total renewable water resources,Lebanon,2019,15.545192094,%,I,False
Water use,Pressure on water resources,Agricultural water withdrawal as % of total renewable water resources,Lebanon,2020,15.545192094,%,I,False
Water use,Pressure on water resources,Agricultural water withdrawal as % of total renewable water resources,Lebanon,2021,15.545192094,%,I,False
Water use,Pressure on water resources,Agricultural water withdrawal as % of total renewable water resources,Lesotho,2018,0.12574454,%,I,False
Water use,Pressure on water resources,Agricultural water withdrawal as % of total renewable water resources,Lesotho,2019,0.12574454,%,I,False
Water use,Pressure on water resources,Agricultural water withdrawal as % of total renewable water resources,Lesotho,2020,0.12574454,%,I,False
Water use,Pressure on water resources,Agricultural water withdrawal as % of total renewable water resources,Lesotho,2021,0.12574454,%,I,False
Water use,Pressure on water resources,Agricultural water withdrawal as % of total renewable water resources,Liberia,2018,0.005301724,%,I,False
Water use,Pressure on water resources,Agricultural water withdrawal as % of total renewable water resources,Liberia,2019,0.005301724,%,I,False
Water use,Pressure on water resources,Agricultural water withdrawal as % of total renewable water resources,Liberia,2020,0.005301724,%,I,False
Water use,Pressure on water resources,Agricultural water withdrawal as % of total renewable water resources,Liberia,2021,0.005301724,%,I,False
Water use,Pressure on water resources,Agricultural water withdrawal as % of total renewable water resources,Libya,2018,692.857142857,%,I,False
Water use,Pressure on water resources,Agricultural water withdrawal as % of total renewable water resources,Libya,2019,692.857142857,%,I,False
Water use,Pressure on water resources,Agricultural water withdrawal as % of total renewable water resources,Libya,2020,692.857142857,%,I,False
Water use,Pressure on water resources,Agricultural water withdrawal as % of total renewable water resources,Libya,2021,692.857142857,%,I,False
Water use,Pressure on water resources,Agricultural water withdrawal as % of total renewable water resources,Lithuania,2018,0.23322449,%,E,False
Water use,Pressure on water resources,Agricultural water withdrawal as % of total renewable water resources,Lithuania,2019,0.23322449,%,I,False
Water use,Pressure on water resources,Agricultural water withdrawal as % of total renewable water resources,Lithuania,2020,0.23322449,%,I,False
Water use,Pressure on water resources,Agricultural water withdrawal as % of total renewable water resources,Lithuania,2021,0.23322449,%,I,False
Water use,Pressure on water resources,Agricultural water withdrawal as % of total renewable water resources,Luxembourg,2018,0.014285714,%,E,False
Water use,Pressure on water resources,Agricultural water withdrawal as % of total renewable water resources,Luxembourg,2019,0.017142857,%,E,False
Water use,Pressure on water resources,Agricultural water withdrawal as % of total renewable water resources,Luxembourg,2020,0,%,E,False
Water use,Pressure on water resources,Agricultural water withdrawal as % of total renewable water resources,Luxembourg,2021,0,%,E,False
Water use,Pressure on water resources,Agricultural water withdrawal as % of total renewable water resources,Madagascar,2018,3.857566766,%,I,False
Water use,Pressure on water resources,Agricultural water withdrawal as % of total renewable water resources,Madagascar,2019,3.857566766,%,I,False
Water use,Pressure on water resources,Agricultural water withdrawal as % of total renewable water resources,Madagascar,2020,3.857566766,%,I,False
Water use,Pressure on water resources,Agricultural water withdrawal as % of total renewable water resources,Madagascar,2021,3.857566766,%,I,False
Water use,Pressure on water resources,Agricultural water withdrawal as % of total renewable water resources,Malawi,2018,6.747685185,%,I,False
Water use,Pressure on water resources,Agricultural water withdrawal as % of total renewable water resources,Malawi,2019,6.747685185,%,I,False
Water use,Pressure on water resources,Agricultural water withdrawal as % of total renewable water resources,Malawi,2020,6.747685185,%,I,False
Water use,Pressure on water resources,Agricultural water withdrawal as % of total renewable water resources,Malawi,2021,6.747685185,%,I,False
Water use,Pressure on water resources,Agricultural water withdrawal as % of total renewable water resources,Malaysia,2018,0.431896552,%,I,False
Water use,Pressure on water resources,Agricultural water withdrawal as % of total renewable water resources,Malaysia,2019,0.431896552,%,I,False
Water use,Pressure on water resources,Agricultural water withdrawal as % of total renewable water resources,Malaysia,2020,0.431896552,%,I,False
Water use,Pressure on water resources,Agricultural water withdrawal as % of total renewable water resources,Malaysia,2021,0.431896552,%,I,False
Water use,Pressure on water resources,Agricultural water withdrawal as % of total renewable water resources,Maldives,2018,0.268458485,%,E,False
Water use,Pressure on water resources,Agricultural water withdrawal as % of total renewable water resources,Maldives,2019,0.295304333,%,E,False
Water use,Pressure on water resources,Agricultural water withdrawal as % of total renewable water resources,Maldives,2020,0.594642667,%,E,False
Water use,Pressure on water resources,Agricultural water withdrawal as % of total renewable water resources,Maldives,2021,0.893981,%,E,False
Water use,Pressure on water resources,Agricultural water withdrawal as % of total renewable water resources,Mali,2018,4.229166667,%,I,False
Water use,Pressure on water resources,Agricultural water withdrawal as % of total renewable water resources,Mali,2019,4.229166667,%,I,False
Water use,Pressure on water resources,Agricultural water withdrawal as % of total renewable water resources,Mali,2020,4.229166667,%,I,False
Water use,Pressure on water resources,Agricultural water withdrawal as % of total renewable water resources,Mali,2021,4.229166667,%,I,False
Water use,Pressure on water resources,Agricultural water withdrawal as % of total renewable water resources,Malta,2018,50.15799901,%,E,False
Water use,Pressure on water resources,Agricultural water withdrawal as % of total renewable water resources,Malta,2019,45.445961584,%,E,False
Water use,Pressure on water resources,Agricultural water withdrawal as % of total renewable water resources,Malta,2020,47.450054653,%,E,False
Water use,Pressure on water resources,Agricultural water withdrawal as % of total renewable water resources,Malta,2021,44.632638218,%,E,False
Water use,Pressure on water resources,Agricultural water withdrawal as % of total renewable water resources,Mauritania,2018,10.728070175,%,I,False
Water use,Pressure on water resources,Agricultural water withdrawal as % of total renewable water resources,Mauritania,2019,10.728070175,%,I,False
Water use,Pressure on water resources,Agricultural water withdrawal as % of total renewable water resources,Mauritania,2020,10.728070175,%,I,False
Water use,Pressure on water resources,Agricultural water withdrawal as % of total renewable water resources,Mauritania,2021,10.728070175,%,I,False
Water use,Pressure on water resources,Agricultural water withdrawal as % of total renewable water resources,Mauritius,2018,11.050527081,%,E,False
Water use,Pressure on water resources,Agricultural water withdrawal as % of total renewable water resources,Mauritius,2019,10.941475827,%,E,False
Water use,Pressure on water resources,Agricultural water withdrawal as % of total renewable water resources,Mauritius,2020,11.086877499,%,E,False
Water use,Pressure on water resources,Agricultural water withdrawal as % of total renewable water resources,Mauritius,2021,10.941475827,%,E,False
Water use,Pressure on water resources,Agricultural water withdrawal as % of total renewable water resources,Mexico,2018,14.562837744,%,E,False
Water use,Pressure on water resources,Agricultural water withdrawal as % of total renewable water resources,Mexico,2019,14.645541776,%,E,False
Water use,Pressure on water resources,Agricultural water withdrawal as % of total renewable water resources,Mexico,2020,14.683862755,%,E,False
Water use,Pressure on water resources,Agricultural water withdrawal as % of total renewable water resources,Mexico,2021,14.737122419,%,E,False
Water use,Pressure on water resources,Agricultural water withdrawal as % of total renewable water resources,Mongolia,2018,0.720977012,%,I,False
Water use,Pressure on water resources,Agricultural water withdrawal as % of total renewable water resources,Mongolia,2019,0.720977012,%,I,False
Water use,Pressure on water resources,Agricultural water withdrawal as % of total renewable water resources,Mongolia,2020,0.720977012,%,I,False
Water use,Pressure on water resources,Agricultural water withdrawal as % of total renewable water resources,Mongolia,2021,0.720977012,%,I,False
Water use,Pressure on water resources,Agricultural water withdrawal as % of total renewable water resources,Morocco,2018,31.572413793,%,I,False
Water use,Pressure on water resources,Agricultural water withdrawal as % of total renewable water resources,Morocco,2019,31.572413793,%,I,False
Water use,Pressure on water resources,Agricultural water withdrawal as % of total renewable water resources,Morocco,2020,31.572413793,%,I,False
Water use,Pressure on water resources,Agricultural water withdrawal as % of total renewable water resources,Morocco,2021,31.572413793,%,I,False
Water use,Pressure on water resources,Agricultural water withdrawal as % of total renewable water resources,Mozambique,2018,0.495624136,%,I,False
Water use,Pressure on water resources,Agricultural water withdrawal as % of total renewable water resources,Mozambique,2019,0.495624136,%,I,False
Water use,Pressure on water resources,Agricultural water withdrawal as % of total renewable water resources,Mozambique,2020,0.495624136,%,I,False
Water use,Pressure on water resources,Agricultural water withdrawal as % of total renewable water resources,Mozambique,2021,0.495624136,%,I,False
Water use,Pressure on water resources,Agricultural water withdrawal as % of total renewable water resources,Myanmar,2018,2.532111663,%,I,False
Water use,Pressure on water resources,Agricultural water withdrawal as % of total renewable water resources,Myanmar,2019,2.532111663,%,I,False
Water use,Pressure on water resources,Agricultural water withdrawal as % of total renewable water resources,Myanmar,2020,2.532111663,%,I,False
Water use,Pressure on water resources,Agricultural water withdrawal as % of total renewable water resources,Myanmar,2021,2.532111663,%,I,False
Water use,Pressure on water resources,Agricultural water withdrawal as % of total renewable water resources,Namibia,2018,0.503633175,%,I,False
Water use,Pressure on water resources,Agricultural water withdrawal as % of total renewable water resources,Namibia,2019,0.503633175,%,I,False
Water use,Pressure on water resources,Agricultural water withdrawal as % of total renewable water resources,Namibia,2020,0.503633175,%,I,False
Water use,Pressure on water resources,Agricultural water withdrawal as % of total renewable water resources,Namibia,2021,0.503633175,%,I,False
Water use,Pressure on water resources,Agricultural water withdrawal as % of total renewable water resources,Nepal,2018,4.433872502,%,I,False
Water use,Pressure on water resources,Agricultural water withdrawal as % of total renewable water resources,Nepal,2019,4.433872502,%,I,False
Water use,Pressure on water resources,Agricultural water withdrawal as % of total renewable water resources,Nepal,2020,4.433872502,%,I,False
Water use,Pressure on water resources,Agricultural water withdrawal as % of total renewable water resources,Nepal,2021,4.433872502,%,I,False
Water use,Pressure on water resources,Agricultural water withdrawal as % of total renewable water resources,Netherlands (Kingdom of the),2018,0.331978022,%,E,False
Water use,Pressure on water resources,Agricultural water withdrawal as % of total renewable water resources,Netherlands (Kingdom of the),2019,0.278461538,%,E,False
Water use,Pressure on water resources,Agricultural water withdrawal as % of total renewable water resources,Netherlands (Kingdom of the),2020,0.337582418,%,E,False
Water use,Pressure on water resources,Agricultural water withdrawal as % of total renewable water resources,Netherlands (Kingdom of the),2021,0.092087912,%,E,False
Water use,Pressure on water resources,Agricultural water withdrawal as % of total renewable water resources,New Zealand,2018,0.980733945,%,I,False
Water use,Pressure on water resources,Agricultural water withdrawal as % of total renewable water resources,New Zealand,2019,0.980733945,%,I,False
Water use,Pressure on water resources,Agricultural water withdrawal as % of total renewable water resources,New Zealand,2020,0.980733945,%,I,False
Water use,Pressure on water resources,Agricultural water withdrawal as % of total renewable water resources,New Zealand,2021,0.980733945,%,I,False
Water use,Pressure on water resources,Agricultural water withdrawal as % of total renewable water resources,Nicaragua,2018,0.666560297,%,E,False
Water use,Pressure on water resources,Agricultural water withdrawal as % of total renewable water resources,Nicaragua,2019,0.658886458,%,E,False
Water use,Pressure on water resources,Agricultural water withdrawal as % of total renewable water resources,Nicaragua,2020,0.658886458,%,E,False
Water use,Pressure on water resources,Agricultural water withdrawal as % of total renewable water resources,Nicaragua,2021,0.658886458,%,E,False
Water use,Pressure on water resources,Agricultural water withdrawal as % of total renewable water resources,Niger,2018,6.488713656,%,E,False
Water use,Pressure on water resources,Agricultural water withdrawal as % of total renewable water resources,Niger,2019,6.90574743,%,E,False
Water use,Pressure on water resources,Agricultural water withdrawal as % of total renewable water resources,Niger,2020,6.90574743,%,E,False
Water use,Pressure on water resources,Agricultural water withdrawal as % of total renewable water resources,Niger,2021,6.90574743,%,E,False
Water use,Pressure on water resources,Agricultural water withdrawal as % of total renewable water resources,Nigeria,2018,1.925227114,%,I,False
Water use,Pressure on water resources,Agricultural water withdrawal as % of total renewable water resources,Nigeria,2019,1.925227114,%,I,False
Water use,Pressure on water resources,Agricultural water withdrawal as % of total renewable water resources,Nigeria,2020,1.925227114,%,I,False
Water use,Pressure on water resources,Agricultural water withdrawal as % of total renewable water resources,Nigeria,2021,1.925227114,%,I,False
Water use,Pressure on water resources,Agricultural water withdrawal as % of total renewable water resources,North Macedonia,2018,4.928584559,%,E,False
Water use,Pressure on water resources,Agricultural water withdrawal as % of total renewable water resources,North Macedonia,2019,5.847487745,%,E,False
Water use,Pressure on water resources,Agricultural water withdrawal as % of total renewable water resources,North Macedonia,2020,6.766390931,%,E,False
Water use,Pressure on water resources,Agricultural water withdrawal as % of total renewable water resources,North Macedonia,2021,7.685294118,%,E,False
Water use,Pressure on water resources,Agricultural water withdrawal as % of total renewable water resources,Norway,2018,0.214987277,%,I,False
Water use,Pressure on water resources,Agricultural water withdrawal as % of total renewable water resources,Norway,2019,0.214987277,%,I,False
Water use,Pressure on water resources,Agricultural water withdrawal as % of total renewable water resources,Norway,2020,0.214987277,%,I,False
Water use,Pressure on water resources,Agricultural water withdrawal as % of total renewable water resources,Norway,2021,0.214987277,%,I,False
Water use,Pressure on water resources,Agricultural water withdrawal as % of total renewable water resources,Oman,2018,110.5,%,E,False
Water use,Pressure on water resources,Agricultural water withdrawal as % of total renewable water resources,Oman,2019,110.5,%,I,False
Water use,Pressure on water resources,Agricultural water withdrawal as % of total renewable water resources,Oman,2020,110.5,%,I,False
Water use,Pressure on water resources,Agricultural water withdrawal as % of total renewable water resources,Oman,2021,110.5,%,I,False
Water use,Pressure on water resources,Agricultural water withdrawal as % of total renewable water resources,Pakistan,2018,69.854132901,%,I,False
Water use,Pressure on water resources,Agricultural water withdrawal as % of total renewable water resources,Pakistan,2019,69.854132901,%,I,False
Water use,Pressure on water resources,Agricultural water withdrawal as % of total renewable water resources,Pakistan,2020,69.854132901,%,I,False
Water use,Pressure on water resources,Agricultural water withdrawal as % of total renewable water resources,Pakistan,2021,69.854132901,%,I,False
Water use,Pressure on water resources,Agricultural water withdrawal as % of total renewable water resources,Palestine,2018,20.967741936,%,E,False
Water use,Pressure on water resources,Agricultural water withdrawal as % of total renewable water resources,Palestine,2019,22.771804062,%,E,False
Water use,Pressure on water resources,Agricultural water withdrawal as % of total renewable water resources,Palestine,2020,25.78255675,%,E,False
Water use,Pressure on water resources,Agricultural water withdrawal as % of total renewable water resources,Palestine,2021,25.78255675,%,E,False
Water use,Pressure on water resources,Agricultural water withdrawal as % of total renewable water resources,Panama,2018,0.320234882,%,E,False
Water use,Pressure on water resources,Agricultural water withdrawal as % of total renewable water resources,Panama,2019,0.320234882,%,E,False
Water use,Pressure on water resources,Agricultural water withdrawal as % of total renewable water resources,Panama,2020,0.320234882,%,E,False
Water use,Pressure on water resources,Agricultural water withdrawal as % of total renewable water resources,Panama,2021,0.320234882,%,E,False
Water use,Pressure on water resources,Agricultural water withdrawal as % of total renewable water resources,Papua New Guinea,2018,0.000124844,%,I,False
Water use,Pressure on water resources,Agricultural water withdrawal as % of total renewable water resources,Papua New Guinea,2019,0.000124844,%,I,False
Water use,Pressure on water resources,Agricultural water withdrawal as % of total renewable water resources,Papua New Guinea,2020,0.000124844,%,I,False
Water use,Pressure on water resources,Agricultural water withdrawal as % of total renewable water resources,Papua New Guinea,2021,0.000124844,%,I,False
Water use,Pressure on water resources,Agricultural water withdrawal as % of total renewable water resources,Paraguay,2018,0.48920752,%,I,False
Water use,Pressure on water resources,Agricultural water withdrawal as % of total renewable water resources,Paraguay,2019,0.48920752,%,I,False
Water use,Pressure on water resources,Agricultural water withdrawal as % of total renewable water resources,Paraguay,2020,0.48920752,%,I,False
Water use,Pressure on water resources,Agricultural water withdrawal as % of total renewable water resources,Paraguay,2021,0.48920752,%,I,False
Water use,Pressure on water resources,Agricultural water withdrawal as % of total renewable water resources,Peru,2018,1.702893925,%,E,False
Water use,Pressure on water resources,Agricultural water withdrawal as % of total renewable water resources,Peru,2019,1.744866475,%,E,False
Water use,Pressure on water resources,Agricultural water withdrawal as % of total renewable water resources,Peru,2020,1.744866475,%,E,False
Water use,Pressure on water resources,Agricultural water withdrawal as % of total renewable water resources,Peru,2021,1.744866475,%,E,False
Water use,Pressure on water resources,Agricultural water withdrawal as % of total renewable water resources,Philippines,2018,14.189634935,%,E,False
Water use,Pressure on water resources,Agricultural water withdrawal as % of total renewable water resources,Philippines,2019,14.156414372,%,E,False
Water use,Pressure on water resources,Agricultural water withdrawal as % of total renewable water resources,Philippines,2020,14.165154499,%,E,False
Water use,Pressure on water resources,Agricultural water withdrawal as % of total renewable water resources,Philippines,2021,14.164581566,%,E,False
Water use,Pressure on water resources,Agricultural water withdrawal as % of total renewable water resources,Poland,2018,2.295867769,%,E,False
Water use,Pressure on water resources,Agricultural water withdrawal as % of total renewable water resources,Poland,2019,2.295867769,%,I,False
Water use,Pressure on water resources,Agricultural water withdrawal as % of total renewable water resources,Poland,2020,2.295867769,%,I,False
Water use,Pressure on water resources,Agricultural water withdrawal as % of total renewable water resources,Poland,2021,2.295867769,%,I,False
Water use,Pressure on water resources,Agricultural water withdrawal as % of total renewable water resources,Portugal,2018,4.417932816,%,E,False
Water use,Pressure on water resources,Agricultural water withdrawal as % of total renewable water resources,Portugal,2019,4.417932816,%,I,False
Water use,Pressure on water resources,Agricultural water withdrawal as % of total renewable water resources,Portugal,2020,4.417932816,%,I,False
Water use,Pressure on water resources,Agricultural water withdrawal as % of total renewable water resources,Portugal,2021,4.417932816,%,I,False
Water use,Pressure on water resources,Agricultural water withdrawal as % of total renewable water resources,Puerto Rico,2018,1.598591549,%,I,False
Water use,Pressure on water resources,Agricultural water withdrawal as % of total renewable water resources,Puerto Rico,2019,1.598591549,%,I,False
Water use,Pressure on water resources,Agricultural water withdrawal as % of total renewable water resources,Puerto Rico,2020,1.598591549,%,I,False
Water use,Pressure on water resources,Agricultural water withdrawal as % of total renewable water resources,Puerto Rico,2021,1.598591549,%,I,False
Water use,Pressure on water resources,Agricultural water withdrawal as % of total renewable water resources,Qatar,2018,534.429310345,%,E,False
Water use,Pressure on water resources,Agricultural water withdrawal as % of total renewable water resources,Qatar,2019,545.268965517,%,E,False
Water use,Pressure on water resources,Agricultural water withdrawal as % of total renewable water resources,Qatar,2020,555.097758621,%,E,False
Water use,Pressure on water resources,Agricultural water withdrawal as % of total renewable water resources,Qatar,2021,536.475862069,%,E,False
Water use,Pressure on water resources,Agricultural water withdrawal as % of total renewable water resources,Republic of Korea,2018,22.898134864,%,I,False
Water use,Pressure on water resources,Agricultural water withdrawal as % of total renewable water resources,Republic of Korea,2019,22.898134864,%,I,False
Water use,Pressure on water resources,Agricultural water withdrawal as % of total renewable water resources,Republic of Korea,2020,22.898134864,%,I,False
Water use,Pressure on water resources,Agricultural water withdrawal as % of total renewable water resources,Republic of Korea,2021,22.898134864,%,I,False
Water use,Pressure on water resources,Agricultural water withdrawal as % of total renewable water resources,Republic of Moldova,2018,0.350448248,%,E,False
Water use,Pressure on water resources,Agricultural water withdrawal as % of total renewable water resources,Republic of Moldova,2019,0.358598207,%,E,False
Water use,Pressure on water resources,Agricultural water withdrawal as % of total renewable water resources,Republic of Moldova,2020,0.448247759,%,E,False
Water use,Pressure on water resources,Agricultural water withdrawal as % of total renewable water resources,Republic of Moldova,2021,0.448247759,%,E,False
Water use,Pressure on water resources,Agricultural water withdrawal as % of total renewable water resources,Romania,2018,0.673081458,%,E,False
Water use,Pressure on water resources,Agricultural water withdrawal as % of total renewable water resources,Romania,2019,0.760341493,%,E,False
Water use,Pressure on water resources,Agricultural water withdrawal as % of total renewable water resources,Romania,2020,1.075420971,%,E,False
Water use,Pressure on water resources,Agricultural water withdrawal as % of total renewable water resources,Romania,2021,1.169756144,%,E,False
Water use,Pressure on water resources,Agricultural water withdrawal as % of total renewable water resources,Russian Federation,2018,0.411893195,%,E,False
Water use,Pressure on water resources,Agricultural water withdrawal as % of total renewable water resources,Russian Federation,2019,0.411893195,%,I,False
Water use,Pressure on water resources,Agricultural water withdrawal as % of total renewable water resources,Russian Federation,2020,0.411893195,%,I,False
Water use,Pressure on water resources,Agricultural water withdrawal as % of total renewable water resources,Russian Federation,2021,0.411893195,%,I,False
Water use,Pressure on water resources,Agricultural water withdrawal as % of total renewable water resources,Rwanda,2018,2.604669569,%,E,False
Water use,Pressure on water resources,Agricultural water withdrawal as % of total renewable water resources,Rwanda,2019,2.706766917,%,E,False
Water use,Pressure on water resources,Agricultural water withdrawal as % of total renewable water resources,Rwanda,2020,2.710526316,%,E,False
Water use,Pressure on water resources,Agricultural water withdrawal as % of total renewable water resources,Rwanda,2021,2.714285714,%,E,False
Water use,Pressure on water resources,Agricultural water withdrawal as % of total renewable water resources,Saint Kitts and Nevis,2018,0.833333333,%,I,False
Water use,Pressure on water resources,Agricultural water withdrawal as % of total renewable water resources,Saint Kitts and Nevis,2019,0.833333333,%,I,False
Water use,Pressure on water resources,Agricultural water withdrawal as % of total renewable water resources,Saint Kitts and Nevis,2020,0.833333333,%,I,False
Water use,Pressure on water resources,Agricultural water withdrawal as % of total renewable water resources,Saint Kitts and Nevis,2021,0.833333333,%,I,False
Water use,Pressure on water resources,Agricultural water withdrawal as % of total renewable water resources,Saint Lucia,2018,10.133333333,%,I,False
Water use,Pressure on water resources,Agricultural water withdrawal as % of total renewable water resources,Saint Lucia,2019,10.133333333,%,I,False
Water use,Pressure on water resources,Agricultural water withdrawal as % of total renewable water resources,Saint Lucia,2020,10.133333333,%,I,False
Water use,Pressure on water resources,Agricultural water withdrawal as % of total renewable water resources,Saint Lucia,2021,10.133333333,%,I,False
Water use,Pressure on water resources,Agricultural water withdrawal as % of total renewable water resources,Saint Vincent and the Grenadines,2018,0,%,I,False
Water use,Pressure on water resources,Agricultural water withdrawal as % of total renewable water resources,Saint Vincent and the Grenadines,2019,0,%,I,False
Water use,Pressure on water resources,Agricultural water withdrawal as % of total renewable water resources,Saint Vincent and the Grenadines,2020,0,%,I,False
Water use,Pressure on water resources,Agricultural water withdrawal as % of total renewable water resources,Saint Vincent and the Grenadines,2021,0,%,I,False
Water use,Pressure on water resources,Agricultural water withdrawal as % of total renewable water resources,Sao Tome and Principe,2018,1.174311927,%,I,False
Water use,Pressure on water resources,Agricultural water withdrawal as % of total renewable water resources,Sao Tome and Principe,2019,1.174311927,%,I,False
Water use,Pressure on water resources,Agricultural water withdrawal as % of total renewable water resources,Sao Tome and Principe,2020,1.174311927,%,I,False
Water use,Pressure on water resources,Agricultural water withdrawal as % of total renewable water resources,Sao Tome and Principe,2021,1.174311927,%,I,False
Water use,Pressure on water resources,Agricultural water withdrawal as % of total renewable water resources,Saudi Arabia,2018,883.333333333,%,E,False
Water use,Pressure on water resources,Agricultural water withdrawal as % of total renewable water resources,Saudi Arabia,2019,883.333333333,%,I,False
Water use,Pressure on water resources,Agricultural water withdrawal as % of total renewable water resources,Saudi Arabia,2020,883.333333333,%,I,False
Water use,Pressure on water resources,Agricultural water withdrawal as % of total renewable water resources,Saudi Arabia,2021,883.333333333,%,I,False
Water use,Pressure on water resources,Agricultural water withdrawal as % of total renewable water resources,Senegal,2018,7.078989479,%,E,False
Water use,Pressure on water resources,Agricultural water withdrawal as % of total renewable water resources,Senegal,2019,7.078989479,%,I,False
Water use,Pressure on water resources,Agricultural water withdrawal as % of total renewable water resources,Senegal,2020,7.078989479,%,I,False
Water use,Pressure on water resources,Agricultural water withdrawal as % of total renewable water resources,Senegal,2021,7.078989479,%,I,False
Water use,Pressure on water resources,Agricultural water withdrawal as % of total renewable water resources,Serbia,2018,0.439149199,%,E,False
Water use,Pressure on water resources,Agricultural water withdrawal as % of total renewable water resources,Serbia,2019,0.437176326,%,E,False
Water use,Pressure on water resources,Agricultural water withdrawal as % of total renewable water resources,Serbia,2020,0.407336621,%,E,False
Water use,Pressure on water resources,Agricultural water withdrawal as % of total renewable water resources,Serbia,2021,0.39025894,%,E,False
Water use,Pressure on water resources,Agricultural water withdrawal as % of total renewable water resources,Sierra Leone,2018,0.0285625,%,I,False
Water use,Pressure on water resources,Agricultural water withdrawal as % of total renewable water resources,Sierra Leone,2019,0.0285625,%,I,False
Water use,Pressure on water resources,Agricultural water withdrawal as % of total renewable water resources,Sierra Leone,2020,0.0285625,%,I,False
Water use,Pressure on water resources,Agricultural water withdrawal as % of total renewable water resources,Sierra Leone,2021,0.0285625,%,I,False
Water use,Pressure on water resources,Agricultural water withdrawal as % of total renewable water resources,Singapore,2018,4.377333333,%,E,False
Water use,Pressure on water resources,Agricultural water withdrawal as % of total renewable water resources,Singapore,2019,4.424,%,E,False
Water use,Pressure on water resources,Agricultural water withdrawal as % of total renewable water resources,Singapore,2020,4.4,%,E,False
Water use,Pressure on water resources,Agricultural water withdrawal as % of total renewable water resources,Singapore,2021,4.4,%,E,False
Water use,Pressure on water resources,Agricultural water withdrawal as % of total renewable water resources,Slovakia,2018,0.051097804,%,E,False
Water use,Pressure on water resources,Agricultural water withdrawal as % of total renewable water resources,Slovakia,2019,0.058283433,%,E,False
Water use,Pressure on water resources,Agricultural water withdrawal as % of total renewable water resources,Slovakia,2020,0.058882235,%,E,False
Water use,Pressure on water resources,Agricultural water withdrawal as % of total renewable water resources,Slovakia,2021,0.060738723,%,E,False
Water use,Pressure on water resources,Agricultural water withdrawal as % of total renewable water resources,Slovenia,2018,0.009413241,%,E,False
Water use,Pressure on water resources,Agricultural water withdrawal as % of total renewable water resources,Slovenia,2019,0.009413241,%,I,False
Water use,Pressure on water resources,Agricultural water withdrawal as % of total renewable water resources,Slovenia,2020,0.009413241,%,I,False
Water use,Pressure on water resources,Agricultural water withdrawal as % of total renewable water resources,Slovenia,2021,0.009413241,%,I,False
Water use,Pressure on water resources,Agricultural water withdrawal as % of total renewable water resources,Somalia,2018,22.319727891,%,I,False
Water use,Pressure on water resources,Agricultural water withdrawal as % of total renewable water resources,Somalia,2019,22.319727891,%,I,False
Water use,Pressure on water resources,Agricultural water withdrawal as % of total renewable water resources,Somalia,2020,22.319727891,%,I,False
Water use,Pressure on water resources,Agricultural water withdrawal as % of total renewable water resources,Somalia,2021,22.319727891,%,I,False
Water use,Pressure on water resources,Agricultural water withdrawal as % of total renewable water resources,South Africa,2018,22.356377799,%,E,False
Water use,Pressure on water resources,Agricultural water withdrawal as % of total renewable water resources,South Africa,2019,22.395326193,%,E,False
Water use,Pressure on water resources,Agricultural water withdrawal as % of total renewable water resources,South Africa,2020,23.347614411,%,E,False
Water use,Pressure on water resources,Agricultural water withdrawal as % of total renewable water resources,South Africa,2021,23.41187926,%,E,False
Water use,Pressure on water resources,Agricultural water withdrawal as % of total renewable water resources,South Sudan,2018,0.484848485,%,E,False
Water use,Pressure on water resources,Agricultural water withdrawal as % of total renewable water resources,South Sudan,2019,0.484848485,%,E,False
Water use,Pressure on water resources,Agricultural water withdrawal as % of total renewable water resources,South Sudan,2020,0.484848485,%,E,False
Water use,Pressure on water resources,Agricultural water withdrawal as % of total renewable water resources,South Sudan,2021,0.484848485,%,E,False
Water use,Pressure on water resources,Agricultural water withdrawal as % of total renewable water resources,Spain,2018,17.214349776,%,E,False
Water use,Pressure on water resources,Agricultural water withdrawal as % of total renewable water resources,Spain,2019,17.10941704,%,E,False
Water use,Pressure on water resources,Agricultural water withdrawal as % of total renewable water resources,Spain,2020,17.004484305,%,E,False
Water use,Pressure on water resources,Agricultural water withdrawal as % of total renewable water resources,Spain,2021,17.004484305,%,E,False
Water use,Pressure on water resources,Agricultural water withdrawal as % of total renewable water resources,Sri Lanka,2018,21.420454546,%,I,False
Water use,Pressure on water resources,Agricultural water withdrawal as % of total renewable water resources,Sri Lanka,2019,21.420454546,%,I,False
Water use,Pressure on water resources,Agricultural water withdrawal as % of total renewable water resources,Sri Lanka,2020,21.420454546,%,I,False
Water use,Pressure on water resources,Agricultural water withdrawal as % of total renewable water resources,Sri Lanka,2021,21.420454546,%,I,False
Water use,Pressure on water resources,Agricultural water withdrawal as % of total renewable water resources,Sudan,2018,68.544973545,%,E,False
Water use,Pressure on water resources,Agricultural water withdrawal as % of total renewable water resources,Sudan,2019,68.544973545,%,E,False
Water use,Pressure on water resources,Agricultural water withdrawal as % of total renewable water resources,Sudan,2020,68.544973545,%,E,False
Water use,Pressure on water resources,Agricultural water withdrawal as % of total renewable water resources,Sudan,2021,68.544973545,%,E,False
Water use,Pressure on water resources,Agricultural water withdrawal as % of total renewable water resources,Suriname,2018,0.435454546,%,I,False
Water use,Pressure on water resources,Agricultural water withdrawal as % of total renewable water resources,Suriname,2019,0.435454546,%,I,False
Water use,Pressure on water resources,Agricultural water withdrawal as % of total renewable water resources,Suriname,2020,0.435454546,%,I,False
Water use,Pressure on water resources,Agricultural water withdrawal as % of total renewable water resources,Suriname,2021,0.435454546,%,I,False
Water use,Pressure on water resources,Agricultural water withdrawal as % of total renewable water resources,Sweden,2018,0.052413793,%,E,False
Water use,Pressure on water resources,Agricultural water withdrawal as % of total renewable water resources,Sweden,2019,0.055517241,%,E,False
Water use,Pressure on water resources,Agricultural water withdrawal as % of total renewable water resources,Sweden,2020,0.05862069,%,E,False
Water use,Pressure on water resources,Agricultural water withdrawal as % of total renewable water resources,Sweden,2021,0.05862069,%,E,False
Water use,Pressure on water resources,Agricultural water withdrawal as % of total renewable water resources,Switzerland,2018,0.299252336,%,I,False
Water use,Pressure on water resources,Agricultural water withdrawal as % of total renewable water resources,Switzerland,2019,0.299252336,%,I,False
Water use,Pressure on water resources,Agricultural water withdrawal as % of total renewable water resources,Switzerland,2020,0.299252336,%,I,False
Water use,Pressure on water resources,Agricultural water withdrawal as % of total renewable water resources,Switzerland,2021,0.299252336,%,I,False
Water use,Pressure on water resources,Agricultural water withdrawal as % of total renewable water resources,Syrian Arab Republic,2018,87.311034401,%,I,False
Water use,Pressure on water resources,Agricultural water withdrawal as % of total renewable water resources,Syrian Arab Republic,2019,87.311034401,%,I,False
Water use,Pressure on water resources,Agricultural water withdrawal as % of total renewable water resources,Syrian Arab Republic,2020,87.311034401,%,I,False
Water use,Pressure on water resources,Agricultural water withdrawal as % of total renewable water resources,Syrian Arab Republic,2021,87.311034401,%,I,False
Water use,Pressure on water resources,Agricultural water withdrawal as % of total renewable water resources,Tajikistan,2018,33.674121406,%,E,False
Water use,Pressure on water resources,Agricultural water withdrawal as % of total renewable water resources,Tajikistan,2019,33.674121406,%,I,False
Water use,Pressure on water resources,Agricultural water withdrawal as % of total renewable water resources,Tajikistan,2020,33.674121406,%,I,False
Water use,Pressure on water resources,Agricultural water withdrawal as % of total renewable water resources,Tajikistan,2021,33.674121406,%,I,False
Water use,Pressure on water resources,Agricultural water withdrawal as % of total renewable water resources,Thailand,2018,11.807756321,%,I,False
Water use,Pressure on water resources,Agricultural water withdrawal as % of total renewable water resources,Thailand,2019,11.807756321,%,I,False
Water use,Pressure on water resources,Agricultural water withdrawal as % of total renewable water resources,Thailand,2020,11.807756321,%,I,False
Water use,Pressure on water resources,Agricultural water withdrawal as % of total renewable water resources,Thailand,2021,11.807756321,%,I,False
Water use,Pressure on water resources,Agricultural water withdrawal as % of total renewable water resources,Timor-Leste,2018,13.037127206,%,I,False
Water use,Pressure on water resources,Agricultural water withdrawal as % of total renewable water resources,Timor-Leste,2019,13.037127206,%,I,False
Water use,Pressure on water resources,Agricultural water withdrawal as % of total renewable water resources,Timor-Leste,2020,13.037127206,%,I,False
Water use,Pressure on water resources,Agricultural water withdrawal as % of total renewable water resources,Timor-Leste,2021,13.037127206,%,I,False
Water use,Pressure on water resources,Agricultural water withdrawal as % of total renewable water resources,Togo,2018,0.517006803,%,I,False
Water use,Pressure on water resources,Agricultural water withdrawal as % of total renewable water resources,Togo,2019,0.517006803,%,I,False
Water use,Pressure on water resources,Agricultural water withdrawal as % of total renewable water resources,Togo,2020,0.517006803,%,I,False
Water use,Pressure on water resources,Agricultural water withdrawal as % of total renewable water resources,Togo,2021,0.517006803,%,I,False
Water use,Pressure on water resources,Agricultural water withdrawal as % of total renewable water resources,Trinidad and Tobago,2018,0.434895833,%,I,False
Water use,Pressure on water resources,Agricultural water withdrawal as % of total renewable water resources,Trinidad and Tobago,2019,0.434895833,%,I,False
Water use,Pressure on water resources,Agricultural water withdrawal as % of total renewable water resources,Trinidad and Tobago,2020,0.434895833,%,I,False
Water use,Pressure on water resources,Agricultural water withdrawal as % of total renewable water resources,Trinidad and Tobago,2021,0.434895833,%,I,False
Water use,Pressure on water resources,Agricultural water withdrawal as % of total renewable water resources,Tunisia,2018,63.54496208,%,E,False
Water use,Pressure on water resources,Agricultural water withdrawal as % of total renewable water resources,Tunisia,2019,63.553629469,%,E,False
Water use,Pressure on water resources,Agricultural water withdrawal as % of total renewable water resources,Tunisia,2020,58.72156013,%,E,False
Water use,Pressure on water resources,Agricultural water withdrawal as % of total renewable water resources,Tunisia,2021,58.72156013,%,E,False
Water use,Pressure on water resources,Agricultural water withdrawal as % of total renewable water resources,Turkmenistan,2018,102.351067625,%,E,False
Water use,Pressure on water resources,Agricultural water withdrawal as % of total renewable water resources,Turkmenistan,2019,66.035937816,%,E,False
Water use,Pressure on water resources,Agricultural water withdrawal as % of total renewable water resources,Turkmenistan,2020,65.090248334,%,E,False
Water use,Pressure on water resources,Agricultural water withdrawal as % of total renewable water resources,Turkmenistan,2021,65.090248334,%,E,False
Water use,Pressure on water resources,Agricultural water withdrawal as % of total renewable water resources,Türkiye,2018,24.449432892,%,E,False
Water use,Pressure on water resources,Agricultural water withdrawal as % of total renewable water resources,Türkiye,2019,25.647448015,%,E,False
Water use,Pressure on water resources,Agricultural water withdrawal as % of total renewable water resources,Türkiye,2020,25.519848771,%,E,False
Water use,Pressure on water resources,Agricultural water withdrawal as % of total renewable water resources,Türkiye,2021,21.266540643,%,E,False
Water use,Pressure on water resources,Agricultural water withdrawal as % of total renewable water resources,Uganda,2018,0.430948419,%,I,False
Water use,Pressure on water resources,Agricultural water withdrawal as % of total renewable water resources,Uganda,2019,0.430948419,%,I,False
Water use,Pressure on water resources,Agricultural water withdrawal as % of total renewable water resources,Uganda,2020,0.430948419,%,I,False
Water use,Pressure on water resources,Agricultural water withdrawal as % of total renewable water resources,Uganda,2021,0.430948419,%,I,False
Water use,Pressure on water resources,Agricultural water withdrawal as % of total renewable water resources,Ukraine,2018,2.655750799,%,E,False
Water use,Pressure on water resources,Agricultural water withdrawal as % of total renewable water resources,Ukraine,2019,2.498858968,%,E,False
Water use,Pressure on water resources,Agricultural water withdrawal as % of total renewable water resources,Ukraine,2020,1.745207668,%,E,False
Water use,Pressure on water resources,Agricultural water withdrawal as % of total renewable water resources,Ukraine,2021,1.745207668,%,E,False
Water use,Pressure on water resources,Agricultural water withdrawal as % of total renewable water resources,United Arab Emirates,2018,1619.931454667,%,E,False
Water use,Pressure on water resources,Agricultural water withdrawal as % of total renewable water resources,United Arab Emirates,2019,1585.586394,%,E,False
Water use,Pressure on water resources,Agricultural water withdrawal as % of total renewable water resources,United Arab Emirates,2020,1544.064454667,%,E,False
Water use,Pressure on water resources,Agricultural water withdrawal as % of total renewable water resources,United Arab Emirates,2021,1492,%,E,False
Water use,Pressure on water resources,Agricultural water withdrawal as % of total renewable water resources,United Kingdom of Great Britain and Northern Ireland,2018,0.804761905,%,I,False
Water use,Pressure on water resources,Agricultural water withdrawal as % of total renewable water resources,United Kingdom of Great Britain and Northern Ireland,2019,0.804761905,%,I,False
Water use,Pressure on water resources,Agricultural water withdrawal as % of total renewable water resources,United Kingdom of Great Britain and Northern Ireland,2020,0.804761905,%,I,False
Water use,Pressure on water resources,Agricultural water withdrawal as % of total renewable water resources,United Kingdom of Great Britain and Northern Ireland,2021,0.804761905,%,I,False
Water use,Pressure on water resources,Agricultural water withdrawal as % of total renewable water resources,United Republic of Tanzania,2018,4.811467747,%,I,False
Water use,Pressure on water resources,Agricultural water withdrawal as % of total renewable water resources,United Republic of Tanzania,2019,4.811467747,%,I,False
Water use,Pressure on water resources,Agricultural water withdrawal as % of total renewable water resources,United Republic of Tanzania,2020,4.811467747,%,I,False
Water use,Pressure on water resources,Agricultural water withdrawal as % of total renewable water resources,United Republic of Tanzania,2021,4.811467747,%,I,False
Water use,Pressure on water resources,Agricultural water withdrawal as % of total renewable water resources,United States of America,2018,5.741283806,%,I,False
Water use,Pressure on water resources,Agricultural water withdrawal as % of total renewable water resources,United States of America,2019,5.741283806,%,I,False
Water use,Pressure on water resources,Agricultural water withdrawal as % of total renewable water resources,United States of America,2020,5.741283806,%,I,False
Water use,Pressure on water resources,Agricultural water withdrawal as % of total renewable water resources,United States of America,2021,5.741283806,%,I,False
Water use,Pressure on water resources,Agricultural water withdrawal as % of total renewable water resources,Uruguay,2018,1.840882695,%,I,False
Water use,Pressure on water resources,Agricultural water withdrawal as % of total renewable water resources,Uruguay,2019,1.840882695,%,I,False
Water use,Pressure on water resources,Agricultural water withdrawal as % of total renewable water resources,Uruguay,2020,1.840882695,%,I,False
Water use,Pressure on water resources,Agricultural water withdrawal as % of total renewable water resources,Uruguay,2021,1.840882695,%,I,False
Water use,Pressure on water resources,Agricultural water withdrawal as % of total renewable water resources,Uzbekistan,2018,106.567423777,%,E,False
Water use,Pressure on water resources,Agricultural water withdrawal as % of total renewable water resources,Uzbekistan,2019,101.900961735,%,E,False
Water use,Pressure on water resources,Agricultural water withdrawal as % of total renewable water resources,Uzbekistan,2020,96.527521997,%,E,False
Water use,Pressure on water resources,Agricultural water withdrawal as % of total renewable water resources,Uzbekistan,2021,81.223654594,%,E,False
Water use,Pressure on water resources,Agricultural water withdrawal as % of total renewable water resources,Venezuela (Bolivarian Republic of),2018,1.261132075,%,I,False
Water use,Pressure on water resources,Agricultural water withdrawal as % of total renewable water resources,Venezuela (Bolivarian Republic of),2019,1.261132075,%,I,False
Water use,Pressure on water resources,Agricultural water withdrawal as % of total renewable water resources,Venezuela (Bolivarian Republic of),2020,1.261132075,%,I,False
Water use,Pressure on water resources,Agricultural water withdrawal as % of total renewable water resources,Venezuela (Bolivarian Republic of),2021,1.261132075,%,I,False
Water use,Pressure on water resources,Agricultural water withdrawal as % of total renewable water resources,Viet Nam,2018,8.794055106,%,I,False
Water use,Pressure on water resources,Agricultural water withdrawal as % of total renewable water resources,Viet Nam,2019,8.794055106,%,I,False
Water use,Pressure on water resources,Agricultural water withdrawal as % of total renewable water resources,Viet Nam,2020,8.794055106,%,I,False
Water use,Pressure on water resources,Agricultural water withdrawal as % of total renewable water resources,Viet Nam,2021,8.794055106,%,I,False
Water use,Pressure on water resources,Agricultural water withdrawal as % of total renewable water resources,Yemen,2018,154.047619048,%,I,False
Water use,Pressure on water resources,Agricultural water withdrawal as % of total renewable water resources,Yemen,2019,154.047619048,%,I,False
Water use,Pressure on water resources,Agricultural water withdrawal as % of total renewable water resources,Yemen,2020,154.047619048,%,I,False
Water use,Pressure on water resources,Agricultural water withdrawal as % of total renewable water resources,Yemen,2021,154.047619048,%,I,False
Water use,Pressure on water resources,Agricultural water withdrawal as % of total renewable water resources,Zambia,2018,1.099236641,%,I,False
Water use,Pressure on water resources,Agricultural water withdrawal as % of total renewable water resources,Zambia,2019,1.099236641,%,I,False
Water use,Pressure on water resources,Agricultural water withdrawal as % of total renewable water resources,Zambia,2020,1.099236641,%,I,False
Water use,Pressure on water resources,Agricultural water withdrawal as % of total renewable water resources,Zambia,2021,1.099236641,%,I,False
Water use,Pressure on water resources,Agricultural water withdrawal as % of total renewable water resources,Zimbabwe,2018,15.205348255,%,E,False
Water use,Pressure on water resources,Agricultural water withdrawal as % of total renewable water resources,Zimbabwe,2019,17.967401865,%,E,False
Water use,Pressure on water resources,Agricultural water withdrawal as % of total renewable water resources,Zimbabwe,2020,21.406246975,%,E,False
Water use,Pressure on water resources,Agricultural water withdrawal as % of total renewable water resources,Zimbabwe,2021,21.406246975,%,E,False
Water use,Pressure on water resources,SDG 6.4.1. Industrial Water Use Efficiency,Afghanistan,2018,13.599149237,US$/m3,E,False
Water use,Pressure on water resources,SDG 6.4.1. Industrial Water Use Efficiency,Afghanistan,2019,14.547603334,US$/m3,E,False
Water use,Pressure on water resources,SDG 6.4.1. Industrial Water Use Efficiency,Afghanistan,2020,14.495901978,US$/m3,E,False
Water use,Pressure on water resources,SDG 6.4.1. Industrial Water Use Efficiency,Afghanistan,2021,12.195516986,US$/m3,E,False
Water use,Pressure on water resources,SDG 6.4.1. Industrial Water Use Efficiency,Albania,2018,22.899349693,US$/m3,E,False
Water use,Pressure on water resources,SDG 6.4.1. Industrial Water Use Efficiency,Albania,2019,11.399156157,US$/m3,E,False
Water use,Pressure on water resources,SDG 6.4.1. Industrial Water Use Efficiency,Albania,2020,133.527590516,US$/m3,E,False
Water use,Pressure on water resources,SDG 6.4.1. Industrial Water Use Efficiency,Albania,2021,250.262475036,US$/m3,E,False
Water use,Pressure on water resources,SDG 6.4.1. Industrial Water Use Efficiency,Algeria,2018,351.425942025,US$/m3,E,False
Water use,Pressure on water resources,SDG 6.4.1. Industrial Water Use Efficiency,Algeria,2019,335.923437514,US$/m3,E,False
Water use,Pressure on water resources,SDG 6.4.1. Industrial Water Use Efficiency,Algeria,2020,279.343308353,US$/m3,E,False
Water use,Pressure on water resources,SDG 6.4.1. Industrial Water Use Efficiency,Algeria,2021,349.836399597,US$/m3,E,False
Water use,Pressure on water resources,SDG 6.4.1. Industrial Water Use Efficiency,Angola,2018,219.175514867,US$/m3,E,False
Water use,Pressure on water resources,SDG 6.4.1. Industrial Water Use Efficiency,Angola,2019,225.747717998,US$/m3,E,False
Water use,Pressure on water resources,SDG 6.4.1. Industrial Water Use Efficiency,Angola,2020,182.756412963,US$/m3,E,False
Water use,Pressure on water resources,SDG 6.4.1. Industrial Water Use Efficiency,Angola,2021,185.377975249,US$/m3,E,False
Water use,Pressure on water resources,SDG 6.4.1. Industrial Water Use Efficiency,Antigua and Barbuda,2018,110.0100506,US$/m3,E,False
Water use,Pressure on water resources,SDG 6.4.1. Industrial Water Use Efficiency,Antigua and Barbuda,2019,114.574583572,US$/m3,E,False
Water use,Pressure on water resources,SDG 6.4.1. Industrial Water Use Efficiency,Antigua and Barbuda,2020,86.941597132,US$/m3,E,False
Water use,Pressure on water resources,SDG 6.4.1. Industrial Water Use Efficiency,Antigua and Barbuda,2021,90.518984313,US$/m3,E,False
Water use,Pressure on water resources,SDG 6.4.1. Industrial Water Use Efficiency,Argentina,2018,32.168221521,US$/m3,E,False
Water use,Pressure on water resources,SDG 6.4.1. Industrial Water Use Efficiency,Argentina,2019,32.065304871,US$/m3,E,False
Water use,Pressure on water resources,SDG 6.4.1. Industrial Water Use Efficiency,Argentina,2020,27.993492766,US$/m3,E,False
Water use,Pressure on water resources,SDG 6.4.1. Industrial Water Use Efficiency,Argentina,2021,31.375361331,US$/m3,E,False
Water use,Pressure on water resources,SDG 6.4.1. Industrial Water Use Efficiency,Armenia,2018,19.039949788,US$/m3,E,False
Water use,Pressure on water resources,SDG 6.4.1. Industrial Water Use Efficiency,Armenia,2019,23.649746398,US$/m3,E,False
Water use,Pressure on water resources,SDG 6.4.1. Industrial Water Use Efficiency,Armenia,2020,14.855608234,US$/m3,E,False
Water use,Pressure on water resources,SDG 6.4.1. Industrial Water Use Efficiency,Armenia,2021,26.93295939,US$/m3,E,False
Water use,Pressure on water resources,SDG 6.4.1. Industrial Water Use Efficiency,Australia,2018,103.872449281,US$/m3,E,False
Water use,Pressure on water resources,SDG 6.4.1. Industrial Water Use Efficiency,Australia,2019,112.533237275,US$/m3,E,False
Water use,Pressure on water resources,SDG 6.4.1. Industrial Water Use Efficiency,Australia,2020,113.11471532,US$/m3,E,False
Water use,Pressure on water resources,SDG 6.4.1. Industrial Water Use Efficiency,Australia,2021,122.437824652,US$/m3,E,False
Water use,Pressure on water resources,SDG 6.4.1. Industrial Water Use Efficiency,Austria,2018,41.479983266,US$/m3,E,False
Water use,Pressure on water resources,SDG 6.4.1. Industrial Water Use Efficiency,Austria,2019,42.552216548,US$/m3,E,False
Water use,Pressure on water resources,SDG 6.4.1. Industrial Water Use Efficiency,Austria,2020,40.288548726,US$/m3,E,False
Water use,Pressure on water resources,SDG 6.4.1. Industrial Water Use Efficiency,Austria,2021,42.710701515,US$/m3,E,False
Water use,Pressure on water resources,SDG 6.4.1. Industrial Water Use Efficiency,Azerbaijan,2018,52.621125676,US$/m3,E,False
Water use,Pressure on water resources,SDG 6.4.1. Industrial Water Use Efficiency,Azerbaijan,2019,44.99120548,US$/m3,E,False
Water use,Pressure on water resources,SDG 6.4.1. Industrial Water Use Efficiency,Azerbaijan,2020,36.665559687,US$/m3,E,False
Water use,Pressure on water resources,SDG 6.4.1. Industrial Water Use Efficiency,Azerbaijan,2021,42.612766962,US$/m3,E,False
Water use,Pressure on water resources,SDG 6.4.1. Industrial Water Use Efficiency,Bahrain,2018,1010.772019518,US$/m3,E,False
Water use,Pressure on water resources,SDG 6.4.1. Industrial Water Use Efficiency,Bahrain,2019,1011.86857,US$/m3,E,False
Water use,Pressure on water resources,SDG 6.4.1. Industrial Water Use Efficiency,Bahrain,2020,912.372493141,US$/m3,E,False
Water use,Pressure on water resources,SDG 6.4.1. Industrial Water Use Efficiency,Bahrain,2021,973.104909389,US$/m3,E,False
Water use,Pressure on water resources,SDG 6.4.1. Industrial Water Use Efficiency,Bangladesh,2018,113.627384517,US$/m3,E,False
Water use,Pressure on water resources,SDG 6.4.1. Industrial Water Use Efficiency,Bangladesh,2019,125.851359558,US$/m3,E,False
Water use,Pressure on water resources,SDG 6.4.1. Industrial Water Use Efficiency,Bangladesh,2020,129.986460196,US$/m3,E,False
Water use,Pressure on water resources,SDG 6.4.1. Industrial Water Use Efficiency,Bangladesh,2021,141.394360412,US$/m3,E,False
Water use,Pressure on water resources,SDG 6.4.1. Industrial Water Use Efficiency,Barbados,2018,78.197930261,US$/m3,E,False
Water use,Pressure on water resources,SDG 6.4.1. Industrial Water Use Efficiency,Barbados,2019,75.78743405,US$/m3,E,False
Water use,Pressure on water resources,SDG 6.4.1. Industrial Water Use Efficiency,Barbados,2020,71.721960973,US$/m3,E,False
Water use,Pressure on water resources,SDG 6.4.1. Industrial Water Use Efficiency,Barbados,2021,74.698598949,US$/m3,E,False
Water use,Pressure on water resources,SDG 6.4.1. Industrial Water Use Efficiency,Belarus,2018,36.032236162,US$/m3,E,False
Water use,Pressure on water resources,SDG 6.4.1. Industrial Water Use Efficiency,Belarus,2019,37.872414723,US$/m3,E,False
Water use,Pressure on water resources,SDG 6.4.1. Industrial Water Use Efficiency,Belarus,2020,39.686171662,US$/m3,E,False
Water use,Pressure on water resources,SDG 6.4.1. Industrial Water Use Efficiency,Belarus,2021,39.959113181,US$/m3,E,False
Water use,Pressure on water resources,SDG 6.4.1. Industrial Water Use Efficiency,Belgium,2018,24.235335789,US$/m3,E,False
Water use,Pressure on water resources,SDG 6.4.1. Industrial Water Use Efficiency,Belgium,2019,25.657955219,US$/m3,E,False
Water use,Pressure on water resources,SDG 6.4.1. Industrial Water Use Efficiency,Belgium,2020,22.108053824,US$/m3,E,False
Water use,Pressure on water resources,SDG 6.4.1. Industrial Water Use Efficiency,Belgium,2021,23.569623937,US$/m3,E,False
Water use,Pressure on water resources,SDG 6.4.1. Industrial Water Use Efficiency,Belize,2018,12.210317001,US$/m3,E,False
Water use,Pressure on water resources,SDG 6.4.1. Industrial Water Use Efficiency,Belize,2019,13.250332838,US$/m3,E,False
Water use,Pressure on water resources,SDG 6.4.1. Industrial Water Use Efficiency,Belize,2020,12.078900418,US$/m3,E,False
Water use,Pressure on water resources,SDG 6.4.1. Industrial Water Use Efficiency,Belize,2021,15.295021764,US$/m3,E,False
Water use,Pressure on water resources,SDG 6.4.1. Industrial Water Use Efficiency,Benin,2018,61.595710812,US$/m3,E,False
Water use,Pressure on water resources,SDG 6.4.1. Industrial Water Use Efficiency,Benin,2019,73.650736294,US$/m3,E,False
Water use,Pressure on water resources,SDG 6.4.1. Industrial Water Use Efficiency,Benin,2020,76.025152233,US$/m3,E,False
Water use,Pressure on water resources,SDG 6.4.1. Industrial Water Use Efficiency,Benin,2021,82.198953406,US$/m3,E,False
Water use,Pressure on water resources,SDG 6.4.1. Industrial Water Use Efficiency,Bhutan,2018,206.303659205,US$/m3,E,False
Water use,Pressure on water resources,SDG 6.4.1. Industrial Water Use Efficiency,Bhutan,2019,192.487722993,US$/m3,E,False
Water use,Pressure on water resources,SDG 6.4.1. Industrial Water Use Efficiency,Bhutan,2020,123.278912384,US$/m3,E,False
Water use,Pressure on water resources,SDG 6.4.1. Industrial Water Use Efficiency,Bhutan,2021,158.716423411,US$/m3,E,False
Water use,Pressure on water resources,SDG 6.4.1. Industrial Water Use Efficiency,Bolivia (Plurinational State of),2018,281.746019167,US$/m3,E,False
Water use,Pressure on water resources,SDG 6.4.1. Industrial Water Use Efficiency,Bolivia (Plurinational State of),2019,275.010449973,US$/m3,E,False
Water use,Pressure on water resources,SDG 6.4.1. Industrial Water Use Efficiency,Bolivia (Plurinational State of),2020,230.47864768,US$/m3,E,False
Water use,Pressure on water resources,SDG 6.4.1. Industrial Water Use Efficiency,Bolivia (Plurinational State of),2021,278.161339663,US$/m3,E,False
Water use,Pressure on water resources,SDG 6.4.1. Industrial Water Use Efficiency,Bosnia and Herzegovina,2018,43.401291664,US$/m3,E,False
Water use,Pressure on water resources,SDG 6.4.1. Industrial Water Use Efficiency,Bosnia and Herzegovina,2019,72.335579598,US$/m3,E,False
Water use,Pressure on water resources,SDG 6.4.1. Industrial Water Use Efficiency,Bosnia and Herzegovina,2020,54.039814067,US$/m3,E,False
Water use,Pressure on water resources,SDG 6.4.1. Industrial Water Use Efficiency,Bosnia and Herzegovina,2021,64.542973965,US$/m3,E,False
Water use,Pressure on water resources,SDG 6.4.1. Industrial Water Use Efficiency,Botswana,2018,191.613316062,US$/m3,E,False
Water use,Pressure on water resources,SDG 6.4.1. Industrial Water Use Efficiency,Botswana,2019,177.701347933,US$/m3,E,False
Water use,Pressure on water resources,SDG 6.4.1. Industrial Water Use Efficiency,Botswana,2020,125.085581525,US$/m3,E,False
Water use,Pressure on water resources,SDG 6.4.1. Industrial Water Use Efficiency,Botswana,2021,170.89268575,US$/m3,E,False
Water use,Pressure on water resources,SDG 6.4.1. Industrial Water Use Efficiency,Brazil,2018,33.188817261,US$/m3,E,False
Water use,Pressure on water resources,SDG 6.4.1. Industrial Water Use Efficiency,Brazil,2019,33.440019935,US$/m3,E,False
Water use,Pressure on water resources,SDG 6.4.1. Industrial Water Use Efficiency,Brazil,2020,31.407971885,US$/m3,E,False
Water use,Pressure on water resources,SDG 6.4.1. Industrial Water Use Efficiency,Brazil,2021,30.472525709,US$/m3,E,False
Water use,Pressure on water resources,SDG 6.4.1. Industrial Water Use Efficiency,Bulgaria,2018,2.702015813,US$/m3,E,False
Water use,Pressure on water resources,SDG 6.4.1. Industrial Water Use Efficiency,Bulgaria,2019,2.817353691,US$/m3,E,False
Water use,Pressure on water resources,SDG 6.4.1. Industrial Water Use Efficiency,Bulgaria,2020,2.924027642,US$/m3,E,False
Water use,Pressure on water resources,SDG 6.4.1. Industrial Water Use Efficiency,Bulgaria,2021,2.751523727,US$/m3,E,False
Water use,Pressure on water resources,SDG 6.4.1. Industrial Water Use Efficiency,Burkina Faso,2018,161.676111515,US$/m3,E,False
Water use,Pressure on water resources,SDG 6.4.1. Industrial Water Use Efficiency,Burkina Faso,2019,180.899176042,US$/m3,E,False
Water use,Pressure on water resources,SDG 6.4.1. Industrial Water Use Efficiency,Burkina Faso,2020,222.766668058,US$/m3,E,False
Water use,Pressure on water resources,SDG 6.4.1. Industrial Water Use Efficiency,Burkina Faso,2021,233.623200975,US$/m3,E,False
Water use,Pressure on water resources,SDG 6.4.1. Industrial Water Use Efficiency,Burundi,2018,36.541063361,US$/m3,E,False
Water use,Pressure on water resources,SDG 6.4.1. Industrial Water Use Efficiency,Burundi,2019,37.073412965,US$/m3,E,False
Water use,Pressure on water resources,SDG 6.4.1. Industrial Water Use Efficiency,Burundi,2020,36.604002395,US$/m3,E,False
Water use,Pressure on water resources,SDG 6.4.1. Industrial Water Use Efficiency,Burundi,2021,36.758570208,US$/m3,E,False
Water use,Pressure on water resources,SDG 6.4.1. Industrial Water Use Efficiency,Cabo Verde,2018,101.173451314,US$/m3,E,False
Water use,Pressure on water resources,SDG 6.4.1. Industrial Water Use Efficiency,Cabo Verde,2019,104.003081009,US$/m3,E,False
Water use,Pressure on water resources,SDG 6.4.1. Industrial Water Use Efficiency,Cabo Verde,2020,62.392907367,US$/m3,E,False
Water use,Pressure on water resources,SDG 6.4.1. Industrial Water Use Efficiency,Cabo Verde,2021,68.400248838,US$/m3,E,False
Water use,Pressure on water resources,SDG 6.4.1. Industrial Water Use Efficiency,Cambodia,2018,213.194532328,US$/m3,E,False
Water use,Pressure on water resources,SDG 6.4.1. Industrial Water Use Efficiency,Cambodia,2019,242.16659394,US$/m3,E,False
Water use,Pressure on water resources,SDG 6.4.1. Industrial Water Use Efficiency,Cambodia,2020,237.643965974,US$/m3,E,False
Water use,Pressure on water resources,SDG 6.4.1. Industrial Water Use Efficiency,Cambodia,2021,257.892034085,US$/m3,E,False
Water use,Pressure on water resources,SDG 6.4.1. Industrial Water Use Efficiency,Cameroon,2018,80.267266569,US$/m3,E,False
Water use,Pressure on water resources,SDG 6.4.1. Industrial Water Use Efficiency,Cameroon,2019,80.152606039,US$/m3,E,False
Water use,Pressure on water resources,SDG 6.4.1. Industrial Water Use Efficiency,Cameroon,2020,78.660261737,US$/m3,E,False
Water use,Pressure on water resources,SDG 6.4.1. Industrial Water Use Efficiency,Cameroon,2021,83.927394717,US$/m3,E,False
Water use,Pressure on water resources,SDG 6.4.1. Industrial Water Use Efficiency,Canada,2018,13.8118744,US$/m3,E,False
Water use,Pressure on water resources,SDG 6.4.1. Industrial Water Use Efficiency,Canada,2019,14.086122655,US$/m3,E,False
Water use,Pressure on water resources,SDG 6.4.1. Industrial Water Use Efficiency,Canada,2020,14.000951726,US$/m3,E,False
Water use,Pressure on water resources,SDG 6.4.1. Industrial Water Use Efficiency,Canada,2021,14.671718751,US$/m3,E,False
Water use,Pressure on water resources,SDG 6.4.1. Industrial Water Use Efficiency,Central African Republic,2018,32.081474127,US$/m3,E,False
Water use,Pressure on water resources,SDG 6.4.1. Industrial Water Use Efficiency,Central African Republic,2019,33.694427412,US$/m3,E,False
Water use,Pressure on water resources,SDG 6.4.1. Industrial Water Use Efficiency,Central African Republic,2020,33.662805891,US$/m3,E,False
Water use,Pressure on water resources,SDG 6.4.1. Industrial Water Use Efficiency,Central African Republic,2021,34.008287192,US$/m3,E,False
Water use,Pressure on water resources,SDG 6.4.1. Industrial Water Use Efficiency,Chad,2018,39.81591404,US$/m3,E,False
Water use,Pressure on water resources,SDG 6.4.1. Industrial Water Use Efficiency,Chad,2019,41.456674928,US$/m3,E,False
Water use,Pressure on water resources,SDG 6.4.1. Industrial Water Use Efficiency,Chad,2020,43.97905542,US$/m3,E,False
Water use,Pressure on water resources,SDG 6.4.1. Industrial Water Use Efficiency,Chad,2021,29.689651525,US$/m3,E,False
Water use,Pressure on water resources,SDG 6.4.1. Industrial Water Use Efficiency,Chile,2018,39.137866889,US$/m3,E,False
Water use,Pressure on water resources,SDG 6.4.1. Industrial Water Use Efficiency,Chile,2019,37.943827032,US$/m3,E,False
Water use,Pressure on water resources,SDG 6.4.1. Industrial Water Use Efficiency,Chile,2020,39.643634021,US$/m3,E,False
Water use,Pressure on water resources,SDG 6.4.1. Industrial Water Use Efficiency,Chile,2021,48.66545226,US$/m3,E,False
Water use,Pressure on water resources,SDG 6.4.1. Industrial Water Use Efficiency,China,2018,43.340305148,US$/m3,E,False
Water use,Pressure on water resources,SDG 6.4.1. Industrial Water Use Efficiency,China,2019,44.812957298,US$/m3,E,False
Water use,Pressure on water resources,SDG 6.4.1. Industrial Water Use Efficiency,China,2020,53.583982684,US$/m3,E,False
Water use,Pressure on water resources,SDG 6.4.1. Industrial Water Use Efficiency,China,2021,66.99408625,US$/m3,E,False
Water use,Pressure on water resources,SDG 6.4.1. Industrial Water Use Efficiency,Colombia,2018,187.901956014,US$/m3,E,False
Water use,Pressure on water resources,SDG 6.4.1. Industrial Water Use Efficiency,Colombia,2019,238.182295855,US$/m3,E,False
Water use,Pressure on water resources,SDG 6.4.1. Industrial Water Use Efficiency,Colombia,2020,203.536617193,US$/m3,E,False
Water use,Pressure on water resources,SDG 6.4.1. Industrial Water Use Efficiency,Colombia,2021,245.247238625,US$/m3,E,False
Water use,Pressure on water resources,SDG 6.4.1. Industrial Water Use Efficiency,Comoros,2018,186.776407277,US$/m3,E,False
Water use,Pressure on water resources,SDG 6.4.1. Industrial Water Use Efficiency,Comoros,2019,185.882066181,US$/m3,E,False
Water use,Pressure on water resources,SDG 6.4.1. Industrial Water Use Efficiency,Comoros,2020,189.043355977,US$/m3,E,False
Water use,Pressure on water resources,SDG 6.4.1. Industrial Water Use Efficiency,Comoros,2021,194.804284758,US$/m3,E,False
Water use,Pressure on water resources,SDG 6.4.1. Industrial Water Use Efficiency,Congo,2018,206.072931199,US$/m3,E,False
Water use,Pressure on water resources,SDG 6.4.1. Industrial Water Use Efficiency,Congo,2019,192.045111317,US$/m3,E,False
Water use,Pressure on water resources,SDG 6.4.1. Industrial Water Use Efficiency,Congo,2020,107.529058607,US$/m3,E,False
Water use,Pressure on water resources,SDG 6.4.1. Industrial Water Use Efficiency,Congo,2021,160.030243426,US$/m3,E,False
Water use,Pressure on water resources,SDG 6.4.1. Industrial Water Use Efficiency,Costa Rica,2018,46.37258879,US$/m3,E,False
Water use,Pressure on water resources,SDG 6.4.1. Industrial Water Use Efficiency,Costa Rica,2019,46.264645077,US$/m3,E,False
Water use,Pressure on water resources,SDG 6.4.1. Industrial Water Use Efficiency,Costa Rica,2020,45.550804513,US$/m3,E,False
Water use,Pressure on water resources,SDG 6.4.1. Industrial Water Use Efficiency,Costa Rica,2021,49.612793432,US$/m3,E,False
Water use,Pressure on water resources,SDG 6.4.1. Industrial Water Use Efficiency,Croatia,2018,19.674320374,US$/m3,E,False
Water use,Pressure on water resources,SDG 6.4.1. Industrial Water Use Efficiency,Croatia,2019,19.700330123,US$/m3,E,False
Water use,Pressure on water resources,SDG 6.4.1. Industrial Water Use Efficiency,Croatia,2020,18.074629425,US$/m3,E,False
Water use,Pressure on water resources,SDG 6.4.1. Industrial Water Use Efficiency,Croatia,2021,20.144358563,US$/m3,E,False
Water use,Pressure on water resources,SDG 6.4.1. Industrial Water Use Efficiency,Cuba,2018,28.783353365,US$/m3,E,False
Water use,Pressure on water resources,SDG 6.4.1. Industrial Water Use Efficiency,Cuba,2019,28.282004372,US$/m3,E,False
Water use,Pressure on water resources,SDG 6.4.1. Industrial Water Use Efficiency,Cuba,2020,23.797809552,US$/m3,E,False
Water use,Pressure on water resources,SDG 6.4.1. Industrial Water Use Efficiency,Cuba,2021,20.245340371,US$/m3,E,False
Water use,Pressure on water resources,SDG 6.4.1. Industrial Water Use Efficiency,Cyprus,2018,146.026458155,US$/m3,E,False
Water use,Pressure on water resources,SDG 6.4.1. Industrial Water Use Efficiency,Cyprus,2019,164.407566063,US$/m3,E,False
Water use,Pressure on water resources,SDG 6.4.1. Industrial Water Use Efficiency,Cyprus,2020,157.972706437,US$/m3,E,False
Water use,Pressure on water resources,SDG 6.4.1. Industrial Water Use Efficiency,Cyprus,2021,169.086198787,US$/m3,E,False
Water use,Pressure on water resources,SDG 6.4.1. Industrial Water Use Efficiency,Czechia,2018,66.615117895,US$/m3,E,False
Water use,Pressure on water resources,SDG 6.4.1. Industrial Water Use Efficiency,Czechia,2019,74.418512859,US$/m3,E,False
Water use,Pressure on water resources,SDG 6.4.1. Industrial Water Use Efficiency,Czechia,2020,78.698194091,US$/m3,E,False
Water use,Pressure on water resources,SDG 6.4.1. Industrial Water Use Efficiency,Czechia,2021,81.97508693,US$/m3,E,False
Water use,Pressure on water resources,SDG 6.4.1. Industrial Water Use Efficiency,Côte d'Ivoire,2018,42.806846025,US$/m3,E,False
Water use,Pressure on water resources,SDG 6.4.1. Industrial Water Use Efficiency,Côte d'Ivoire,2019,45.668230435,US$/m3,E,False
Water use,Pressure on water resources,SDG 6.4.1. Industrial Water Use Efficiency,Côte d'Ivoire,2020,46.088908842,US$/m3,E,False
Water use,Pressure on water resources,SDG 6.4.1. Industrial Water Use Efficiency,Côte d'Ivoire,2021,49.592510149,US$/m3,E,False
Water use,Pressure on water resources,SDG 6.4.1. Industrial Water Use Efficiency,Democratic People's Republic of Korea,2018,5.227573367,US$/m3,E,False
Water use,Pressure on water resources,SDG 6.4.1. Industrial Water Use Efficiency,Democratic People's Republic of Korea,2019,5.393841267,US$/m3,E,False
Water use,Pressure on water resources,SDG 6.4.1. Industrial Water Use Efficiency,Democratic People's Republic of Korea,2020,4.995678863,US$/m3,E,False
Water use,Pressure on water resources,SDG 6.4.1. Industrial Water Use Efficiency,Democratic People's Republic of Korea,2021,5.037540151,US$/m3,E,False
Water use,Pressure on water resources,SDG 6.4.1. Industrial Water Use Efficiency,Democratic Republic of the Congo,2018,112.025704693,US$/m3,E,False
Water use,Pressure on water resources,SDG 6.4.1. Industrial Water Use Efficiency,Democratic Republic of the Congo,2019,107.662879417,US$/m3,E,False
Water use,Pressure on water resources,SDG 6.4.1. Industrial Water Use Efficiency,Democratic Republic of the Congo,2020,106.199279584,US$/m3,E,False
Water use,Pressure on water resources,SDG 6.4.1. Industrial Water Use Efficiency,Democratic Republic of the Congo,2021,127.404549568,US$/m3,E,False
Water use,Pressure on water resources,SDG 6.4.1. Industrial Water Use Efficiency,Denmark,2018,1309.37272081,US$/m3,E,False
Water use,Pressure on water resources,SDG 6.4.1. Industrial Water Use Efficiency,Denmark,2019,1219.841538576,US$/m3,E,False
Water use,Pressure on water resources,SDG 6.4.1. Industrial Water Use Efficiency,Denmark,2020,1224.11346487,US$/m3,E,False
Water use,Pressure on water resources,SDG 6.4.1. Industrial Water Use Efficiency,Denmark,2021,1211.723618364,US$/m3,E,False
Water use,Pressure on water resources,SDG 6.4.1. Industrial Water Use Efficiency,Dominican Republic,2018,35.099267789,US$/m3,E,False
Water use,Pressure on water resources,SDG 6.4.1. Industrial Water Use Efficiency,Dominican Republic,2019,37.225992965,US$/m3,E,False
Water use,Pressure on water resources,SDG 6.4.1. Industrial Water Use Efficiency,Dominican Republic,2020,36.200334425,US$/m3,E,False
Water use,Pressure on water resources,SDG 6.4.1. Industrial Water Use Efficiency,Dominican Republic,2021,44.279618157,US$/m3,E,False
Water use,Pressure on water resources,SDG 6.4.1. Industrial Water Use Efficiency,Ecuador,2018,57.332158904,US$/m3,E,False
Water use,Pressure on water resources,SDG 6.4.1. Industrial Water Use Efficiency,Ecuador,2019,57.470661269,US$/m3,E,False
Water use,Pressure on water resources,SDG 6.4.1. Industrial Water Use Efficiency,Ecuador,2020,49.40850607,US$/m3,E,False
Water use,Pressure on water resources,SDG 6.4.1. Industrial Water Use Efficiency,Ecuador,2021,52.568838901,US$/m3,E,False
Water use,Pressure on water resources,SDG 6.4.1. Industrial Water Use Efficiency,Egypt,2018,22.054991595,US$/m3,E,False
Water use,Pressure on water resources,SDG 6.4.1. Industrial Water Use Efficiency,Egypt,2019,23.775558393,US$/m3,E,False
Water use,Pressure on water resources,SDG 6.4.1. Industrial Water Use Efficiency,Egypt,2020,21.988298471,US$/m3,E,False
Water use,Pressure on water resources,SDG 6.4.1. Industrial Water Use Efficiency,Egypt,2021,23.144052907,US$/m3,E,False
Water use,Pressure on water resources,SDG 6.4.1. Industrial Water Use Efficiency,El Salvador,2018,25.344782399,US$/m3,E,False
Water use,Pressure on water resources,SDG 6.4.1. Industrial Water Use Efficiency,El Salvador,2019,26.396300643,US$/m3,E,False
Water use,Pressure on water resources,SDG 6.4.1. Industrial Water Use Efficiency,El Salvador,2020,23.058136586,US$/m3,E,False
Water use,Pressure on water resources,SDG 6.4.1. Industrial Water Use Efficiency,El Salvador,2021,25.41722526,US$/m3,E,False
Water use,Pressure on water resources,SDG 6.4.1. Industrial Water Use Efficiency,Equatorial Guinea,2018,2002.182565602,US$/m3,E,False
Water use,Pressure on water resources,SDG 6.4.1. Industrial Water Use Efficiency,Equatorial Guinea,2019,1736.571886592,US$/m3,E,False
Water use,Pressure on water resources,SDG 6.4.1. Industrial Water Use Efficiency,Equatorial Guinea,2020,1401.189180187,US$/m3,E,False
Water use,Pressure on water resources,SDG 6.4.1. Industrial Water Use Efficiency,Equatorial Guinea,2021,1689.638278109,US$/m3,E,False
Water use,Pressure on water resources,SDG 6.4.1. Industrial Water Use Efficiency,Eritrea,2018,663.050221904,US$/m3,E,False
Water use,Pressure on water resources,SDG 6.4.1. Industrial Water Use Efficiency,Eritrea,2019,690.103759872,US$/m3,E,False
Water use,Pressure on water resources,SDG 6.4.1. Industrial Water Use Efficiency,Eritrea,2020,659.28769234,US$/m3,E,False
Water use,Pressure on water resources,SDG 6.4.1. Industrial Water Use Efficiency,Eritrea,2021,674.98111411,US$/m3,E,False
Water use,Pressure on water resources,SDG 6.4.1. Industrial Water Use Efficiency,Estonia,2018,3.435511099,US$/m3,E,False
Water use,Pressure on water resources,SDG 6.4.1. Industrial Water Use Efficiency,Estonia,2019,5.796286251,US$/m3,E,False
Water use,Pressure on water resources,SDG 6.4.1. Industrial Water Use Efficiency,Estonia,2020,6.646786925,US$/m3,E,False
Water use,Pressure on water resources,SDG 6.4.1. Industrial Water Use Efficiency,Estonia,2021,6.023956109,US$/m3,E,False
Water use,Pressure on water resources,SDG 6.4.1. Industrial Water Use Efficiency,Eswatini,2018,66.435827541,US$/m3,E,False
Water use,Pressure on water resources,SDG 6.4.1. Industrial Water Use Efficiency,Eswatini,2019,68.822481733,US$/m3,E,False
Water use,Pressure on water resources,SDG 6.4.1. Industrial Water Use Efficiency,Eswatini,2020,61.277595519,US$/m3,E,False
Water use,Pressure on water resources,SDG 6.4.1. Industrial Water Use Efficiency,Eswatini,2021,70.389085061,US$/m3,E,False
Water use,Pressure on water resources,SDG 6.4.1. Industrial Water Use Efficiency,Ethiopia,2018,413.349053873,US$/m3,E,False
Water use,Pressure on water resources,SDG 6.4.1. Industrial Water Use Efficiency,Ethiopia,2019,406.260409998,US$/m3,E,False
Water use,Pressure on water resources,SDG 6.4.1. Industrial Water Use Efficiency,Ethiopia,2020,400.0243946,US$/m3,E,False
Water use,Pressure on water resources,SDG 6.4.1. Industrial Water Use Efficiency,Ethiopia,2021,398.960081033,US$/m3,E,False
Water use,Pressure on water resources,SDG 6.4.1. Industrial Water Use Efficiency,Fiji,2018,74.388135089,US$/m3,E,False
Water use,Pressure on water resources,SDG 6.4.1. Industrial Water Use Efficiency,Fiji,2019,75.555617314,US$/m3,E,False
Water use,Pressure on water resources,SDG 6.4.1. Industrial Water Use Efficiency,Fiji,2020,67.418161911,US$/m3,E,False
Water use,Pressure on water resources,SDG 6.4.1. Industrial Water Use Efficiency,Fiji,2021,63.572121284,US$/m3,E,False
Water use,Pressure on water resources,SDG 6.4.1. Industrial Water Use Efficiency,Finland,2018,26.958555451,US$/m3,E,False
Water use,Pressure on water resources,SDG 6.4.1. Industrial Water Use Efficiency,Finland,2019,26.965537952,US$/m3,E,False
Water use,Pressure on water resources,SDG 6.4.1. Industrial Water Use Efficiency,Finland,2020,26.563610691,US$/m3,E,False
Water use,Pressure on water resources,SDG 6.4.1. Industrial Water Use Efficiency,Finland,2021,27.921864444,US$/m3,E,False
Water use,Pressure on water resources,SDG 6.4.1. Industrial Water Use Efficiency,France,2018,20.717856096,US$/m3,E,False
Water use,Pressure on water resources,SDG 6.4.1. Industrial Water Use Efficiency,France,2019,22.404780564,US$/m3,E,False
Water use,Pressure on water resources,SDG 6.4.1. Industrial Water Use Efficiency,France,2020,21.360615927,US$/m3,E,False
Water use,Pressure on water resources,SDG 6.4.1. Industrial Water Use Efficiency,France,2021,22.667760642,US$/m3,E,False
Water use,Pressure on water resources,SDG 6.4.1. Industrial Water Use Efficiency,Gabon,2018,484.1871692,US$/m3,E,False
Water use,Pressure on water resources,SDG 6.4.1. Industrial Water Use Efficiency,Gabon,2019,504.030137435,US$/m3,E,False
Water use,Pressure on water resources,SDG 6.4.1. Industrial Water Use Efficiency,Gabon,2020,423.972132499,US$/m3,E,False
Water use,Pressure on water resources,SDG 6.4.1. Industrial Water Use Efficiency,Gabon,2021,507.096315033,US$/m3,E,False
Water use,Pressure on water resources,SDG 6.4.1. Industrial Water Use Efficiency,Gambia,2018,11.375663001,US$/m3,E,False
Water use,Pressure on water resources,SDG 6.4.1. Industrial Water Use Efficiency,Gambia,2019,12.009791729,US$/m3,E,False
Water use,Pressure on water resources,SDG 6.4.1. Industrial Water Use Efficiency,Gambia,2020,11.609612858,US$/m3,E,False
Water use,Pressure on water resources,SDG 6.4.1. Industrial Water Use Efficiency,Gambia,2021,12.444909316,US$/m3,E,False
Water use,Pressure on water resources,SDG 6.4.1. Industrial Water Use Efficiency,Georgia,2018,13.733405053,US$/m3,E,False
Water use,Pressure on water resources,SDG 6.4.1. Industrial Water Use Efficiency,Georgia,2019,9.567929378,US$/m3,E,False
Water use,Pressure on water resources,SDG 6.4.1. Industrial Water Use Efficiency,Georgia,2020,9.080624691,US$/m3,E,False
Water use,Pressure on water resources,SDG 6.4.1. Industrial Water Use Efficiency,Georgia,2021,10.500994435,US$/m3,E,False
Water use,Pressure on water resources,SDG 6.4.1. Industrial Water Use Efficiency,Germany,2018,57.409841284,US$/m3,E,False
Water use,Pressure on water resources,SDG 6.4.1. Industrial Water Use Efficiency,Germany,2019,61.945904484,US$/m3,E,False
Water use,Pressure on water resources,SDG 6.4.1. Industrial Water Use Efficiency,Germany,2020,58.707476735,US$/m3,E,False
Water use,Pressure on water resources,SDG 6.4.1. Industrial Water Use Efficiency,Germany,2021,60.995642551,US$/m3,E,False
Water use,Pressure on water resources,SDG 6.4.1. Industrial Water Use Efficiency,Ghana,2018,181.888585064,US$/m3,E,False
Water use,Pressure on water resources,SDG 6.4.1. Industrial Water Use Efficiency,Ghana,2019,194.68168694,US$/m3,E,False
Water use,Pressure on water resources,SDG 6.4.1. Industrial Water Use Efficiency,Ghana,2020,187.420044518,US$/m3,E,False
Water use,Pressure on water resources,SDG 6.4.1. Industrial Water Use Efficiency,Ghana,2021,186.069320979,US$/m3,E,False
Water use,Pressure on water resources,SDG 6.4.1. Industrial Water Use Efficiency,Greece,2018,60.950951061,US$/m3,E,False
Water use,Pressure on water resources,SDG 6.4.1. Industrial Water Use Efficiency,Greece,2019,61.288295699,US$/m3,E,False
Water use,Pressure on water resources,SDG 6.4.1. Industrial Water Use Efficiency,Greece,2020,61.2747642,US$/m3,E,False
Water use,Pressure on water resources,SDG 6.4.1. Industrial Water Use Efficiency,Greece,2021,74.184542069,US$/m3,E,False
Water use,Pressure on water resources,SDG 6.4.1. Industrial Water Use Efficiency,Guatemala,2018,21.701864181,US$/m3,E,False
Water use,Pressure on water resources,SDG 6.4.1. Industrial Water Use Efficiency,Guatemala,2019,22.941396751,US$/m3,E,False
Water use,Pressure on water resources,SDG 6.4.1. Industrial Water Use Efficiency,Guatemala,2020,22.764262752,US$/m3,E,False
Water use,Pressure on water resources,SDG 6.4.1. Industrial Water Use Efficiency,Guatemala,2021,24.858373209,US$/m3,E,False
Water use,Pressure on water resources,SDG 6.4.1. Industrial Water Use Efficiency,Guinea,2018,57.722900685,US$/m3,E,False
Water use,Pressure on water resources,SDG 6.4.1. Industrial Water Use Efficiency,Guinea,2019,57.89154827,US$/m3,E,False
Water use,Pressure on water resources,SDG 6.4.1. Industrial Water Use Efficiency,Guinea,2020,59.569374355,US$/m3,E,False
Water use,Pressure on water resources,SDG 6.4.1. Industrial Water Use Efficiency,Guinea,2021,60.096675079,US$/m3,E,False
Water use,Pressure on water resources,SDG 6.4.1. Industrial Water Use Efficiency,Guinea-Bissau,2018,12.273688045,US$/m3,E,False
Water use,Pressure on water resources,SDG 6.4.1. Industrial Water Use Efficiency,Guinea-Bissau,2019,14.012483304,US$/m3,E,False
Water use,Pressure on water resources,SDG 6.4.1. Industrial Water Use Efficiency,Guinea-Bissau,2020,13.937180598,US$/m3,E,False
Water use,Pressure on water resources,SDG 6.4.1. Industrial Water Use Efficiency,Guinea-Bissau,2021,14.412385828,US$/m3,E,False
Water use,Pressure on water resources,SDG 6.4.1. Industrial Water Use Efficiency,Guyana,2018,60.031683639,US$/m3,E,False
Water use,Pressure on water resources,SDG 6.4.1. Industrial Water Use Efficiency,Guyana,2019,69.246587254,US$/m3,E,False
Water use,Pressure on water resources,SDG 6.4.1. Industrial Water Use Efficiency,Guyana,2020,135.53034338,US$/m3,E,False
Water use,Pressure on water resources,SDG 6.4.1. Industrial Water Use Efficiency,Guyana,2021,233.817084165,US$/m3,E,False
Water use,Pressure on water resources,SDG 6.4.1. Industrial Water Use Efficiency,Haiti,2018,68.610233771,US$/m3,E,False
Water use,Pressure on water resources,SDG 6.4.1. Industrial Water Use Efficiency,Haiti,2019,64.320217219,US$/m3,E,False
Water use,Pressure on water resources,SDG 6.4.1. Industrial Water Use Efficiency,Haiti,2020,59.934426983,US$/m3,E,False
Water use,Pressure on water resources,SDG 6.4.1. Industrial Water Use Efficiency,Haiti,2021,68.182853356,US$/m3,E,False
Water use,Pressure on water resources,SDG 6.4.1. Industrial Water Use Efficiency,Honduras,2018,49.104116712,US$/m3,E,False
Water use,Pressure on water resources,SDG 6.4.1. Industrial Water Use Efficiency,Honduras,2019,49.266450989,US$/m3,E,False
Water use,Pressure on water resources,SDG 6.4.1. Industrial Water Use Efficiency,Honduras,2020,43.001051718,US$/m3,E,False
Water use,Pressure on water resources,SDG 6.4.1. Industrial Water Use Efficiency,Honduras,2021,50.184312589,US$/m3,E,False
Water use,Pressure on water resources,SDG 6.4.1. Industrial Water Use Efficiency,Hungary,2018,9.138900672,US$/m3,E,False
Water use,Pressure on water resources,SDG 6.4.1. Industrial Water Use Efficiency,Hungary,2019,10.335729249,US$/m3,E,False
Water use,Pressure on water resources,SDG 6.4.1. Industrial Water Use Efficiency,Hungary,2020,9.1045349,US$/m3,E,False
Water use,Pressure on water resources,SDG 6.4.1. Industrial Water Use Efficiency,Hungary,2021,9.780839208,US$/m3,E,False
Water use,Pressure on water resources,SDG 6.4.1. Industrial Water Use Efficiency,Iceland,2018,16.237612843,US$/m3,E,False
Water use,Pressure on water resources,SDG 6.4.1. Industrial Water Use Efficiency,Iceland,2019,16.632355655,US$/m3,E,False
Water use,Pressure on water resources,SDG 6.4.1. Industrial Water Use Efficiency,Iceland,2020,15.528629133,US$/m3,E,False
Water use,Pressure on water resources,SDG 6.4.1. Industrial Water Use Efficiency,Iceland,2021,16.800128639,US$/m3,E,False
Water use,Pressure on water resources,SDG 6.4.1. Industrial Water Use Efficiency,India,2018,37.353104358,US$/m3,E,False
Water use,Pressure on water resources,SDG 6.4.1. Industrial Water Use Efficiency,India,2019,35.627586306,US$/m3,E,False
Water use,Pressure on water resources,SDG 6.4.1. Industrial Water Use Efficiency,India,2020,33.083413126,US$/m3,E,False
Water use,Pressure on water resources,SDG 6.4.1. Industrial Water Use Efficiency,India,2021,38.311427049,US$/m3,E,False
Water use,Pressure on water resources,SDG 6.4.1. Industrial Water Use Efficiency,Indonesia,2018,42.080117954,US$/m3,E,False
Water use,Pressure on water resources,SDG 6.4.1. Industrial Water Use Efficiency,Indonesia,2019,43.322645683,US$/m3,E,False
Water use,Pressure on water resources,SDG 6.4.1. Industrial Water Use Efficiency,Indonesia,2020,41.639809281,US$/m3,E,False
Water use,Pressure on water resources,SDG 6.4.1. Industrial Water Use Efficiency,Indonesia,2021,45.106210953,US$/m3,E,False
Water use,Pressure on water resources,SDG 6.4.1. Industrial Water Use Efficiency,Iran (Islamic Republic of),2018,142.623978611,US$/m3,E,False
Water use,Pressure on water resources,SDG 6.4.1. Industrial Water Use Efficiency,Iran (Islamic Republic of),2019,124.488807765,US$/m3,E,False
Water use,Pressure on water resources,SDG 6.4.1. Industrial Water Use Efficiency,Iran (Islamic Republic of),2020,135.885854796,US$/m3,E,False
Water use,Pressure on water resources,SDG 6.4.1. Industrial Water Use Efficiency,Iran (Islamic Republic of),2021,142.198646298,US$/m3,E,False
Water use,Pressure on water resources,SDG 6.4.1. Industrial Water Use Efficiency,Iraq,2018,18.240845004,US$/m3,E,False
Water use,Pressure on water resources,SDG 6.4.1. Industrial Water Use Efficiency,Iraq,2019,18.706607433,US$/m3,E,False
Water use,Pressure on water resources,SDG 6.4.1. Industrial Water Use Efficiency,Iraq,2020,17.187800044,US$/m3,E,False
Water use,Pressure on water resources,SDG 6.4.1. Industrial Water Use Efficiency,Iraq,2021,19.78833408,US$/m3,E,False
Water use,Pressure on water resources,SDG 6.4.1. Industrial Water Use Efficiency,Ireland,2018,243.563870849,US$/m3,E,False
Water use,Pressure on water resources,SDG 6.4.1. Industrial Water Use Efficiency,Ireland,2019,246.145941427,US$/m3,E,False
Water use,Pressure on water resources,SDG 6.4.1. Industrial Water Use Efficiency,Ireland,2020,276.651970831,US$/m3,E,False
Water use,Pressure on water resources,SDG 6.4.1. Industrial Water Use Efficiency,Ireland,2021,311.66327508,US$/m3,E,False
Water use,Pressure on water resources,SDG 6.4.1. Industrial Water Use Efficiency,Israel,2018,560.204889236,US$/m3,E,False
Water use,Pressure on water resources,SDG 6.4.1. Industrial Water Use Efficiency,Israel,2019,575.441683919,US$/m3,E,False
Water use,Pressure on water resources,SDG 6.4.1. Industrial Water Use Efficiency,Israel,2020,559.947514181,US$/m3,E,False
Water use,Pressure on water resources,SDG 6.4.1. Industrial Water Use Efficiency,Israel,2021,599.189337857,US$/m3,E,False
Water use,Pressure on water resources,SDG 6.4.1. Industrial Water Use Efficiency,Italy,2018,47.220064175,US$/m3,E,False
Water use,Pressure on water resources,SDG 6.4.1. Industrial Water Use Efficiency,Italy,2019,47.225574802,US$/m3,E,False
Water use,Pressure on water resources,SDG 6.4.1. Industrial Water Use Efficiency,Italy,2020,42.456321025,US$/m3,E,False
Water use,Pressure on water resources,SDG 6.4.1. Industrial Water Use Efficiency,Italy,2021,47.499953463,US$/m3,E,False
Water use,Pressure on water resources,SDG 6.4.1. Industrial Water Use Efficiency,Jamaica,2018,4.567330629,US$/m3,E,False
Water use,Pressure on water resources,SDG 6.4.1. Industrial Water Use Efficiency,Jamaica,2019,8.135394168,US$/m3,E,False
Water use,Pressure on water resources,SDG 6.4.1. Industrial Water Use Efficiency,Jamaica,2020,67.948342309,US$/m3,E,False
Water use,Pressure on water resources,SDG 6.4.1. Industrial Water Use Efficiency,Jamaica,2021,56.315200559,US$/m3,E,False
Water use,Pressure on water resources,SDG 6.4.1. Industrial Water Use Efficiency,Japan,2018,112.573617387,US$/m3,E,False
Water use,Pressure on water resources,SDG 6.4.1. Industrial Water Use Efficiency,Japan,2019,113.474328643,US$/m3,E,False
Water use,Pressure on water resources,SDG 6.4.1. Industrial Water Use Efficiency,Japan,2020,109.03456794,US$/m3,E,False
Water use,Pressure on water resources,SDG 6.4.1. Industrial Water Use Efficiency,Japan,2021,111.063709917,US$/m3,E,False
Water use,Pressure on water resources,SDG 6.4.1. Industrial Water Use Efficiency,Jordan,2018,268.792986171,US$/m3,E,False
Water use,Pressure on water resources,SDG 6.4.1. Industrial Water Use Efficiency,Jordan,2019,255.448160939,US$/m3,E,False
Water use,Pressure on water resources,SDG 6.4.1. Industrial Water Use Efficiency,Jordan,2020,245.345307399,US$/m3,E,False
Water use,Pressure on water resources,SDG 6.4.1. Industrial Water Use Efficiency,Jordan,2021,254.504188808,US$/m3,E,False
Water use,Pressure on water resources,SDG 6.4.1. Industrial Water Use Efficiency,Kazakhstan,2018,13.279746535,US$/m3,E,False
Water use,Pressure on water resources,SDG 6.4.1. Industrial Water Use Efficiency,Kazakhstan,2019,17.003203073,US$/m3,E,False
Water use,Pressure on water resources,SDG 6.4.1. Industrial Water Use Efficiency,Kazakhstan,2020,14.563966445,US$/m3,E,False
Water use,Pressure on water resources,SDG 6.4.1. Industrial Water Use Efficiency,Kazakhstan,2021,16.276485185,US$/m3,E,False
Water use,Pressure on water resources,SDG 6.4.1. Industrial Water Use Efficiency,Kenya,2018,39.638523119,US$/m3,E,False
Water use,Pressure on water resources,SDG 6.4.1. Industrial Water Use Efficiency,Kenya,2019,40.951095697,US$/m3,E,False
Water use,Pressure on water resources,SDG 6.4.1. Industrial Water Use Efficiency,Kenya,2020,42.265947977,US$/m3,E,False
Water use,Pressure on water resources,SDG 6.4.1. Industrial Water Use Efficiency,Kenya,2021,44.927932253,US$/m3,E,False
Water use,Pressure on water resources,SDG 6.4.1. Industrial Water Use Efficiency,Kuwait,2018,2851.630683975,US$/m3,E,False
Water use,Pressure on water resources,SDG 6.4.1. Industrial Water Use Efficiency,Kuwait,2019,2741.355082882,US$/m3,E,False
Water use,Pressure on water resources,SDG 6.4.1. Industrial Water Use Efficiency,Kuwait,2020,1932.33107643,US$/m3,E,False
Water use,Pressure on water resources,SDG 6.4.1. Industrial Water Use Efficiency,Kuwait,2021,2369.156534188,US$/m3,E,False
Water use,Pressure on water resources,SDG 6.4.1. Industrial Water Use Efficiency,Kyrgyzstan,2018,5.478589245,US$/m3,E,False
Water use,Pressure on water resources,SDG 6.4.1. Industrial Water Use Efficiency,Kyrgyzstan,2019,6.141333183,US$/m3,E,False
Water use,Pressure on water resources,SDG 6.4.1. Industrial Water Use Efficiency,Kyrgyzstan,2020,5.527354542,US$/m3,E,False
Water use,Pressure on water resources,SDG 6.4.1. Industrial Water Use Efficiency,Kyrgyzstan,2021,5.417101533,US$/m3,E,False
Water use,Pressure on water resources,SDG 6.4.1. Industrial Water Use Efficiency,Lao People's Democratic Republic,2018,21.020247593,US$/m3,E,False
Water use,Pressure on water resources,SDG 6.4.1. Industrial Water Use Efficiency,Lao People's Democratic Republic,2019,23.123630994,US$/m3,E,False
Water use,Pressure on water resources,SDG 6.4.1. Industrial Water Use Efficiency,Lao People's Democratic Republic,2020,24.117654436,US$/m3,E,False
Water use,Pressure on water resources,SDG 6.4.1. Industrial Water Use Efficiency,Lao People's Democratic Republic,2021,25.397448342,US$/m3,E,False
Water use,Pressure on water resources,SDG 6.4.1. Industrial Water Use Efficiency,Latvia,2018,125.607832163,US$/m3,E,False
Water use,Pressure on water resources,SDG 6.4.1. Industrial Water Use Efficiency,Latvia,2019,140.503133077,US$/m3,E,False
Water use,Pressure on water resources,SDG 6.4.1. Industrial Water Use Efficiency,Latvia,2020,137.232464461,US$/m3,E,False
Water use,Pressure on water resources,SDG 6.4.1. Industrial Water Use Efficiency,Latvia,2021,144.976150064,US$/m3,E,False
Water use,Pressure on water resources,SDG 6.4.1. Industrial Water Use Efficiency,Lebanon,2018,6.360437053,US$/m3,E,False
Water use,Pressure on water resources,SDG 6.4.1. Industrial Water Use Efficiency,Lebanon,2019,5.093499983,US$/m3,E,False
Water use,Pressure on water resources,SDG 6.4.1. Industrial Water Use Efficiency,Lebanon,2020,5.938905995,US$/m3,E,False
Water use,Pressure on water resources,SDG 6.4.1. Industrial Water Use Efficiency,Lebanon,2021,2.522833045,US$/m3,E,False
Water use,Pressure on water resources,SDG 6.4.1. Industrial Water Use Efficiency,Lesotho,2018,30.756058092,US$/m3,E,False
Water use,Pressure on water resources,SDG 6.4.1. Industrial Water Use Efficiency,Lesotho,2019,29.102929128,US$/m3,E,False
Water use,Pressure on water resources,SDG 6.4.1. Industrial Water Use Efficiency,Lesotho,2020,28.649007284,US$/m3,E,False
Water use,Pressure on water resources,SDG 6.4.1. Industrial Water Use Efficiency,Lesotho,2021,26.405548016,US$/m3,E,False
Water use,Pressure on water resources,SDG 6.4.1. Industrial Water Use Efficiency,Liberia,2018,4.037889308,US$/m3,E,False
Water use,Pressure on water resources,SDG 6.4.1. Industrial Water Use Efficiency,Liberia,2019,3.787376695,US$/m3,E,False
Water use,Pressure on water resources,SDG 6.4.1. Industrial Water Use Efficiency,Liberia,2020,3.595903643,US$/m3,E,False
Water use,Pressure on water resources,SDG 6.4.1. Industrial Water Use Efficiency,Liberia,2021,3.548682858,US$/m3,E,False
Water use,Pressure on water resources,SDG 6.4.1. Industrial Water Use Efficiency,Libya,2018,116.798142441,US$/m3,E,False
Water use,Pressure on water resources,SDG 6.4.1. Industrial Water Use Efficiency,Libya,2019,100.380113895,US$/m3,E,False
Water use,Pressure on water resources,SDG 6.4.1. Industrial Water Use Efficiency,Libya,2020,66.767387697,US$/m3,E,False
Water use,Pressure on water resources,SDG 6.4.1. Industrial Water Use Efficiency,Libya,2021,90.106769332,US$/m3,E,False
Water use,Pressure on water resources,SDG 6.4.1. Industrial Water Use Efficiency,Lithuania,2018,176.787006455,US$/m3,E,False
Water use,Pressure on water resources,SDG 6.4.1. Industrial Water Use Efficiency,Lithuania,2019,182.835526902,US$/m3,E,False
Water use,Pressure on water resources,SDG 6.4.1. Industrial Water Use Efficiency,Lithuania,2020,178.657886921,US$/m3,E,False
Water use,Pressure on water resources,SDG 6.4.1. Industrial Water Use Efficiency,Lithuania,2021,192.354364651,US$/m3,E,False
Water use,Pressure on water resources,SDG 6.4.1. Industrial Water Use Efficiency,Luxembourg,2018,3348.022336433,US$/m3,E,False
Water use,Pressure on water resources,SDG 6.4.1. Industrial Water Use Efficiency,Luxembourg,2019,1585.269509278,US$/m3,E,False
Water use,Pressure on water resources,SDG 6.4.1. Industrial Water Use Efficiency,Luxembourg,2020,1483.585926082,US$/m3,I,False
Water use,Pressure on water resources,SDG 6.4.1. Industrial Water Use Efficiency,Luxembourg,2021,1483.585926082,US$/m3,I,False
Water use,Pressure on water resources,SDG 6.4.1. Industrial Water Use Efficiency,Madagascar,2018,16.147840661,US$/m3,E,False
Water use,Pressure on water resources,SDG 6.4.1. Industrial Water Use Efficiency,Madagascar,2019,17.648415631,US$/m3,E,False
Water use,Pressure on water resources,SDG 6.4.1. Industrial Water Use Efficiency,Madagascar,2020,14.1006861,US$/m3,E,False
Water use,Pressure on water resources,SDG 6.4.1. Industrial Water Use Efficiency,Madagascar,2021,16.242100082,US$/m3,E,False
Water use,Pressure on water resources,SDG 6.4.1. Industrial Water Use Efficiency,Malawi,2018,32.889300277,US$/m3,E,False
Water use,Pressure on water resources,SDG 6.4.1. Industrial Water Use Efficiency,Malawi,2019,34.966252141,US$/m3,E,False
Water use,Pressure on water resources,SDG 6.4.1. Industrial Water Use Efficiency,Malawi,2020,36.36988398,US$/m3,E,False
Water use,Pressure on water resources,SDG 6.4.1. Industrial Water Use Efficiency,Malawi,2021,37.258434288,US$/m3,E,False
Water use,Pressure on water resources,SDG 6.4.1. Industrial Water Use Efficiency,Malaysia,2018,75.92340903,US$/m3,E,False
Water use,Pressure on water resources,SDG 6.4.1. Industrial Water Use Efficiency,Malaysia,2019,77.260764672,US$/m3,E,False
Water use,Pressure on water resources,SDG 6.4.1. Industrial Water Use Efficiency,Malaysia,2020,69.344342348,US$/m3,E,False
Water use,Pressure on water resources,SDG 6.4.1. Industrial Water Use Efficiency,Malaysia,2021,75.777089815,US$/m3,E,False
Water use,Pressure on water resources,SDG 6.4.1. Industrial Water Use Efficiency,Maldives,2018,1860.171400002,US$/m3,E,False
Water use,Pressure on water resources,SDG 6.4.1. Industrial Water Use Efficiency,Maldives,2019,1821.244639862,US$/m3,E,False
Water use,Pressure on water resources,SDG 6.4.1. Industrial Water Use Efficiency,Maldives,2020,1123.905500397,US$/m3,E,False
Water use,Pressure on water resources,SDG 6.4.1. Industrial Water Use Efficiency,Maldives,2021,1199.421589047,US$/m3,E,False
Water use,Pressure on water resources,SDG 6.4.1. Industrial Water Use Efficiency,Mali,2018,828.59785747,US$/m3,E,False
Water use,Pressure on water resources,SDG 6.4.1. Industrial Water Use Efficiency,Mali,2019,910.338390143,US$/m3,E,False
Water use,Pressure on water resources,SDG 6.4.1. Industrial Water Use Efficiency,Mali,2020,924.72089879,US$/m3,E,False
Water use,Pressure on water resources,SDG 6.4.1. Industrial Water Use Efficiency,Mali,2021,931.577649373,US$/m3,E,False
Water use,Pressure on water resources,SDG 6.4.1. Industrial Water Use Efficiency,Malta,2018,1397.40080906,US$/m3,E,False
Water use,Pressure on water resources,SDG 6.4.1. Industrial Water Use Efficiency,Malta,2019,1562.24249361,US$/m3,E,False
Water use,Pressure on water resources,SDG 6.4.1. Industrial Water Use Efficiency,Malta,2020,1549.435536221,US$/m3,E,False
Water use,Pressure on water resources,SDG 6.4.1. Industrial Water Use Efficiency,Malta,2021,1613.580800612,US$/m3,E,False
Water use,Pressure on water resources,SDG 6.4.1. Industrial Water Use Efficiency,Mauritania,2018,46.566366575,US$/m3,E,False
Water use,Pressure on water resources,SDG 6.4.1. Industrial Water Use Efficiency,Mauritania,2019,59.146057451,US$/m3,E,False
Water use,Pressure on water resources,SDG 6.4.1. Industrial Water Use Efficiency,Mauritania,2020,69.072042598,US$/m3,E,False
Water use,Pressure on water resources,SDG 6.4.1. Industrial Water Use Efficiency,Mauritania,2021,72.325097117,US$/m3,E,False
Water use,Pressure on water resources,SDG 6.4.1. Industrial Water Use Efficiency,Mauritius,2018,194.510487199,US$/m3,E,False
Water use,Pressure on water resources,SDG 6.4.1. Industrial Water Use Efficiency,Mauritius,2019,211.933786411,US$/m3,E,False
Water use,Pressure on water resources,SDG 6.4.1. Industrial Water Use Efficiency,Mauritius,2020,196.590402513,US$/m3,E,False
Water use,Pressure on water resources,SDG 6.4.1. Industrial Water Use Efficiency,Mauritius,2021,227.402662318,US$/m3,E,False
Water use,Pressure on water resources,SDG 6.4.1. Industrial Water Use Efficiency,Mexico,2018,43.154989784,US$/m3,E,False
Water use,Pressure on water resources,SDG 6.4.1. Industrial Water Use Efficiency,Mexico,2019,41.899117605,US$/m3,E,False
Water use,Pressure on water resources,SDG 6.4.1. Industrial Water Use Efficiency,Mexico,2020,37.364267572,US$/m3,E,False
Water use,Pressure on water resources,SDG 6.4.1. Industrial Water Use Efficiency,Mexico,2021,40.956064693,US$/m3,E,False
Water use,Pressure on water resources,SDG 6.4.1. Industrial Water Use Efficiency,Mongolia,2018,28.888031505,US$/m3,E,False
Water use,Pressure on water resources,SDG 6.4.1. Industrial Water Use Efficiency,Mongolia,2019,30.639921533,US$/m3,E,False
Water use,Pressure on water resources,SDG 6.4.1. Industrial Water Use Efficiency,Mongolia,2020,28.241652448,US$/m3,E,False
Water use,Pressure on water resources,SDG 6.4.1. Industrial Water Use Efficiency,Mongolia,2021,28.596463152,US$/m3,E,False
Water use,Pressure on water resources,SDG 6.4.1. Industrial Water Use Efficiency,Montenegro,2018,7.879949142,US$/m3,E,False
Water use,Pressure on water resources,SDG 6.4.1. Industrial Water Use Efficiency,Montenegro,2019,8.670383573,US$/m3,E,False
Water use,Pressure on water resources,SDG 6.4.1. Industrial Water Use Efficiency,Montenegro,2020,7.580192289,US$/m3,E,False
Water use,Pressure on water resources,SDG 6.4.1. Industrial Water Use Efficiency,Montenegro,2021,7.310787471,US$/m3,E,False
Water use,Pressure on water resources,SDG 6.4.1. Industrial Water Use Efficiency,Morocco,2018,112.178712948,US$/m3,E,False
Water use,Pressure on water resources,SDG 6.4.1. Industrial Water Use Efficiency,Morocco,2019,108.065765756,US$/m3,E,False
Water use,Pressure on water resources,SDG 6.4.1. Industrial Water Use Efficiency,Morocco,2020,96.452495883,US$/m3,E,False
Water use,Pressure on water resources,SDG 6.4.1. Industrial Water Use Efficiency,Morocco,2021,100.097510853,US$/m3,E,False
Water use,Pressure on water resources,SDG 6.4.1. Industrial Water Use Efficiency,Mozambique,2018,158.698509043,US$/m3,E,False
Water use,Pressure on water resources,SDG 6.4.1. Industrial Water Use Efficiency,Mozambique,2019,151.702354085,US$/m3,E,False
Water use,Pressure on water resources,SDG 6.4.1. Industrial Water Use Efficiency,Mozambique,2020,133.180980151,US$/m3,E,False
Water use,Pressure on water resources,SDG 6.4.1. Industrial Water Use Efficiency,Mozambique,2021,140.589472252,US$/m3,E,False
Water use,Pressure on water resources,SDG 6.4.1. Industrial Water Use Efficiency,Myanmar,2018,56.246755176,US$/m3,E,False
Water use,Pressure on water resources,SDG 6.4.1. Industrial Water Use Efficiency,Myanmar,2019,58.552366111,US$/m3,E,False
Water use,Pressure on water resources,SDG 6.4.1. Industrial Water Use Efficiency,Myanmar,2020,53.035366025,US$/m3,E,False
Water use,Pressure on water resources,SDG 6.4.1. Industrial Water Use Efficiency,Myanmar,2021,39.940306754,US$/m3,E,False
Water use,Pressure on water resources,SDG 6.4.1. Industrial Water Use Efficiency,Namibia,2018,188.007787785,US$/m3,E,False
Water use,Pressure on water resources,SDG 6.4.1. Industrial Water Use Efficiency,Namibia,2019,189.758085586,US$/m3,E,False
Water use,Pressure on water resources,SDG 6.4.1. Industrial Water Use Efficiency,Namibia,2020,164.096080302,US$/m3,E,False
Water use,Pressure on water resources,SDG 6.4.1. Industrial Water Use Efficiency,Namibia,2021,165.988089647,US$/m3,E,False
Water use,Pressure on water resources,SDG 6.4.1. Industrial Water Use Efficiency,Nepal,2018,108.270770036,US$/m3,E,False
Water use,Pressure on water resources,SDG 6.4.1. Industrial Water Use Efficiency,Nepal,2019,118.290000887,US$/m3,E,False
Water use,Pressure on water resources,SDG 6.4.1. Industrial Water Use Efficiency,Nepal,2020,98.006059692,US$/m3,E,False
Water use,Pressure on water resources,SDG 6.4.1. Industrial Water Use Efficiency,Nepal,2021,105.840223756,US$/m3,E,False
Water use,Pressure on water resources,SDG 6.4.1. Industrial Water Use Efficiency,Netherlands (Kingdom of the),2018,22.876882311,US$/m3,E,False
Water use,Pressure on water resources,SDG 6.4.1. Industrial Water Use Efficiency,Netherlands (Kingdom of the),2019,21.575995573,US$/m3,E,False
Water use,Pressure on water resources,SDG 6.4.1. Industrial Water Use Efficiency,Netherlands (Kingdom of the),2020,22.274434146,US$/m3,E,False
Water use,Pressure on water resources,SDG 6.4.1. Industrial Water Use Efficiency,Netherlands (Kingdom of the),2021,23.299010636,US$/m3,E,False
Water use,Pressure on water resources,SDG 6.4.1. Industrial Water Use Efficiency,New Zealand,2018,29.711635177,US$/m3,E,False
Water use,Pressure on water resources,SDG 6.4.1. Industrial Water Use Efficiency,New Zealand,2019,30.662278081,US$/m3,E,False
Water use,Pressure on water resources,SDG 6.4.1. Industrial Water Use Efficiency,New Zealand,2020,30.54040869,US$/m3,E,False
Water use,Pressure on water resources,SDG 6.4.1. Industrial Water Use Efficiency,New Zealand,2021,31.631380533,US$/m3,E,False
Water use,Pressure on water resources,SDG 6.4.1. Industrial Water Use Efficiency,Nicaragua,2018,402.485026362,US$/m3,E,False
Water use,Pressure on water resources,SDG 6.4.1. Industrial Water Use Efficiency,Nicaragua,2019,4430.557862629,US$/m3,E,False
Water use,Pressure on water resources,SDG 6.4.1. Industrial Water Use Efficiency,Nicaragua,2020,4631.172414637,US$/m3,E,False
Water use,Pressure on water resources,SDG 6.4.1. Industrial Water Use Efficiency,Nicaragua,2021,5446.001927621,US$/m3,E,False
Water use,Pressure on water resources,SDG 6.4.1. Industrial Water Use Efficiency,Niger,2018,56.086272058,US$/m3,E,False
Water use,Pressure on water resources,SDG 6.4.1. Industrial Water Use Efficiency,Niger,2019,59.659796292,US$/m3,E,False
Water use,Pressure on water resources,SDG 6.4.1. Industrial Water Use Efficiency,Niger,2020,60.787430002,US$/m3,E,False
Water use,Pressure on water resources,SDG 6.4.1. Industrial Water Use Efficiency,Niger,2021,63.321376586,US$/m3,E,False
Water use,Pressure on water resources,SDG 6.4.1. Industrial Water Use Efficiency,Nigeria,2018,63.336363044,US$/m3,E,False
Water use,Pressure on water resources,SDG 6.4.1. Industrial Water Use Efficiency,Nigeria,2019,68.826785953,US$/m3,E,False
Water use,Pressure on water resources,SDG 6.4.1. Industrial Water Use Efficiency,Nigeria,2020,69.584664525,US$/m3,E,False
Water use,Pressure on water resources,SDG 6.4.1. Industrial Water Use Efficiency,Nigeria,2021,79.748739975,US$/m3,E,False
Water use,Pressure on water resources,SDG 6.4.1. Industrial Water Use Efficiency,North Macedonia,2018,102.267879356,US$/m3,E,False
Water use,Pressure on water resources,SDG 6.4.1. Industrial Water Use Efficiency,North Macedonia,2019,92.90042529,US$/m3,E,False
Water use,Pressure on water resources,SDG 6.4.1. Industrial Water Use Efficiency,North Macedonia,2020,87.174081653,US$/m3,E,False
Water use,Pressure on water resources,SDG 6.4.1. Industrial Water Use Efficiency,North Macedonia,2021,84.542511457,US$/m3,E,False
Water use,Pressure on water resources,SDG 6.4.1. Industrial Water Use Efficiency,Norway,2018,108.763785343,US$/m3,E,False
Water use,Pressure on water resources,SDG 6.4.1. Industrial Water Use Efficiency,Norway,2019,99.237321799,US$/m3,E,False
Water use,Pressure on water resources,SDG 6.4.1. Industrial Water Use Efficiency,Norway,2020,89.235272813,US$/m3,E,False
Water use,Pressure on water resources,SDG 6.4.1. Industrial Water Use Efficiency,Norway,2021,125.647493473,US$/m3,E,False
Water use,Pressure on water resources,SDG 6.4.1. Industrial Water Use Efficiency,Oman,2018,182.240529602,US$/m3,E,False
Water use,Pressure on water resources,SDG 6.4.1. Industrial Water Use Efficiency,Oman,2019,171.511224438,US$/m3,E,False
Water use,Pressure on water resources,SDG 6.4.1. Industrial Water Use Efficiency,Oman,2020,149.710882441,US$/m3,E,False
Water use,Pressure on water resources,SDG 6.4.1. Industrial Water Use Efficiency,Oman,2021,166.676382463,US$/m3,E,False
Water use,Pressure on water resources,SDG 6.4.1. Industrial Water Use Efficiency,Pakistan,2018,42.830501037,US$/m3,E,False
Water use,Pressure on water resources,SDG 6.4.1. Industrial Water Use Efficiency,Pakistan,2019,46.107251418,US$/m3,E,False
Water use,Pressure on water resources,SDG 6.4.1. Industrial Water Use Efficiency,Pakistan,2020,42.236540663,US$/m3,E,False
Water use,Pressure on water resources,SDG 6.4.1. Industrial Water Use Efficiency,Pakistan,2021,45.055386801,US$/m3,E,False
Water use,Pressure on water resources,SDG 6.4.1. Industrial Water Use Efficiency,Palestine,2018,87.621634945,US$/m3,E,False
Water use,Pressure on water resources,SDG 6.4.1. Industrial Water Use Efficiency,Palestine,2019,79.817936343,US$/m3,E,False
Water use,Pressure on water resources,SDG 6.4.1. Industrial Water Use Efficiency,Palestine,2020,63.759946396,US$/m3,E,False
Water use,Pressure on water resources,SDG 6.4.1. Industrial Water Use Efficiency,Palestine,2021,65.577490558,US$/m3,E,False
Water use,Pressure on water resources,SDG 6.4.1. Industrial Water Use Efficiency,Panama,2018,2782.297791421,US$/m3,E,False
Water use,Pressure on water resources,SDG 6.4.1. Industrial Water Use Efficiency,Panama,2019,2871.542644753,US$/m3,E,False
Water use,Pressure on water resources,SDG 6.4.1. Industrial Water Use Efficiency,Panama,2020,1841.898207647,US$/m3,E,False
Water use,Pressure on water resources,SDG 6.4.1. Industrial Water Use Efficiency,Panama,2021,2507.001218396,US$/m3,E,False
Water use,Pressure on water resources,SDG 6.4.1. Industrial Water Use Efficiency,Papua New Guinea,2018,50.720199243,US$/m3,E,False
Water use,Pressure on water resources,SDG 6.4.1. Industrial Water Use Efficiency,Papua New Guinea,2019,52.661131889,US$/m3,E,False
Water use,Pressure on water resources,SDG 6.4.1. Industrial Water Use Efficiency,Papua New Guinea,2020,45.642461926,US$/m3,E,False
Water use,Pressure on water resources,SDG 6.4.1. Industrial Water Use Efficiency,Papua New Guinea,2021,47.785660389,US$/m3,E,False
Water use,Pressure on water resources,SDG 6.4.1. Industrial Water Use Efficiency,Paraguay,2018,67.046167118,US$/m3,E,False
Water use,Pressure on water resources,SDG 6.4.1. Industrial Water Use Efficiency,Paraguay,2019,66.956591792,US$/m3,E,False
Water use,Pressure on water resources,SDG 6.4.1. Industrial Water Use Efficiency,Paraguay,2020,68.336022083,US$/m3,E,False
Water use,Pressure on water resources,SDG 6.4.1. Industrial Water Use Efficiency,Paraguay,2021,77.95505438,US$/m3,E,False
Water use,Pressure on water resources,SDG 6.4.1. Industrial Water Use Efficiency,Peru,2018,17.940990095,US$/m3,E,False
Water use,Pressure on water resources,SDG 6.4.1. Industrial Water Use Efficiency,Peru,2019,17.050977501,US$/m3,E,False
Water use,Pressure on water resources,SDG 6.4.1. Industrial Water Use Efficiency,Peru,2020,14.920118951,US$/m3,E,False
Water use,Pressure on water resources,SDG 6.4.1. Industrial Water Use Efficiency,Peru,2021,20.078832798,US$/m3,E,False
Water use,Pressure on water resources,SDG 6.4.1. Industrial Water Use Efficiency,Philippines,2018,6.345851606,US$/m3,E,False
Water use,Pressure on water resources,SDG 6.4.1. Industrial Water Use Efficiency,Philippines,2019,10.912340109,US$/m3,E,False
Water use,Pressure on water resources,SDG 6.4.1. Industrial Water Use Efficiency,Philippines,2020,8.427371643,US$/m3,E,False
Water use,Pressure on water resources,SDG 6.4.1. Industrial Water Use Efficiency,Philippines,2021,8.086863893,US$/m3,E,False
Water use,Pressure on water resources,SDG 6.4.1. Industrial Water Use Efficiency,Poland,2018,20.912435579,US$/m3,E,False
Water use,Pressure on water resources,SDG 6.4.1. Industrial Water Use Efficiency,Poland,2019,22.120457301,US$/m3,E,False
Water use,Pressure on water resources,SDG 6.4.1. Industrial Water Use Efficiency,Poland,2020,23.503770248,US$/m3,E,False
Water use,Pressure on water resources,SDG 6.4.1. Industrial Water Use Efficiency,Poland,2021,22.909757885,US$/m3,E,False
Water use,Pressure on water resources,SDG 6.4.1. Industrial Water Use Efficiency,Portugal,2018,19.159083809,US$/m3,E,False
Water use,Pressure on water resources,SDG 6.4.1. Industrial Water Use Efficiency,Portugal,2019,19.360735216,US$/m3,E,False
Water use,Pressure on water resources,SDG 6.4.1. Industrial Water Use Efficiency,Portugal,2020,18.319367338,US$/m3,E,False
Water use,Pressure on water resources,SDG 6.4.1. Industrial Water Use Efficiency,Portugal,2021,19.812567542,US$/m3,E,False
Water use,Pressure on water resources,SDG 6.4.1. Industrial Water Use Efficiency,Puerto Rico,2018,19.522302752,US$/m3,E,False
Water use,Pressure on water resources,SDG 6.4.1. Industrial Water Use Efficiency,Puerto Rico,2019,19.847747067,US$/m3,E,False
Water use,Pressure on water resources,SDG 6.4.1. Industrial Water Use Efficiency,Puerto Rico,2020,19.410872209,US$/m3,E,False
Water use,Pressure on water resources,SDG 6.4.1. Industrial Water Use Efficiency,Puerto Rico,2021,19.172268317,US$/m3,E,False
Water use,Pressure on water resources,SDG 6.4.1. Industrial Water Use Efficiency,Qatar,2018,2783.14979842,US$/m3,E,False
Water use,Pressure on water resources,SDG 6.4.1. Industrial Water Use Efficiency,Qatar,2019,2139.553963243,US$/m3,E,False
Water use,Pressure on water resources,SDG 6.4.1. Industrial Water Use Efficiency,Qatar,2020,2118.364394781,US$/m3,E,False
Water use,Pressure on water resources,SDG 6.4.1. Industrial Water Use Efficiency,Qatar,2021,2408.0056022,US$/m3,E,False
Water use,Pressure on water resources,SDG 6.4.1. Industrial Water Use Efficiency,Republic of Korea,2018,115.890936136,US$/m3,E,False
Water use,Pressure on water resources,SDG 6.4.1. Industrial Water Use Efficiency,Republic of Korea,2019,113.26948789,US$/m3,E,False
Water use,Pressure on water resources,SDG 6.4.1. Industrial Water Use Efficiency,Republic of Korea,2020,110.798961766,US$/m3,E,False
Water use,Pressure on water resources,SDG 6.4.1. Industrial Water Use Efficiency,Republic of Korea,2021,116.856936352,US$/m3,E,False
Water use,Pressure on water resources,SDG 6.4.1. Industrial Water Use Efficiency,Republic of Moldova,2018,2.937464268,US$/m3,E,False
Water use,Pressure on water resources,SDG 6.4.1. Industrial Water Use Efficiency,Republic of Moldova,2019,3.060830424,US$/m3,E,False
Water use,Pressure on water resources,SDG 6.4.1. Industrial Water Use Efficiency,Republic of Moldova,2020,2.807955519,US$/m3,E,False
Water use,Pressure on water resources,SDG 6.4.1. Industrial Water Use Efficiency,Republic of Moldova,2021,2.899438533,US$/m3,E,False
Water use,Pressure on water resources,SDG 6.4.1. Industrial Water Use Efficiency,Romania,2018,13.784260977,US$/m3,E,False
Water use,Pressure on water resources,SDG 6.4.1. Industrial Water Use Efficiency,Romania,2019,12.572625195,US$/m3,E,False
Water use,Pressure on water resources,SDG 6.4.1. Industrial Water Use Efficiency,Romania,2020,12.085278084,US$/m3,E,False
Water use,Pressure on water resources,SDG 6.4.1. Industrial Water Use Efficiency,Romania,2021,12.356435506,US$/m3,E,False
Water use,Pressure on water resources,SDG 6.4.1. Industrial Water Use Efficiency,Russian Federation,2018,14.496429464,US$/m3,E,False
Water use,Pressure on water resources,SDG 6.4.1. Industrial Water Use Efficiency,Russian Federation,2019,14.656886621,US$/m3,E,False
Water use,Pressure on water resources,SDG 6.4.1. Industrial Water Use Efficiency,Russian Federation,2020,13.351820464,US$/m3,E,False
Water use,Pressure on water resources,SDG 6.4.1. Industrial Water Use Efficiency,Russian Federation,2021,15.513947067,US$/m3,E,False
Water use,Pressure on water resources,SDG 6.4.1. Industrial Water Use Efficiency,Rwanda,2018,150.843221686,US$/m3,E,False
Water use,Pressure on water resources,SDG 6.4.1. Industrial Water Use Efficiency,Rwanda,2019,193.247290641,US$/m3,E,False
Water use,Pressure on water resources,SDG 6.4.1. Industrial Water Use Efficiency,Rwanda,2020,184.209046328,US$/m3,E,False
Water use,Pressure on water resources,SDG 6.4.1. Industrial Water Use Efficiency,Rwanda,2021,226.296021505,US$/m3,E,False
Water use,Pressure on water resources,SDG 6.4.1. Industrial Water Use Efficiency,Saint Vincent and the Grenadines,2018,48610.637174921,US$/m3,E,False
Water use,Pressure on water resources,SDG 6.4.1. Industrial Water Use Efficiency,Saint Vincent and the Grenadines,2019,44142.994496191,US$/m3,E,False
Water use,Pressure on water resources,SDG 6.4.1. Industrial Water Use Efficiency,Saint Vincent and the Grenadines,2020,39406.912161826,US$/m3,E,False
Water use,Pressure on water resources,SDG 6.4.1. Industrial Water Use Efficiency,Saint Vincent and the Grenadines,2021,41884.675342209,US$/m3,E,False
Water use,Pressure on water resources,SDG 6.4.1. Industrial Water Use Efficiency,Sao Tome and Principe,2018,70.867022432,US$/m3,E,False
Water use,Pressure on water resources,SDG 6.4.1. Industrial Water Use Efficiency,Sao Tome and Principe,2019,68.703660914,US$/m3,E,False
Water use,Pressure on water resources,SDG 6.4.1. Industrial Water Use Efficiency,Sao Tome and Principe,2020,70.127894517,US$/m3,E,False
Water use,Pressure on water resources,SDG 6.4.1. Industrial Water Use Efficiency,Sao Tome and Principe,2021,73.169127712,US$/m3,E,False
Water use,Pressure on water resources,SDG 6.4.1. Industrial Water Use Efficiency,Saudi Arabia,2018,235.241962297,US$/m3,E,False
Water use,Pressure on water resources,SDG 6.4.1. Industrial Water Use Efficiency,Saudi Arabia,2019,221.239808311,US$/m3,E,False
Water use,Pressure on water resources,SDG 6.4.1. Industrial Water Use Efficiency,Saudi Arabia,2020,179.18375513,US$/m3,E,False
Water use,Pressure on water resources,SDG 6.4.1. Industrial Water Use Efficiency,Saudi Arabia,2021,212.145814221,US$/m3,E,False
Water use,Pressure on water resources,SDG 6.4.1. Industrial Water Use Efficiency,Senegal,2018,3304.864002456,US$/m3,E,False
Water use,Pressure on water resources,SDG 6.4.1. Industrial Water Use Efficiency,Senegal,2019,3430.90278317,US$/m3,E,False
Water use,Pressure on water resources,SDG 6.4.1. Industrial Water Use Efficiency,Senegal,2020,3405.494818711,US$/m3,E,False
Water use,Pressure on water resources,SDG 6.4.1. Industrial Water Use Efficiency,Senegal,2021,3802.113067233,US$/m3,E,False
Water use,Pressure on water resources,SDG 6.4.1. Industrial Water Use Efficiency,Serbia,2018,2.187927312,US$/m3,E,False
Water use,Pressure on water resources,SDG 6.4.1. Industrial Water Use Efficiency,Serbia,2019,2.293108557,US$/m3,E,False
Water use,Pressure on water resources,SDG 6.4.1. Industrial Water Use Efficiency,Serbia,2020,2.329543659,US$/m3,E,False
Water use,Pressure on water resources,SDG 6.4.1. Industrial Water Use Efficiency,Serbia,2021,2.737727693,US$/m3,E,False
Water use,Pressure on water resources,SDG 6.4.1. Industrial Water Use Efficiency,Seychelles,2018,41.93844096,US$/m3,E,False
Water use,Pressure on water resources,SDG 6.4.1. Industrial Water Use Efficiency,Seychelles,2019,42.69739008,US$/m3,E,False
Water use,Pressure on water resources,SDG 6.4.1. Industrial Water Use Efficiency,Seychelles,2020,46.752344503,US$/m3,E,False
Water use,Pressure on water resources,SDG 6.4.1. Industrial Water Use Efficiency,Seychelles,2021,39.562813173,US$/m3,E,False
Water use,Pressure on water resources,SDG 6.4.1. Industrial Water Use Efficiency,Sierra Leone,2018,4.45668136,US$/m3,E,False
Water use,Pressure on water resources,SDG 6.4.1. Industrial Water Use Efficiency,Sierra Leone,2019,4.9062067,US$/m3,E,False
Water use,Pressure on water resources,SDG 6.4.1. Industrial Water Use Efficiency,Sierra Leone,2020,4.500568148,US$/m3,E,False
Water use,Pressure on water resources,SDG 6.4.1. Industrial Water Use Efficiency,Sierra Leone,2021,5.333259273,US$/m3,E,False
Water use,Pressure on water resources,SDG 6.4.1. Industrial Water Use Efficiency,Singapore,2018,250.552863431,US$/m3,E,False
Water use,Pressure on water resources,SDG 6.4.1. Industrial Water Use Efficiency,Singapore,2019,237.351737617,US$/m3,E,False
Water use,Pressure on water resources,SDG 6.4.1. Industrial Water Use Efficiency,Singapore,2020,222.968402979,US$/m3,E,False
Water use,Pressure on water resources,SDG 6.4.1. Industrial Water Use Efficiency,Singapore,2021,255.239085307,US$/m3,E,False
Water use,Pressure on water resources,SDG 6.4.1. Industrial Water Use Efficiency,Slovakia,2018,107.737385543,US$/m3,E,False
Water use,Pressure on water resources,SDG 6.4.1. Industrial Water Use Efficiency,Slovakia,2019,109.678723404,US$/m3,E,False
Water use,Pressure on water resources,SDG 6.4.1. Industrial Water Use Efficiency,Slovakia,2020,101.025762897,US$/m3,E,False
Water use,Pressure on water resources,SDG 6.4.1. Industrial Water Use Efficiency,Slovakia,2021,106.106826591,US$/m3,E,False
Water use,Pressure on water resources,SDG 6.4.1. Industrial Water Use Efficiency,Slovenia,2018,15.840386404,US$/m3,E,False
Water use,Pressure on water resources,SDG 6.4.1. Industrial Water Use Efficiency,Slovenia,2019,17.06410721,US$/m3,E,False
Water use,Pressure on water resources,SDG 6.4.1. Industrial Water Use Efficiency,Slovenia,2020,15.158692103,US$/m3,E,False
Water use,Pressure on water resources,SDG 6.4.1. Industrial Water Use Efficiency,Slovenia,2021,17.726130607,US$/m3,E,False
Water use,Pressure on water resources,SDG 6.4.1. Industrial Water Use Efficiency,Somalia,2018,204.516974481,US$/m3,E,False
Water use,Pressure on water resources,SDG 6.4.1. Industrial Water Use Efficiency,Somalia,2019,210.128210675,US$/m3,E,False
Water use,Pressure on water resources,SDG 6.4.1. Industrial Water Use Efficiency,Somalia,2020,209.373212457,US$/m3,E,False
Water use,Pressure on water resources,SDG 6.4.1. Industrial Water Use Efficiency,Somalia,2021,215.603675138,US$/m3,E,False
Water use,Pressure on water resources,SDG 6.4.1. Industrial Water Use Efficiency,South Africa,2018,18.414218769,US$/m3,E,False
Water use,Pressure on water resources,SDG 6.4.1. Industrial Water Use Efficiency,South Africa,2019,17.706887547,US$/m3,E,False
Water use,Pressure on water resources,SDG 6.4.1. Industrial Water Use Efficiency,South Africa,2020,16.820598466,US$/m3,E,False
Water use,Pressure on water resources,SDG 6.4.1. Industrial Water Use Efficiency,South Africa,2021,18.424713877,US$/m3,E,False
Water use,Pressure on water resources,SDG 6.4.1. Industrial Water Use Efficiency,South Sudan,2018,13.009925963,US$/m3,E,False
Water use,Pressure on water resources,SDG 6.4.1. Industrial Water Use Efficiency,South Sudan,2019,14.174478624,US$/m3,E,False
Water use,Pressure on water resources,SDG 6.4.1. Industrial Water Use Efficiency,South Sudan,2020,10.163650394,US$/m3,E,False
Water use,Pressure on water resources,SDG 6.4.1. Industrial Water Use Efficiency,South Sudan,2021,13.203136594,US$/m3,E,False
Water use,Pressure on water resources,SDG 6.4.1. Industrial Water Use Efficiency,Spain,2018,37.687523498,US$/m3,E,False
Water use,Pressure on water resources,SDG 6.4.1. Industrial Water Use Efficiency,Spain,2019,39.746713707,US$/m3,E,False
Water use,Pressure on water resources,SDG 6.4.1. Industrial Water Use Efficiency,Spain,2020,35.77694898,US$/m3,E,False
Water use,Pressure on water resources,SDG 6.4.1. Industrial Water Use Efficiency,Spain,2021,37.867758455,US$/m3,E,False
Water use,Pressure on water resources,SDG 6.4.1. Industrial Water Use Efficiency,Sri Lanka,2018,27.357475472,US$/m3,E,False
Water use,Pressure on water resources,SDG 6.4.1. Industrial Water Use Efficiency,Sri Lanka,2019,29.039599784,US$/m3,E,False
Water use,Pressure on water resources,SDG 6.4.1. Industrial Water Use Efficiency,Sri Lanka,2020,26.835397439,US$/m3,E,False
Water use,Pressure on water resources,SDG 6.4.1. Industrial Water Use Efficiency,Sri Lanka,2021,29.945799102,US$/m3,E,False
Water use,Pressure on water resources,SDG 6.4.1. Industrial Water Use Efficiency,Sudan,2018,293.42827393,US$/m3,E,False
Water use,Pressure on water resources,SDG 6.4.1. Industrial Water Use Efficiency,Sudan,2019,269.216095132,US$/m3,E,False
Water use,Pressure on water resources,SDG 6.4.1. Industrial Water Use Efficiency,Sudan,2020,180.504986981,US$/m3,E,False
Water use,Pressure on water resources,SDG 6.4.1. Industrial Water Use Efficiency,Sudan,2021,461.817271588,US$/m3,E,False
Water use,Pressure on water resources,SDG 6.4.1. Industrial Water Use Efficiency,Suriname,2018,13.824272244,US$/m3,E,False
Water use,Pressure on water resources,SDG 6.4.1. Industrial Water Use Efficiency,Suriname,2019,12.397877354,US$/m3,E,False
Water use,Pressure on water resources,SDG 6.4.1. Industrial Water Use Efficiency,Suriname,2020,11.382902071,US$/m3,E,False
Water use,Pressure on water resources,SDG 6.4.1. Industrial Water Use Efficiency,Suriname,2021,11.295736227,US$/m3,E,False
Water use,Pressure on water resources,SDG 6.4.1. Industrial Water Use Efficiency,Sweden,2018,81.208038175,US$/m3,E,False
Water use,Pressure on water resources,SDG 6.4.1. Industrial Water Use Efficiency,Sweden,2019,82.517744169,US$/m3,E,False
Water use,Pressure on water resources,SDG 6.4.1. Industrial Water Use Efficiency,Sweden,2020,80.938132225,US$/m3,E,False
Water use,Pressure on water resources,SDG 6.4.1. Industrial Water Use Efficiency,Sweden,2021,87.301755071,US$/m3,E,False
Water use,Pressure on water resources,SDG 6.4.1. Industrial Water Use Efficiency,Switzerland,2018,267.026883884,US$/m3,E,False
Water use,Pressure on water resources,SDG 6.4.1. Industrial Water Use Efficiency,Switzerland,2019,273.010166079,US$/m3,E,False
Water use,Pressure on water resources,SDG 6.4.1. Industrial Water Use Efficiency,Switzerland,2020,267.20122647,US$/m3,E,False
Water use,Pressure on water resources,SDG 6.4.1. Industrial Water Use Efficiency,Switzerland,2021,284.0769445,US$/m3,E,False
Water use,Pressure on water resources,SDG 6.4.1. Industrial Water Use Efficiency,Syrian Arab Republic,2018,9.124415527,US$/m3,E,False
Water use,Pressure on water resources,SDG 6.4.1. Industrial Water Use Efficiency,Syrian Arab Republic,2019,9.475783421,US$/m3,E,False
Water use,Pressure on water resources,SDG 6.4.1. Industrial Water Use Efficiency,Syrian Arab Republic,2020,8.477069634,US$/m3,E,False
Water use,Pressure on water resources,SDG 6.4.1. Industrial Water Use Efficiency,Syrian Arab Republic,2021,8.230942231,US$/m3,E,False
Water use,Pressure on water resources,SDG 6.4.1. Industrial Water Use Efficiency,Tajikistan,2018,1.900296569,US$/m3,E,False
Water use,Pressure on water resources,SDG 6.4.1. Industrial Water Use Efficiency,Tajikistan,2019,1.937910308,US$/m3,E,False
Water use,Pressure on water resources,SDG 6.4.1. Industrial Water Use Efficiency,Tajikistan,2020,2.062128101,US$/m3,E,False
Water use,Pressure on water resources,SDG 6.4.1. Industrial Water Use Efficiency,Tajikistan,2021,1.704080412,US$/m3,E,False
Water use,Pressure on water resources,SDG 6.4.1. Industrial Water Use Efficiency,Thailand,2018,51.551199943,US$/m3,E,False
Water use,Pressure on water resources,SDG 6.4.1. Industrial Water Use Efficiency,Thailand,2019,50.627598047,US$/m3,E,False
Water use,Pressure on water resources,SDG 6.4.1. Industrial Water Use Efficiency,Thailand,2020,47.020047337,US$/m3,E,False
Water use,Pressure on water resources,SDG 6.4.1. Industrial Water Use Efficiency,Thailand,2021,50.385602253,US$/m3,E,False
Water use,Pressure on water resources,SDG 6.4.1. Industrial Water Use Efficiency,Timor-Leste,2018,128.17405739,US$/m3,E,False
Water use,Pressure on water resources,SDG 6.4.1. Industrial Water Use Efficiency,Timor-Leste,2019,285.661445361,US$/m3,E,False
Water use,Pressure on water resources,SDG 6.4.1. Industrial Water Use Efficiency,Timor-Leste,2020,265.705478309,US$/m3,E,False
Water use,Pressure on water resources,SDG 6.4.1. Industrial Water Use Efficiency,Timor-Leste,2021,256.107601035,US$/m3,E,False
Water use,Pressure on water resources,SDG 6.4.1. Industrial Water Use Efficiency,Togo,2018,179.765300132,US$/m3,E,False
Water use,Pressure on water resources,SDG 6.4.1. Industrial Water Use Efficiency,Togo,2019,174.312266267,US$/m3,E,False
Water use,Pressure on water resources,SDG 6.4.1. Industrial Water Use Efficiency,Togo,2020,189.65944402,US$/m3,E,False
Water use,Pressure on water resources,SDG 6.4.1. Industrial Water Use Efficiency,Togo,2021,192.225172307,US$/m3,E,False
Water use,Pressure on water resources,SDG 6.4.1. Industrial Water Use Efficiency,Trinidad and Tobago,2018,67.737438682,US$/m3,E,False
Water use,Pressure on water resources,SDG 6.4.1. Industrial Water Use Efficiency,Trinidad and Tobago,2019,63.603933188,US$/m3,E,False
Water use,Pressure on water resources,SDG 6.4.1. Industrial Water Use Efficiency,Trinidad and Tobago,2020,50.15362152,US$/m3,E,False
Water use,Pressure on water resources,SDG 6.4.1. Industrial Water Use Efficiency,Trinidad and Tobago,2021,64.316650514,US$/m3,E,False
Water use,Pressure on water resources,SDG 6.4.1. Industrial Water Use Efficiency,Tunisia,2018,252.684543493,US$/m3,E,False
Water use,Pressure on water resources,SDG 6.4.1. Industrial Water Use Efficiency,Tunisia,2019,169.87084255,US$/m3,E,False
Water use,Pressure on water resources,SDG 6.4.1. Industrial Water Use Efficiency,Tunisia,2020,152.793957829,US$/m3,E,False
Water use,Pressure on water resources,SDG 6.4.1. Industrial Water Use Efficiency,Tunisia,2021,170.847923761,US$/m3,E,False
Water use,Pressure on water resources,SDG 6.4.1. Industrial Water Use Efficiency,Turkmenistan,2018,19.291346896,US$/m3,E,False
Water use,Pressure on water resources,SDG 6.4.1. Industrial Water Use Efficiency,Turkmenistan,2019,17.788315261,US$/m3,E,False
Water use,Pressure on water resources,SDG 6.4.1. Industrial Water Use Efficiency,Turkmenistan,2020,17.953567881,US$/m3,E,False
Water use,Pressure on water resources,SDG 6.4.1. Industrial Water Use Efficiency,Turkmenistan,2021,18.588635418,US$/m3,E,False
Water use,Pressure on water resources,SDG 6.4.1. Industrial Water Use Efficiency,Türkiye,2018,245.30591152,US$/m3,E,False
Water use,Pressure on water resources,SDG 6.4.1. Industrial Water Use Efficiency,Türkiye,2019,218.538164949,US$/m3,E,False
Water use,Pressure on water resources,SDG 6.4.1. Industrial Water Use Efficiency,Türkiye,2020,222.235478639,US$/m3,E,False
Water use,Pressure on water resources,SDG 6.4.1. Industrial Water Use Efficiency,Türkiye,2021,277.024875469,US$/m3,E,False
Water use,Pressure on water resources,SDG 6.4.1. Industrial Water Use Efficiency,Uganda,2018,153.667033884,US$/m3,E,False
Water use,Pressure on water resources,SDG 6.4.1. Industrial Water Use Efficiency,Uganda,2019,163.874649725,US$/m3,E,False
Water use,Pressure on water resources,SDG 6.4.1. Industrial Water Use Efficiency,Uganda,2020,163.65401556,US$/m3,E,False
Water use,Pressure on water resources,SDG 6.4.1. Industrial Water Use Efficiency,Uganda,2021,180.059461147,US$/m3,E,False
Water use,Pressure on water resources,SDG 6.4.1. Industrial Water Use Efficiency,Ukraine,2018,4.79332139,US$/m3,E,False
Water use,Pressure on water resources,SDG 6.4.1. Industrial Water Use Efficiency,Ukraine,2019,4.547048012,US$/m3,E,False
Water use,Pressure on water resources,SDG 6.4.1. Industrial Water Use Efficiency,Ukraine,2020,4.251265522,US$/m3,E,False
Water use,Pressure on water resources,SDG 6.4.1. Industrial Water Use Efficiency,Ukraine,2021,4.958506177,US$/m3,E,False
Water use,Pressure on water resources,SDG 6.4.1. Industrial Water Use Efficiency,United Arab Emirates,2018,4467.78292019,US$/m3,E,False
Water use,Pressure on water resources,SDG 6.4.1. Industrial Water Use Efficiency,United Arab Emirates,2019,4316.884387107,US$/m3,E,False
Water use,Pressure on water resources,SDG 6.4.1. Industrial Water Use Efficiency,United Arab Emirates,2020,3763.394952879,US$/m3,E,False
Water use,Pressure on water resources,SDG 6.4.1. Industrial Water Use Efficiency,United Arab Emirates,2021,4435.974139461,US$/m3,E,False
Water use,Pressure on water resources,SDG 6.4.1. Industrial Water Use Efficiency,United Kingdom of Great Britain and Northern Ireland,2018,478.465447701,US$/m3,E,False
Water use,Pressure on water resources,SDG 6.4.1. Industrial Water Use Efficiency,United Kingdom of Great Britain and Northern Ireland,2019,479.397775689,US$/m3,E,False
Water use,Pressure on water resources,SDG 6.4.1. Industrial Water Use Efficiency,United Kingdom of Great Britain and Northern Ireland,2020,410.645691106,US$/m3,E,False
Water use,Pressure on water resources,SDG 6.4.1. Industrial Water Use Efficiency,United Kingdom of Great Britain and Northern Ireland,2021,453.726941456,US$/m3,E,False
Water use,Pressure on water resources,SDG 6.4.1. Industrial Water Use Efficiency,United Republic of Tanzania,2018,616.607047636,US$/m3,E,False
Water use,Pressure on water resources,SDG 6.4.1. Industrial Water Use Efficiency,United Republic of Tanzania,2019,698.976958152,US$/m3,E,False
Water use,Pressure on water resources,SDG 6.4.1. Industrial Water Use Efficiency,United Republic of Tanzania,2020,761.660278207,US$/m3,E,False
Water use,Pressure on water resources,SDG 6.4.1. Industrial Water Use Efficiency,United Republic of Tanzania,2021,794.771267191,US$/m3,E,False
Water use,Pressure on water resources,SDG 6.4.1. Industrial Water Use Efficiency,United States of America,2018,15.853772898,US$/m3,E,False
Water use,Pressure on water resources,SDG 6.4.1. Industrial Water Use Efficiency,United States of America,2019,15.875294365,US$/m3,E,False
Water use,Pressure on water resources,SDG 6.4.1. Industrial Water Use Efficiency,United States of America,2020,14.642789036,US$/m3,E,False
Water use,Pressure on water resources,SDG 6.4.1. Industrial Water Use Efficiency,United States of America,2021,15.855290666,US$/m3,E,False
Water use,Pressure on water resources,SDG 6.4.1. Industrial Water Use Efficiency,Uruguay,2018,115.488572413,US$/m3,E,False
Water use,Pressure on water resources,SDG 6.4.1. Industrial Water Use Efficiency,Uruguay,2019,114.907510309,US$/m3,E,False
Water use,Pressure on water resources,SDG 6.4.1. Industrial Water Use Efficiency,Uruguay,2020,109.152571184,US$/m3,E,False
Water use,Pressure on water resources,SDG 6.4.1. Industrial Water Use Efficiency,Uruguay,2021,112.42689686,US$/m3,E,False
Water use,Pressure on water resources,SDG 6.4.1. Industrial Water Use Efficiency,Uzbekistan,2018,13.237652422,US$/m3,E,False
Water use,Pressure on water resources,SDG 6.4.1. Industrial Water Use Efficiency,Uzbekistan,2019,17.0762993,US$/m3,E,False
Water use,Pressure on water resources,SDG 6.4.1. Industrial Water Use Efficiency,Uzbekistan,2020,17.993712022,US$/m3,E,False
Water use,Pressure on water resources,SDG 6.4.1. Industrial Water Use Efficiency,Uzbekistan,2021,19.369272418,US$/m3,E,False
Water use,Pressure on water resources,SDG 6.4.1. Industrial Water Use Efficiency,Venezuela (Bolivarian Republic of),2018,124.283686011,US$/m3,E,False
Water use,Pressure on water resources,SDG 6.4.1. Industrial Water Use Efficiency,Venezuela (Bolivarian Republic of),2019,104.233076886,US$/m3,E,False
Water use,Pressure on water resources,SDG 6.4.1. Industrial Water Use Efficiency,Venezuela (Bolivarian Republic of),2020,57.144249839,US$/m3,E,False
Water use,Pressure on water resources,SDG 6.4.1. Industrial Water Use Efficiency,Venezuela (Bolivarian Republic of),2021,56.804763348,US$/m3,E,False
Water use,Pressure on water resources,SDG 6.4.1. Industrial Water Use Efficiency,Viet Nam,2018,31.467922089,US$/m3,E,False
Water use,Pressure on water resources,SDG 6.4.1. Industrial Water Use Efficiency,Viet Nam,2019,34.054030494,US$/m3,E,False
Water use,Pressure on water resources,SDG 6.4.1. Industrial Water Use Efficiency,Viet Nam,2020,34.764372951,US$/m3,E,False
Water use,Pressure on water resources,SDG 6.4.1. Industrial Water Use Efficiency,Viet Nam,2021,37.282747739,US$/m3,E,False
Water use,Pressure on water resources,SDG 6.4.1. Industrial Water Use Efficiency,Yemen,2018,55.423088906,US$/m3,E,False
Water use,Pressure on water resources,SDG 6.4.1. Industrial Water Use Efficiency,Yemen,2019,57.740699759,US$/m3,E,False
Water use,Pressure on water resources,SDG 6.4.1. Industrial Water Use Efficiency,Yemen,2020,58.006660626,US$/m3,E,False
Water use,Pressure on water resources,SDG 6.4.1. Industrial Water Use Efficiency,Yemen,2021,57.202441375,US$/m3,E,False
Water use,Pressure on water resources,SDG 6.4.1. Industrial Water Use Efficiency,Zambia,2018,56.107365248,US$/m3,E,False
Water use,Pressure on water resources,SDG 6.4.1. Industrial Water Use Efficiency,Zambia,2019,58.141084581,US$/m3,E,False
Water use,Pressure on water resources,SDG 6.4.1. Industrial Water Use Efficiency,Zambia,2020,63.121525956,US$/m3,E,False
Water use,Pressure on water resources,SDG 6.4.1. Industrial Water Use Efficiency,Zambia,2021,78.757202404,US$/m3,E,False
Water use,Pressure on water resources,SDG 6.4.1. Industrial Water Use Efficiency,Zimbabwe,2018,66.392244926,US$/m3,E,False
Water use,Pressure on water resources,SDG 6.4.1. Industrial Water Use Efficiency,Zimbabwe,2019,73.71944014,US$/m3,E,False
Water use,Pressure on water resources,SDG 6.4.1. Industrial Water Use Efficiency,Zimbabwe,2020,71.96773585,US$/m3,E,False
Water use,Pressure on water resources,SDG 6.4.1. Industrial Water Use Efficiency,Zimbabwe,2021,67.376578172,US$/m3,E,False
Water use,Pressure on water resources,SDG 6.4.1. Irrigated Agriculture Water Use Efficiency,Afghanistan,2018,0.096586341,US$/m3,E,False
Water use,Pressure on water resources,SDG 6.4.1. Irrigated Agriculture Water Use Efficiency,Afghanistan,2019,0.117352521,US$/m3,E,False
Water use,Pressure on water resources,SDG 6.4.1. Irrigated Agriculture Water Use Efficiency,Afghanistan,2020,0.119246861,US$/m3,E,False
Water use,Pressure on water resources,SDG 6.4.1. Irrigated Agriculture Water Use Efficiency,Afghanistan,2021,0.118002692,US$/m3,E,False
Water use,Pressure on water resources,SDG 6.4.1. Irrigated Agriculture Water Use Efficiency,Albania,2018,1.34687486,US$/m3,E,False
Water use,Pressure on water resources,SDG 6.4.1. Irrigated Agriculture Water Use Efficiency,Albania,2019,1.31306258,US$/m3,E,False
Water use,Pressure on water resources,SDG 6.4.1. Irrigated Agriculture Water Use Efficiency,Albania,2020,1.726644399,US$/m3,E,False
Water use,Pressure on water resources,SDG 6.4.1. Irrigated Agriculture Water Use Efficiency,Albania,2021,1.707628764,US$/m3,E,False
Water use,Pressure on water resources,SDG 6.4.1. Irrigated Agriculture Water Use Efficiency,Algeria,2018,0.874242674,US$/m3,E,False
Water use,Pressure on water resources,SDG 6.4.1. Irrigated Agriculture Water Use Efficiency,Algeria,2019,0.917396186,US$/m3,E,False
Water use,Pressure on water resources,SDG 6.4.1. Irrigated Agriculture Water Use Efficiency,Algeria,2020,0.972742798,US$/m3,E,False
Water use,Pressure on water resources,SDG 6.4.1. Irrigated Agriculture Water Use Efficiency,Algeria,2021,0.888440217,US$/m3,E,False
Water use,Pressure on water resources,SDG 6.4.1. Irrigated Agriculture Water Use Efficiency,Angola,2018,0.310995648,US$/m3,E,False
Water use,Pressure on water resources,SDG 6.4.1. Irrigated Agriculture Water Use Efficiency,Angola,2019,0.282797286,US$/m3,E,False
Water use,Pressure on water resources,SDG 6.4.1. Irrigated Agriculture Water Use Efficiency,Angola,2020,0.315973409,US$/m3,E,False
Water use,Pressure on water resources,SDG 6.4.1. Irrigated Agriculture Water Use Efficiency,Angola,2021,0.355042716,US$/m3,E,False
Water use,Pressure on water resources,SDG 6.4.1. Irrigated Agriculture Water Use Efficiency,Antigua and Barbuda,2018,1.934210573,US$/m3,E,False
Water use,Pressure on water resources,SDG 6.4.1. Irrigated Agriculture Water Use Efficiency,Antigua and Barbuda,2019,2.025332058,US$/m3,E,False
Water use,Pressure on water resources,SDG 6.4.1. Irrigated Agriculture Water Use Efficiency,Antigua and Barbuda,2020,2.064443262,US$/m3,E,False
Water use,Pressure on water resources,SDG 6.4.1. Irrigated Agriculture Water Use Efficiency,Antigua and Barbuda,2021,2.133729658,US$/m3,E,False
Water use,Pressure on water resources,SDG 6.4.1. Irrigated Agriculture Water Use Efficiency,Argentina,2018,0.064410897,US$/m3,E,False
Water use,Pressure on water resources,SDG 6.4.1. Irrigated Agriculture Water Use Efficiency,Argentina,2019,0.07318896,US$/m3,E,False
Water use,Pressure on water resources,SDG 6.4.1. Irrigated Agriculture Water Use Efficiency,Argentina,2020,0.073912334,US$/m3,E,False
Water use,Pressure on water resources,SDG 6.4.1. Irrigated Agriculture Water Use Efficiency,Argentina,2021,0.072373297,US$/m3,E,False
Water use,Pressure on water resources,SDG 6.4.1. Irrigated Agriculture Water Use Efficiency,Armenia,2018,0.22720684,US$/m3,E,False
Water use,Pressure on water resources,SDG 6.4.1. Irrigated Agriculture Water Use Efficiency,Armenia,2019,0.179730867,US$/m3,E,False
Water use,Pressure on water resources,SDG 6.4.1. Irrigated Agriculture Water Use Efficiency,Armenia,2020,0.181416841,US$/m3,E,False
Water use,Pressure on water resources,SDG 6.4.1. Irrigated Agriculture Water Use Efficiency,Armenia,2021,0.172528515,US$/m3,E,False
Water use,Pressure on water resources,SDG 6.4.1. Irrigated Agriculture Water Use Efficiency,Australia,2018,0.329278121,US$/m3,E,False
Water use,Pressure on water resources,SDG 6.4.1. Irrigated Agriculture Water Use Efficiency,Australia,2019,0.329266439,US$/m3,E,False
Water use,Pressure on water resources,SDG 6.4.1. Irrigated Agriculture Water Use Efficiency,Australia,2020,0.374870603,US$/m3,E,False
Water use,Pressure on water resources,SDG 6.4.1. Irrigated Agriculture Water Use Efficiency,Australia,2021,0.498868898,US$/m3,E,False
Water use,Pressure on water resources,SDG 6.4.1. Irrigated Agriculture Water Use Efficiency,Austria,2018,1.829615592,US$/m3,E,False
Water use,Pressure on water resources,SDG 6.4.1. Irrigated Agriculture Water Use Efficiency,Austria,2019,1.656167123,US$/m3,E,False
Water use,Pressure on water resources,SDG 6.4.1. Irrigated Agriculture Water Use Efficiency,Austria,2020,1.598112273,US$/m3,E,False
Water use,Pressure on water resources,SDG 6.4.1. Irrigated Agriculture Water Use Efficiency,Austria,2021,1.865918106,US$/m3,E,False
Water use,Pressure on water resources,SDG 6.4.1. Irrigated Agriculture Water Use Efficiency,Azerbaijan,2018,0.179324651,US$/m3,E,False
Water use,Pressure on water resources,SDG 6.4.1. Irrigated Agriculture Water Use Efficiency,Azerbaijan,2019,0.194164872,US$/m3,E,False
Water use,Pressure on water resources,SDG 6.4.1. Irrigated Agriculture Water Use Efficiency,Azerbaijan,2020,0.204853276,US$/m3,E,False
Water use,Pressure on water resources,SDG 6.4.1. Irrigated Agriculture Water Use Efficiency,Azerbaijan,2021,0.176725165,US$/m3,E,False
Water use,Pressure on water resources,SDG 6.4.1. Irrigated Agriculture Water Use Efficiency,Bahrain,2018,0.63440311,US$/m3,E,False
Water use,Pressure on water resources,SDG 6.4.1. Irrigated Agriculture Water Use Efficiency,Bahrain,2019,0.632581947,US$/m3,E,False
Water use,Pressure on water resources,SDG 6.4.1. Irrigated Agriculture Water Use Efficiency,Bahrain,2020,0.669068785,US$/m3,E,False
Water use,Pressure on water resources,SDG 6.4.1. Irrigated Agriculture Water Use Efficiency,Bahrain,2021,0.642805922,US$/m3,E,False
Water use,Pressure on water resources,SDG 6.4.1. Irrigated Agriculture Water Use Efficiency,Bangladesh,2018,0.881182288,US$/m3,E,False
Water use,Pressure on water resources,SDG 6.4.1. Irrigated Agriculture Water Use Efficiency,Bangladesh,2019,0.912187804,US$/m3,E,False
Water use,Pressure on water resources,SDG 6.4.1. Irrigated Agriculture Water Use Efficiency,Bangladesh,2020,0.945560179,US$/m3,E,False
Water use,Pressure on water resources,SDG 6.4.1. Irrigated Agriculture Water Use Efficiency,Bangladesh,2021,0.980258301,US$/m3,E,False
Water use,Pressure on water resources,SDG 6.4.1. Irrigated Agriculture Water Use Efficiency,Barbados,2018,0.669014647,US$/m3,E,False
Water use,Pressure on water resources,SDG 6.4.1. Irrigated Agriculture Water Use Efficiency,Barbados,2019,0.605216868,US$/m3,E,False
Water use,Pressure on water resources,SDG 6.4.1. Irrigated Agriculture Water Use Efficiency,Barbados,2020,0.600518599,US$/m3,E,False
Water use,Pressure on water resources,SDG 6.4.1. Irrigated Agriculture Water Use Efficiency,Barbados,2021,0.596800299,US$/m3,E,False
Water use,Pressure on water resources,SDG 6.4.1. Irrigated Agriculture Water Use Efficiency,Belarus,2018,0.085020393,US$/m3,E,False
Water use,Pressure on water resources,SDG 6.4.1. Irrigated Agriculture Water Use Efficiency,Belarus,2019,0.07131343,US$/m3,E,False
Water use,Pressure on water resources,SDG 6.4.1. Irrigated Agriculture Water Use Efficiency,Belarus,2020,0.074203497,US$/m3,E,False
Water use,Pressure on water resources,SDG 6.4.1. Irrigated Agriculture Water Use Efficiency,Belarus,2021,0.068084116,US$/m3,E,False
Water use,Pressure on water resources,SDG 6.4.1. Irrigated Agriculture Water Use Efficiency,Belgium,2018,1.115699108,US$/m3,E,False
Water use,Pressure on water resources,SDG 6.4.1. Irrigated Agriculture Water Use Efficiency,Belgium,2019,1.263370512,US$/m3,E,False
Water use,Pressure on water resources,SDG 6.4.1. Irrigated Agriculture Water Use Efficiency,Belgium,2020,1.425944721,US$/m3,E,False
Water use,Pressure on water resources,SDG 6.4.1. Irrigated Agriculture Water Use Efficiency,Belgium,2021,1.336886732,US$/m3,E,False
Water use,Pressure on water resources,SDG 6.4.1. Irrigated Agriculture Water Use Efficiency,Belize,2018,0.136873058,US$/m3,E,False
Water use,Pressure on water resources,SDG 6.4.1. Irrigated Agriculture Water Use Efficiency,Belize,2019,0.131412736,US$/m3,E,False
Water use,Pressure on water resources,SDG 6.4.1. Irrigated Agriculture Water Use Efficiency,Belize,2020,0.146966532,US$/m3,E,False
Water use,Pressure on water resources,SDG 6.4.1. Irrigated Agriculture Water Use Efficiency,Belize,2021,0.155226288,US$/m3,E,False
Water use,Pressure on water resources,SDG 6.4.1. Irrigated Agriculture Water Use Efficiency,Benin,2018,0.636591356,US$/m3,E,False
Water use,Pressure on water resources,SDG 6.4.1. Irrigated Agriculture Water Use Efficiency,Benin,2019,0.651476714,US$/m3,E,False
Water use,Pressure on water resources,SDG 6.4.1. Irrigated Agriculture Water Use Efficiency,Benin,2020,0.682425462,US$/m3,E,False
Water use,Pressure on water resources,SDG 6.4.1. Irrigated Agriculture Water Use Efficiency,Benin,2021,0.769553804,US$/m3,E,False
Water use,Pressure on water resources,SDG 6.4.1. Irrigated Agriculture Water Use Efficiency,Bhutan,2018,0.358539487,US$/m3,E,False
Water use,Pressure on water resources,SDG 6.4.1. Irrigated Agriculture Water Use Efficiency,Bhutan,2019,0.374263485,US$/m3,E,False
Water use,Pressure on water resources,SDG 6.4.1. Irrigated Agriculture Water Use Efficiency,Bhutan,2020,0.410073679,US$/m3,E,False
Water use,Pressure on water resources,SDG 6.4.1. Irrigated Agriculture Water Use Efficiency,Bhutan,2021,0.35044978,US$/m3,E,False
Water use,Pressure on water resources,SDG 6.4.1. Irrigated Agriculture Water Use Efficiency,Bolivia (Plurinational State of),2018,0.395865751,US$/m3,E,False
Water use,Pressure on water resources,SDG 6.4.1. Irrigated Agriculture Water Use Efficiency,Bolivia (Plurinational State of),2019,0.445286923,US$/m3,E,False
Water use,Pressure on water resources,SDG 6.4.1. Irrigated Agriculture Water Use Efficiency,Bolivia (Plurinational State of),2020,0.478544849,US$/m3,E,False
Water use,Pressure on water resources,SDG 6.4.1. Irrigated Agriculture Water Use Efficiency,Bolivia (Plurinational State of),2021,0.476833708,US$/m3,E,False
Water use,Pressure on water resources,SDG 6.4.1. Irrigated Agriculture Water Use Efficiency,Botswana,2018,0.080308882,US$/m3,E,False
Water use,Pressure on water resources,SDG 6.4.1. Irrigated Agriculture Water Use Efficiency,Botswana,2019,0.087565577,US$/m3,E,False
Water use,Pressure on water resources,SDG 6.4.1. Irrigated Agriculture Water Use Efficiency,Botswana,2020,0.078032052,US$/m3,E,False
Water use,Pressure on water resources,SDG 6.4.1. Irrigated Agriculture Water Use Efficiency,Botswana,2021,0.063647895,US$/m3,E,False
Water use,Pressure on water resources,SDG 6.4.1. Irrigated Agriculture Water Use Efficiency,Brazil,2018,0.400683265,US$/m3,E,False
Water use,Pressure on water resources,SDG 6.4.1. Irrigated Agriculture Water Use Efficiency,Brazil,2019,0.361975542,US$/m3,E,False
Water use,Pressure on water resources,SDG 6.4.1. Irrigated Agriculture Water Use Efficiency,Brazil,2020,0.509953916,US$/m3,E,False
Water use,Pressure on water resources,SDG 6.4.1. Irrigated Agriculture Water Use Efficiency,Brazil,2021,0.632360606,US$/m3,E,False
Water use,Pressure on water resources,SDG 6.4.1. Irrigated Agriculture Water Use Efficiency,Brunei Darussalam,2018,4.971949308,US$/m3,E,False
Water use,Pressure on water resources,SDG 6.4.1. Irrigated Agriculture Water Use Efficiency,Brunei Darussalam,2019,5.004003177,US$/m3,E,False
Water use,Pressure on water resources,SDG 6.4.1. Irrigated Agriculture Water Use Efficiency,Brunei Darussalam,2020,6.248606265,US$/m3,E,False
Water use,Pressure on water resources,SDG 6.4.1. Irrigated Agriculture Water Use Efficiency,Brunei Darussalam,2021,6.344142918,US$/m3,E,False
Water use,Pressure on water resources,SDG 6.4.1. Irrigated Agriculture Water Use Efficiency,Bulgaria,2018,0.114798471,US$/m3,E,False
Water use,Pressure on water resources,SDG 6.4.1. Irrigated Agriculture Water Use Efficiency,Bulgaria,2019,0.133350295,US$/m3,E,False
Water use,Pressure on water resources,SDG 6.4.1. Irrigated Agriculture Water Use Efficiency,Bulgaria,2020,0.131483141,US$/m3,E,False
Water use,Pressure on water resources,SDG 6.4.1. Irrigated Agriculture Water Use Efficiency,Bulgaria,2021,0.17716166,US$/m3,E,False
Water use,Pressure on water resources,SDG 6.4.1. Irrigated Agriculture Water Use Efficiency,Burkina Faso,2018,0.066991739,US$/m3,E,False
Water use,Pressure on water resources,SDG 6.4.1. Irrigated Agriculture Water Use Efficiency,Burkina Faso,2019,0.061963192,US$/m3,E,False
Water use,Pressure on water resources,SDG 6.4.1. Irrigated Agriculture Water Use Efficiency,Burkina Faso,2020,0.063234815,US$/m3,E,False
Water use,Pressure on water resources,SDG 6.4.1. Irrigated Agriculture Water Use Efficiency,Burkina Faso,2021,0.064157558,US$/m3,E,False
Water use,Pressure on water resources,SDG 6.4.1. Irrigated Agriculture Water Use Efficiency,Burundi,2018,0.061590087,US$/m3,E,False
Water use,Pressure on water resources,SDG 6.4.1. Irrigated Agriculture Water Use Efficiency,Burundi,2019,0.062118225,US$/m3,E,False
Water use,Pressure on water resources,SDG 6.4.1. Irrigated Agriculture Water Use Efficiency,Burundi,2020,0.061847315,US$/m3,E,False
Water use,Pressure on water resources,SDG 6.4.1. Irrigated Agriculture Water Use Efficiency,Burundi,2021,0.06303524,US$/m3,E,False
Water use,Pressure on water resources,SDG 6.4.1. Irrigated Agriculture Water Use Efficiency,Cabo Verde,2018,0.109285332,US$/m3,E,False
Water use,Pressure on water resources,SDG 6.4.1. Irrigated Agriculture Water Use Efficiency,Cabo Verde,2019,0.098104314,US$/m3,E,False
Water use,Pressure on water resources,SDG 6.4.1. Irrigated Agriculture Water Use Efficiency,Cabo Verde,2020,0.069413975,US$/m3,E,False
Water use,Pressure on water resources,SDG 6.4.1. Irrigated Agriculture Water Use Efficiency,Cabo Verde,2021,0.069727761,US$/m3,E,False
Water use,Pressure on water resources,SDG 6.4.1. Irrigated Agriculture Water Use Efficiency,Cambodia,2018,0.361131909,US$/m3,E,False
Water use,Pressure on water resources,SDG 6.4.1. Irrigated Agriculture Water Use Efficiency,Cambodia,2019,0.363755994,US$/m3,E,False
Water use,Pressure on water resources,SDG 6.4.1. Irrigated Agriculture Water Use Efficiency,Cambodia,2020,0.388480471,US$/m3,E,False
Water use,Pressure on water resources,SDG 6.4.1. Irrigated Agriculture Water Use Efficiency,Cambodia,2021,0.398073335,US$/m3,E,False
Water use,Pressure on water resources,SDG 6.4.1. Irrigated Agriculture Water Use Efficiency,Cameroon,2018,0.058373281,US$/m3,E,False
Water use,Pressure on water resources,SDG 6.4.1. Irrigated Agriculture Water Use Efficiency,Cameroon,2019,0.061512832,US$/m3,E,False
Water use,Pressure on water resources,SDG 6.4.1. Irrigated Agriculture Water Use Efficiency,Cameroon,2020,0.063947422,US$/m3,E,False
Water use,Pressure on water resources,SDG 6.4.1. Irrigated Agriculture Water Use Efficiency,Cameroon,2021,0.065589999,US$/m3,E,False
Water use,Pressure on water resources,SDG 6.4.1. Irrigated Agriculture Water Use Efficiency,Canada,2018,0.263900421,US$/m3,E,False
Water use,Pressure on water resources,SDG 6.4.1. Irrigated Agriculture Water Use Efficiency,Canada,2019,0.271089254,US$/m3,E,False
Water use,Pressure on water resources,SDG 6.4.1. Irrigated Agriculture Water Use Efficiency,Canada,2020,0.240720486,US$/m3,E,False
Water use,Pressure on water resources,SDG 6.4.1. Irrigated Agriculture Water Use Efficiency,Canada,2021,0.247649954,US$/m3,E,False
Water use,Pressure on water resources,SDG 6.4.1. Irrigated Agriculture Water Use Efficiency,Central African Republic,2018,0.12310405,US$/m3,E,False
Water use,Pressure on water resources,SDG 6.4.1. Irrigated Agriculture Water Use Efficiency,Central African Republic,2019,0.129771858,US$/m3,E,False
Water use,Pressure on water resources,SDG 6.4.1. Irrigated Agriculture Water Use Efficiency,Central African Republic,2020,0.131104951,US$/m3,E,False
Water use,Pressure on water resources,SDG 6.4.1. Irrigated Agriculture Water Use Efficiency,Central African Republic,2021,0.131310957,US$/m3,E,False
Water use,Pressure on water resources,SDG 6.4.1. Irrigated Agriculture Water Use Efficiency,Chad,2018,0.080076881,US$/m3,E,False
Water use,Pressure on water resources,SDG 6.4.1. Irrigated Agriculture Water Use Efficiency,Chad,2019,0.079071676,US$/m3,E,False
Water use,Pressure on water resources,SDG 6.4.1. Irrigated Agriculture Water Use Efficiency,Chad,2020,0.082663619,US$/m3,E,False
Water use,Pressure on water resources,SDG 6.4.1. Irrigated Agriculture Water Use Efficiency,Chad,2021,0.094125198,US$/m3,E,False
Water use,Pressure on water resources,SDG 6.4.1. Irrigated Agriculture Water Use Efficiency,Chile,2018,0.238372072,US$/m3,E,False
Water use,Pressure on water resources,SDG 6.4.1. Irrigated Agriculture Water Use Efficiency,Chile,2019,0.243666376,US$/m3,E,False
Water use,Pressure on water resources,SDG 6.4.1. Irrigated Agriculture Water Use Efficiency,Chile,2020,0.234869887,US$/m3,E,False
Water use,Pressure on water resources,SDG 6.4.1. Irrigated Agriculture Water Use Efficiency,Chile,2021,0.210938644,US$/m3,E,False
Water use,Pressure on water resources,SDG 6.4.1. Irrigated Agriculture Water Use Efficiency,China,2018,1.8375644,US$/m3,E,False
Water use,Pressure on water resources,SDG 6.4.1. Irrigated Agriculture Water Use Efficiency,China,2019,1.939853084,US$/m3,E,False
Water use,Pressure on water resources,SDG 6.4.1. Irrigated Agriculture Water Use Efficiency,China,2020,2.201890751,US$/m3,E,False
Water use,Pressure on water resources,SDG 6.4.1. Irrigated Agriculture Water Use Efficiency,China,2021,2.51183631,US$/m3,E,False
Water use,Pressure on water resources,SDG 6.4.1. Irrigated Agriculture Water Use Efficiency,Colombia,2018,0.093870727,US$/m3,E,False
Water use,Pressure on water resources,SDG 6.4.1. Irrigated Agriculture Water Use Efficiency,Colombia,2019,0.102562908,US$/m3,E,False
Water use,Pressure on water resources,SDG 6.4.1. Irrigated Agriculture Water Use Efficiency,Colombia,2020,0.095664318,US$/m3,E,False
Water use,Pressure on water resources,SDG 6.4.1. Irrigated Agriculture Water Use Efficiency,Colombia,2021,0.103343378,US$/m3,E,False
Water use,Pressure on water resources,SDG 6.4.1. Irrigated Agriculture Water Use Efficiency,Comoros,2018,0.100941646,US$/m3,E,False
Water use,Pressure on water resources,SDG 6.4.1. Irrigated Agriculture Water Use Efficiency,Comoros,2019,0.110720465,US$/m3,E,False
Water use,Pressure on water resources,SDG 6.4.1. Irrigated Agriculture Water Use Efficiency,Comoros,2020,0.118245816,US$/m3,E,False
Water use,Pressure on water resources,SDG 6.4.1. Irrigated Agriculture Water Use Efficiency,Comoros,2021,0.123116406,US$/m3,E,False
Water use,Pressure on water resources,SDG 6.4.1. Irrigated Agriculture Water Use Efficiency,Congo,2018,0.196990161,US$/m3,E,False
Water use,Pressure on water resources,SDG 6.4.1. Irrigated Agriculture Water Use Efficiency,Congo,2019,0.217580738,US$/m3,E,False
Water use,Pressure on water resources,SDG 6.4.1. Irrigated Agriculture Water Use Efficiency,Congo,2020,0.303607114,US$/m3,E,False
Water use,Pressure on water resources,SDG 6.4.1. Irrigated Agriculture Water Use Efficiency,Congo,2021,0.230108458,US$/m3,E,False
Water use,Pressure on water resources,SDG 6.4.1. Irrigated Agriculture Water Use Efficiency,Costa Rica,2018,0.436266239,US$/m3,E,False
Water use,Pressure on water resources,SDG 6.4.1. Irrigated Agriculture Water Use Efficiency,Costa Rica,2019,0.423832251,US$/m3,E,False
Water use,Pressure on water resources,SDG 6.4.1. Irrigated Agriculture Water Use Efficiency,Costa Rica,2020,0.426258256,US$/m3,E,False
Water use,Pressure on water resources,SDG 6.4.1. Irrigated Agriculture Water Use Efficiency,Costa Rica,2021,0.458763553,US$/m3,E,False
Water use,Pressure on water resources,SDG 6.4.1. Irrigated Agriculture Water Use Efficiency,Croatia,2018,0.610399402,US$/m3,E,False
Water use,Pressure on water resources,SDG 6.4.1. Irrigated Agriculture Water Use Efficiency,Croatia,2019,0.716130293,US$/m3,E,False
Water use,Pressure on water resources,SDG 6.4.1. Irrigated Agriculture Water Use Efficiency,Croatia,2020,0.652938444,US$/m3,E,False
Water use,Pressure on water resources,SDG 6.4.1. Irrigated Agriculture Water Use Efficiency,Croatia,2021,0.696018034,US$/m3,E,False
Water use,Pressure on water resources,SDG 6.4.1. Irrigated Agriculture Water Use Efficiency,Cuba,2018,0.201617458,US$/m3,E,False
Water use,Pressure on water resources,SDG 6.4.1. Irrigated Agriculture Water Use Efficiency,Cuba,2019,0.189840254,US$/m3,E,False
Water use,Pressure on water resources,SDG 6.4.1. Irrigated Agriculture Water Use Efficiency,Cuba,2020,0.130889172,US$/m3,E,False
Water use,Pressure on water resources,SDG 6.4.1. Irrigated Agriculture Water Use Efficiency,Cuba,2021,0.101642742,US$/m3,E,False
Water use,Pressure on water resources,SDG 6.4.1. Irrigated Agriculture Water Use Efficiency,Cyprus,2018,0.73030866,US$/m3,E,False
Water use,Pressure on water resources,SDG 6.4.1. Irrigated Agriculture Water Use Efficiency,Cyprus,2019,0.836334878,US$/m3,E,False
Water use,Pressure on water resources,SDG 6.4.1. Irrigated Agriculture Water Use Efficiency,Cyprus,2020,0.823485647,US$/m3,E,False
Water use,Pressure on water resources,SDG 6.4.1. Irrigated Agriculture Water Use Efficiency,Cyprus,2021,0.797219144,US$/m3,E,False
Water use,Pressure on water resources,SDG 6.4.1. Irrigated Agriculture Water Use Efficiency,Czechia,2018,1.325710942,US$/m3,E,False
Water use,Pressure on water resources,SDG 6.4.1. Irrigated Agriculture Water Use Efficiency,Czechia,2019,1.479202266,US$/m3,E,False
Water use,Pressure on water resources,SDG 6.4.1. Irrigated Agriculture Water Use Efficiency,Czechia,2020,1.571980723,US$/m3,E,False
Water use,Pressure on water resources,SDG 6.4.1. Irrigated Agriculture Water Use Efficiency,Czechia,2021,1.615031412,US$/m3,E,False
Water use,Pressure on water resources,SDG 6.4.1. Irrigated Agriculture Water Use Efficiency,Côte d'Ivoire,2018,0.296314762,US$/m3,E,False
Water use,Pressure on water resources,SDG 6.4.1. Irrigated Agriculture Water Use Efficiency,Côte d'Ivoire,2019,0.316665957,US$/m3,E,False
Water use,Pressure on water resources,SDG 6.4.1. Irrigated Agriculture Water Use Efficiency,Côte d'Ivoire,2020,0.312162231,US$/m3,E,False
Water use,Pressure on water resources,SDG 6.4.1. Irrigated Agriculture Water Use Efficiency,Côte d'Ivoire,2021,0.341032726,US$/m3,E,False
Water use,Pressure on water resources,SDG 6.4.1. Irrigated Agriculture Water Use Efficiency,Democratic People's Republic of Korea,2018,0.361583056,US$/m3,E,False
Water use,Pressure on water resources,SDG 6.4.1. Irrigated Agriculture Water Use Efficiency,Democratic People's Republic of Korea,2019,0.331054763,US$/m3,E,False
Water use,Pressure on water resources,SDG 6.4.1. Irrigated Agriculture Water Use Efficiency,Democratic People's Republic of Korea,2020,0.332886438,US$/m3,E,False
Water use,Pressure on water resources,SDG 6.4.1. Irrigated Agriculture Water Use Efficiency,Democratic People's Republic of Korea,2021,0.354007022,US$/m3,E,False
Water use,Pressure on water resources,SDG 6.4.1. Irrigated Agriculture Water Use Efficiency,Democratic Republic of the Congo,2018,0.362653645,US$/m3,E,False
Water use,Pressure on water resources,SDG 6.4.1. Irrigated Agriculture Water Use Efficiency,Democratic Republic of the Congo,2019,0.394662345,US$/m3,E,False
Water use,Pressure on water resources,SDG 6.4.1. Irrigated Agriculture Water Use Efficiency,Democratic Republic of the Congo,2020,0.423971953,US$/m3,E,False
Water use,Pressure on water resources,SDG 6.4.1. Irrigated Agriculture Water Use Efficiency,Democratic Republic of the Congo,2021,0.421815345,US$/m3,E,False
Water use,Pressure on water resources,SDG 6.4.1. Irrigated Agriculture Water Use Efficiency,Denmark,2018,0.798987616,US$/m3,E,False
Water use,Pressure on water resources,SDG 6.4.1. Irrigated Agriculture Water Use Efficiency,Denmark,2019,1.700763213,US$/m3,E,False
Water use,Pressure on water resources,SDG 6.4.1. Irrigated Agriculture Water Use Efficiency,Denmark,2020,1.367343111,US$/m3,E,False
Water use,Pressure on water resources,SDG 6.4.1. Irrigated Agriculture Water Use Efficiency,Denmark,2021,0.913321645,US$/m3,E,False
Water use,Pressure on water resources,SDG 6.4.1. Irrigated Agriculture Water Use Efficiency,Djibouti,2018,12.558958069,US$/m3,E,False
Water use,Pressure on water resources,SDG 6.4.1. Irrigated Agriculture Water Use Efficiency,Djibouti,2019,13.47134027,US$/m3,E,False
Water use,Pressure on water resources,SDG 6.4.1. Irrigated Agriculture Water Use Efficiency,Djibouti,2020,13.727467317,US$/m3,E,False
Water use,Pressure on water resources,SDG 6.4.1. Irrigated Agriculture Water Use Efficiency,Djibouti,2021,13.318698711,US$/m3,E,False
Water use,Pressure on water resources,SDG 6.4.1. Irrigated Agriculture Water Use Efficiency,Dominica,2018,0.003475212,US$/m3,E,False
Water use,Pressure on water resources,SDG 6.4.1. Irrigated Agriculture Water Use Efficiency,Dominica,2019,0.003985592,US$/m3,E,False
Water use,Pressure on water resources,SDG 6.4.1. Irrigated Agriculture Water Use Efficiency,Dominica,2020,0.004211394,US$/m3,E,False
Water use,Pressure on water resources,SDG 6.4.1. Irrigated Agriculture Water Use Efficiency,Dominica,2021,0.005126002,US$/m3,E,False
Water use,Pressure on water resources,SDG 6.4.1. Irrigated Agriculture Water Use Efficiency,Dominican Republic,2018,0.176786349,US$/m3,E,False
Water use,Pressure on water resources,SDG 6.4.1. Irrigated Agriculture Water Use Efficiency,Dominican Republic,2019,0.191526827,US$/m3,E,False
Water use,Pressure on water resources,SDG 6.4.1. Irrigated Agriculture Water Use Efficiency,Dominican Republic,2020,0.215109259,US$/m3,E,False
Water use,Pressure on water resources,SDG 6.4.1. Irrigated Agriculture Water Use Efficiency,Dominican Republic,2021,0.226489062,US$/m3,E,False
Water use,Pressure on water resources,SDG 6.4.1. Irrigated Agriculture Water Use Efficiency,Ecuador,2018,0.626159428,US$/m3,E,False
Water use,Pressure on water resources,SDG 6.4.1. Irrigated Agriculture Water Use Efficiency,Ecuador,2019,0.61582709,US$/m3,E,False
Water use,Pressure on water resources,SDG 6.4.1. Irrigated Agriculture Water Use Efficiency,Ecuador,2020,0.635118558,US$/m3,E,False
Water use,Pressure on water resources,SDG 6.4.1. Irrigated Agriculture Water Use Efficiency,Ecuador,2021,0.633200543,US$/m3,E,False
Water use,Pressure on water resources,SDG 6.4.1. Irrigated Agriculture Water Use Efficiency,Egypt,2018,0.665586457,US$/m3,E,False
Water use,Pressure on water resources,SDG 6.4.1. Irrigated Agriculture Water Use Efficiency,Egypt,2019,0.691560208,US$/m3,E,False
Water use,Pressure on water resources,SDG 6.4.1. Irrigated Agriculture Water Use Efficiency,Egypt,2020,0.749866853,US$/m3,E,False
Water use,Pressure on water resources,SDG 6.4.1. Irrigated Agriculture Water Use Efficiency,Egypt,2021,0.806754178,US$/m3,E,False
Water use,Pressure on water resources,SDG 6.4.1. Irrigated Agriculture Water Use Efficiency,El Salvador,2018,0.091224026,US$/m3,E,False
Water use,Pressure on water resources,SDG 6.4.1. Irrigated Agriculture Water Use Efficiency,El Salvador,2019,0.124212507,US$/m3,E,False
Water use,Pressure on water resources,SDG 6.4.1. Irrigated Agriculture Water Use Efficiency,El Salvador,2020,0.144872525,US$/m3,E,False
Water use,Pressure on water resources,SDG 6.4.1. Irrigated Agriculture Water Use Efficiency,El Salvador,2021,0.099931204,US$/m3,E,False
Water use,Pressure on water resources,SDG 6.4.1. Irrigated Agriculture Water Use Efficiency,Eritrea,2018,0.020021075,US$/m3,E,False
Water use,Pressure on water resources,SDG 6.4.1. Irrigated Agriculture Water Use Efficiency,Eritrea,2019,0.020841913,US$/m3,E,False
Water use,Pressure on water resources,SDG 6.4.1. Irrigated Agriculture Water Use Efficiency,Eritrea,2020,0.019891109,US$/m3,E,False
Water use,Pressure on water resources,SDG 6.4.1. Irrigated Agriculture Water Use Efficiency,Eritrea,2021,0.02037705,US$/m3,E,False
Water use,Pressure on water resources,SDG 6.4.1. Irrigated Agriculture Water Use Efficiency,Estonia,2018,0.559751446,US$/m3,E,False
Water use,Pressure on water resources,SDG 6.4.1. Irrigated Agriculture Water Use Efficiency,Estonia,2019,0.64407432,US$/m3,E,False
Water use,Pressure on water resources,SDG 6.4.1. Irrigated Agriculture Water Use Efficiency,Estonia,2020,0.552901248,US$/m3,E,False
Water use,Pressure on water resources,SDG 6.4.1. Irrigated Agriculture Water Use Efficiency,Estonia,2021,0.575024857,US$/m3,E,False
Water use,Pressure on water resources,SDG 6.4.1. Irrigated Agriculture Water Use Efficiency,Eswatini,2018,0.110401823,US$/m3,E,False
Water use,Pressure on water resources,SDG 6.4.1. Irrigated Agriculture Water Use Efficiency,Eswatini,2019,0.113574304,US$/m3,E,False
Water use,Pressure on water resources,SDG 6.4.1. Irrigated Agriculture Water Use Efficiency,Eswatini,2020,0.109468984,US$/m3,E,False
Water use,Pressure on water resources,SDG 6.4.1. Irrigated Agriculture Water Use Efficiency,Eswatini,2021,0.119438235,US$/m3,E,False
Water use,Pressure on water resources,SDG 6.4.1. Irrigated Agriculture Water Use Efficiency,Ethiopia,2018,0.135539352,US$/m3,E,False
Water use,Pressure on water resources,SDG 6.4.1. Irrigated Agriculture Water Use Efficiency,Ethiopia,2019,0.158235958,US$/m3,E,False
Water use,Pressure on water resources,SDG 6.4.1. Irrigated Agriculture Water Use Efficiency,Ethiopia,2020,0.177449874,US$/m3,E,False
Water use,Pressure on water resources,SDG 6.4.1. Irrigated Agriculture Water Use Efficiency,Ethiopia,2021,0.198055448,US$/m3,E,False
Water use,Pressure on water resources,SDG 6.4.1. Irrigated Agriculture Water Use Efficiency,Fiji,2018,0.440401051,US$/m3,E,False
Water use,Pressure on water resources,SDG 6.4.1. Irrigated Agriculture Water Use Efficiency,Fiji,2019,0.477565186,US$/m3,E,False
Water use,Pressure on water resources,SDG 6.4.1. Irrigated Agriculture Water Use Efficiency,Fiji,2020,0.483239587,US$/m3,E,False
Water use,Pressure on water resources,SDG 6.4.1. Irrigated Agriculture Water Use Efficiency,Fiji,2021,0.459152815,US$/m3,E,False
Water use,Pressure on water resources,SDG 6.4.1. Irrigated Agriculture Water Use Efficiency,Finland,2018,0.047421188,US$/m3,E,False
Water use,Pressure on water resources,SDG 6.4.1. Irrigated Agriculture Water Use Efficiency,Finland,2019,0.018883316,US$/m3,E,False
Water use,Pressure on water resources,SDG 6.4.1. Irrigated Agriculture Water Use Efficiency,Finland,2020,0.019301172,US$/m3,E,False
Water use,Pressure on water resources,SDG 6.4.1. Irrigated Agriculture Water Use Efficiency,Finland,2021,0.018583252,US$/m3,E,False
Water use,Pressure on water resources,SDG 6.4.1. Irrigated Agriculture Water Use Efficiency,France,2018,1.981628614,US$/m3,E,False
Water use,Pressure on water resources,SDG 6.4.1. Irrigated Agriculture Water Use Efficiency,France,2019,1.870681271,US$/m3,E,False
Water use,Pressure on water resources,SDG 6.4.1. Irrigated Agriculture Water Use Efficiency,France,2020,1.752293281,US$/m3,E,False
Water use,Pressure on water resources,SDG 6.4.1. Irrigated Agriculture Water Use Efficiency,France,2021,1.955815875,US$/m3,E,False
Water use,Pressure on water resources,SDG 6.4.1. Irrigated Agriculture Water Use Efficiency,Gabon,2018,0.26047673,US$/m3,E,False
Water use,Pressure on water resources,SDG 6.4.1. Irrigated Agriculture Water Use Efficiency,Gabon,2019,0.276605605,US$/m3,E,False
Water use,Pressure on water resources,SDG 6.4.1. Irrigated Agriculture Water Use Efficiency,Gabon,2020,0.325512477,US$/m3,E,False
Water use,Pressure on water resources,SDG 6.4.1. Irrigated Agriculture Water Use Efficiency,Gabon,2021,0.306867563,US$/m3,E,False
Water use,Pressure on water resources,SDG 6.4.1. Irrigated Agriculture Water Use Efficiency,Gambia,2018,0.117493608,US$/m3,E,False
Water use,Pressure on water resources,SDG 6.4.1. Irrigated Agriculture Water Use Efficiency,Gambia,2019,0.125635758,US$/m3,E,False
Water use,Pressure on water resources,SDG 6.4.1. Irrigated Agriculture Water Use Efficiency,Gambia,2020,0.134212526,US$/m3,E,False
Water use,Pressure on water resources,SDG 6.4.1. Irrigated Agriculture Water Use Efficiency,Gambia,2021,0.147675477,US$/m3,E,False
Water use,Pressure on water resources,SDG 6.4.1. Irrigated Agriculture Water Use Efficiency,Georgia,2018,0.439764076,US$/m3,E,False
Water use,Pressure on water resources,SDG 6.4.1. Irrigated Agriculture Water Use Efficiency,Georgia,2019,0.409289065,US$/m3,E,False
Water use,Pressure on water resources,SDG 6.4.1. Irrigated Agriculture Water Use Efficiency,Georgia,2020,0.435083059,US$/m3,E,False
Water use,Pressure on water resources,SDG 6.4.1. Irrigated Agriculture Water Use Efficiency,Georgia,2021,0.331615802,US$/m3,E,False
Water use,Pressure on water resources,SDG 6.4.1. Irrigated Agriculture Water Use Efficiency,Germany,2018,1.493007521,US$/m3,E,False
Water use,Pressure on water resources,SDG 6.4.1. Irrigated Agriculture Water Use Efficiency,Germany,2019,1.8990944,US$/m3,E,False
Water use,Pressure on water resources,SDG 6.4.1. Irrigated Agriculture Water Use Efficiency,Germany,2020,1.781190546,US$/m3,E,False
Water use,Pressure on water resources,SDG 6.4.1. Irrigated Agriculture Water Use Efficiency,Germany,2021,2.066742466,US$/m3,E,False
Water use,Pressure on water resources,SDG 6.4.1. Irrigated Agriculture Water Use Efficiency,Ghana,2018,0.147965383,US$/m3,E,False
Water use,Pressure on water resources,SDG 6.4.1. Irrigated Agriculture Water Use Efficiency,Ghana,2019,0.150527419,US$/m3,E,False
Water use,Pressure on water resources,SDG 6.4.1. Irrigated Agriculture Water Use Efficiency,Ghana,2020,0.164668885,US$/m3,E,False
Water use,Pressure on water resources,SDG 6.4.1. Irrigated Agriculture Water Use Efficiency,Ghana,2021,0.181356837,US$/m3,E,False
Water use,Pressure on water resources,SDG 6.4.1. Irrigated Agriculture Water Use Efficiency,Greece,2018,0.442089356,US$/m3,E,False
Water use,Pressure on water resources,SDG 6.4.1. Irrigated Agriculture Water Use Efficiency,Greece,2019,0.483832771,US$/m3,E,False
Water use,Pressure on water resources,SDG 6.4.1. Irrigated Agriculture Water Use Efficiency,Greece,2020,0.501909315,US$/m3,E,False
Water use,Pressure on water resources,SDG 6.4.1. Irrigated Agriculture Water Use Efficiency,Greece,2021,0.499318566,US$/m3,E,False
Water use,Pressure on water resources,SDG 6.4.1. Irrigated Agriculture Water Use Efficiency,Grenada,2018,2.189064077,US$/m3,E,False
Water use,Pressure on water resources,SDG 6.4.1. Irrigated Agriculture Water Use Efficiency,Grenada,2019,1.981219195,US$/m3,E,False
Water use,Pressure on water resources,SDG 6.4.1. Irrigated Agriculture Water Use Efficiency,Grenada,2020,1.790324679,US$/m3,E,False
Water use,Pressure on water resources,SDG 6.4.1. Irrigated Agriculture Water Use Efficiency,Grenada,2021,1.991023303,US$/m3,E,False
Water use,Pressure on water resources,SDG 6.4.1. Irrigated Agriculture Water Use Efficiency,Guatemala,2018,0.844749991,US$/m3,E,False
Water use,Pressure on water resources,SDG 6.4.1. Irrigated Agriculture Water Use Efficiency,Guatemala,2019,0.876384161,US$/m3,E,False
Water use,Pressure on water resources,SDG 6.4.1. Irrigated Agriculture Water Use Efficiency,Guatemala,2020,0.905171352,US$/m3,E,False
Water use,Pressure on water resources,SDG 6.4.1. Irrigated Agriculture Water Use Efficiency,Guatemala,2021,0.928120898,US$/m3,E,False
Water use,Pressure on water resources,SDG 6.4.1. Irrigated Agriculture Water Use Efficiency,Guinea,2018,0.042959201,US$/m3,E,False
Water use,Pressure on water resources,SDG 6.4.1. Irrigated Agriculture Water Use Efficiency,Guinea,2019,0.053253134,US$/m3,E,False
Water use,Pressure on water resources,SDG 6.4.1. Irrigated Agriculture Water Use Efficiency,Guinea,2020,0.054049908,US$/m3,E,False
Water use,Pressure on water resources,SDG 6.4.1. Irrigated Agriculture Water Use Efficiency,Guinea,2021,0.055202352,US$/m3,E,False
Water use,Pressure on water resources,SDG 6.4.1. Irrigated Agriculture Water Use Efficiency,Guinea-Bissau,2018,0.100031586,US$/m3,E,False
Water use,Pressure on water resources,SDG 6.4.1. Irrigated Agriculture Water Use Efficiency,Guinea-Bissau,2019,0.103456724,US$/m3,E,False
Water use,Pressure on water resources,SDG 6.4.1. Irrigated Agriculture Water Use Efficiency,Guinea-Bissau,2020,0.103665733,US$/m3,E,False
Water use,Pressure on water resources,SDG 6.4.1. Irrigated Agriculture Water Use Efficiency,Guinea-Bissau,2021,0.110171359,US$/m3,E,False
Water use,Pressure on water resources,SDG 6.4.1. Irrigated Agriculture Water Use Efficiency,Guyana,2018,0.009389912,US$/m3,E,False
Water use,Pressure on water resources,SDG 6.4.1. Irrigated Agriculture Water Use Efficiency,Guyana,2019,0.008909942,US$/m3,E,False
Water use,Pressure on water resources,SDG 6.4.1. Irrigated Agriculture Water Use Efficiency,Guyana,2020,0.012243162,US$/m3,E,False
Water use,Pressure on water resources,SDG 6.4.1. Irrigated Agriculture Water Use Efficiency,Guyana,2021,0.012865178,US$/m3,E,False
Water use,Pressure on water resources,SDG 6.4.1. Irrigated Agriculture Water Use Efficiency,Haiti,2018,0.23936034,US$/m3,E,False
Water use,Pressure on water resources,SDG 6.4.1. Irrigated Agriculture Water Use Efficiency,Haiti,2019,0.243378763,US$/m3,E,False
Water use,Pressure on water resources,SDG 6.4.1. Irrigated Agriculture Water Use Efficiency,Haiti,2020,0.231470649,US$/m3,E,False
Water use,Pressure on water resources,SDG 6.4.1. Irrigated Agriculture Water Use Efficiency,Haiti,2021,0.245503181,US$/m3,E,False
Water use,Pressure on water resources,SDG 6.4.1. Irrigated Agriculture Water Use Efficiency,Honduras,2018,0.230709494,US$/m3,E,False
Water use,Pressure on water resources,SDG 6.4.1. Irrigated Agriculture Water Use Efficiency,Honduras,2019,0.219359039,US$/m3,E,False
Water use,Pressure on water resources,SDG 6.4.1. Irrigated Agriculture Water Use Efficiency,Honduras,2020,0.225014325,US$/m3,E,False
Water use,Pressure on water resources,SDG 6.4.1. Irrigated Agriculture Water Use Efficiency,Honduras,2021,0.230725297,US$/m3,E,False
Water use,Pressure on water resources,SDG 6.4.1. Irrigated Agriculture Water Use Efficiency,Hungary,2018,0.365466235,US$/m3,E,False
Water use,Pressure on water resources,SDG 6.4.1. Irrigated Agriculture Water Use Efficiency,Hungary,2019,0.397958536,US$/m3,E,False
Water use,Pressure on water resources,SDG 6.4.1. Irrigated Agriculture Water Use Efficiency,Hungary,2020,0.430949731,US$/m3,E,False
Water use,Pressure on water resources,SDG 6.4.1. Irrigated Agriculture Water Use Efficiency,Hungary,2021,0.456600438,US$/m3,E,False
Water use,Pressure on water resources,SDG 6.4.1. Irrigated Agriculture Water Use Efficiency,Iceland,2018,0.780674405,US$/m3,E,False
Water use,Pressure on water resources,SDG 6.4.1. Irrigated Agriculture Water Use Efficiency,Iceland,2019,0.892872769,US$/m3,E,False
Water use,Pressure on water resources,SDG 6.4.1. Irrigated Agriculture Water Use Efficiency,Iceland,2020,0.823679197,US$/m3,E,False
Water use,Pressure on water resources,SDG 6.4.1. Irrigated Agriculture Water Use Efficiency,Iceland,2021,0.89661243,US$/m3,E,False
Water use,Pressure on water resources,SDG 6.4.1. Irrigated Agriculture Water Use Efficiency,India,2018,0.44556173,US$/m3,E,False
Water use,Pressure on water resources,SDG 6.4.1. Irrigated Agriculture Water Use Efficiency,India,2019,0.482328592,US$/m3,E,False
Water use,Pressure on water resources,SDG 6.4.1. Irrigated Agriculture Water Use Efficiency,India,2020,0.490901017,US$/m3,E,False
Water use,Pressure on water resources,SDG 6.4.1. Irrigated Agriculture Water Use Efficiency,India,2021,0.492241145,US$/m3,E,False
Water use,Pressure on water resources,SDG 6.4.1. Irrigated Agriculture Water Use Efficiency,Indonesia,2018,0.295395593,US$/m3,E,False
Water use,Pressure on water resources,SDG 6.4.1. Irrigated Agriculture Water Use Efficiency,Indonesia,2019,0.307899769,US$/m3,E,False
Water use,Pressure on water resources,SDG 6.4.1. Irrigated Agriculture Water Use Efficiency,Indonesia,2020,0.325021081,US$/m3,E,False
Water use,Pressure on water resources,SDG 6.4.1. Irrigated Agriculture Water Use Efficiency,Indonesia,2021,0.326644456,US$/m3,E,False
Water use,Pressure on water resources,SDG 6.4.1. Irrigated Agriculture Water Use Efficiency,Iran (Islamic Republic of),2018,0.290595747,US$/m3,E,False
Water use,Pressure on water resources,SDG 6.4.1. Irrigated Agriculture Water Use Efficiency,Iran (Islamic Republic of),2019,0.156360274,US$/m3,E,False
Water use,Pressure on water resources,SDG 6.4.1. Irrigated Agriculture Water Use Efficiency,Iran (Islamic Republic of),2020,0.320042813,US$/m3,E,False
Water use,Pressure on water resources,SDG 6.4.1. Irrigated Agriculture Water Use Efficiency,Iran (Islamic Republic of),2021,0.339134013,US$/m3,E,False
Water use,Pressure on water resources,SDG 6.4.1. Irrigated Agriculture Water Use Efficiency,Iraq,2018,0.104390769,US$/m3,E,False
Water use,Pressure on water resources,SDG 6.4.1. Irrigated Agriculture Water Use Efficiency,Iraq,2019,0.103315279,US$/m3,E,False
Water use,Pressure on water resources,SDG 6.4.1. Irrigated Agriculture Water Use Efficiency,Iraq,2020,0.196831832,US$/m3,E,False
Water use,Pressure on water resources,SDG 6.4.1. Irrigated Agriculture Water Use Efficiency,Iraq,2021,0.140331513,US$/m3,E,False
Water use,Pressure on water resources,SDG 6.4.1. Irrigated Agriculture Water Use Efficiency,Ireland,2018,0,US$/m3,E,False
Water use,Pressure on water resources,SDG 6.4.1. Irrigated Agriculture Water Use Efficiency,Ireland,2019,0,US$/m3,E,False
Water use,Pressure on water resources,SDG 6.4.1. Irrigated Agriculture Water Use Efficiency,Ireland,2020,0,US$/m3,E,False
Water use,Pressure on water resources,SDG 6.4.1. Irrigated Agriculture Water Use Efficiency,Ireland,2021,0,US$/m3,E,False
Water use,Pressure on water resources,SDG 6.4.1. Irrigated Agriculture Water Use Efficiency,Israel,2018,2.258255826,US$/m3,E,False
Water use,Pressure on water resources,SDG 6.4.1. Irrigated Agriculture Water Use Efficiency,Israel,2019,2.194268528,US$/m3,E,False
Water use,Pressure on water resources,SDG 6.4.1. Irrigated Agriculture Water Use Efficiency,Israel,2020,2.180176044,US$/m3,E,False
Water use,Pressure on water resources,SDG 6.4.1. Irrigated Agriculture Water Use Efficiency,Israel,2021,2.055494125,US$/m3,E,False
Water use,Pressure on water resources,SDG 6.4.1. Irrigated Agriculture Water Use Efficiency,Italy,2018,1.048575953,US$/m3,E,False
Water use,Pressure on water resources,SDG 6.4.1. Irrigated Agriculture Water Use Efficiency,Italy,2019,0.975151826,US$/m3,E,False
Water use,Pressure on water resources,SDG 6.4.1. Irrigated Agriculture Water Use Efficiency,Italy,2020,0.830446881,US$/m3,E,False
Water use,Pressure on water resources,SDG 6.4.1. Irrigated Agriculture Water Use Efficiency,Italy,2021,0.851333785,US$/m3,E,False
Water use,Pressure on water resources,SDG 6.4.1. Irrigated Agriculture Water Use Efficiency,Jamaica,2018,1.929288096,US$/m3,E,False
Water use,Pressure on water resources,SDG 6.4.1. Irrigated Agriculture Water Use Efficiency,Jamaica,2019,2.078887081,US$/m3,E,False
Water use,Pressure on water resources,SDG 6.4.1. Irrigated Agriculture Water Use Efficiency,Jamaica,2020,2.320073507,US$/m3,E,False
Water use,Pressure on water resources,SDG 6.4.1. Irrigated Agriculture Water Use Efficiency,Jamaica,2021,3.325481016,US$/m3,E,False
Water use,Pressure on water resources,SDG 6.4.1. Irrigated Agriculture Water Use Efficiency,Japan,2018,0.666493243,US$/m3,E,False
Water use,Pressure on water resources,SDG 6.4.1. Irrigated Agriculture Water Use Efficiency,Japan,2019,0.660638996,US$/m3,E,False
Water use,Pressure on water resources,SDG 6.4.1. Irrigated Agriculture Water Use Efficiency,Japan,2020,0.639603845,US$/m3,E,False
Water use,Pressure on water resources,SDG 6.4.1. Irrigated Agriculture Water Use Efficiency,Japan,2021,0.649344017,US$/m3,E,False
Water use,Pressure on water resources,SDG 6.4.1. Irrigated Agriculture Water Use Efficiency,Jordan,2018,1.500919078,US$/m3,E,False
Water use,Pressure on water resources,SDG 6.4.1. Irrigated Agriculture Water Use Efficiency,Jordan,2019,1.433001057,US$/m3,E,False
Water use,Pressure on water resources,SDG 6.4.1. Irrigated Agriculture Water Use Efficiency,Jordan,2020,1.494186477,US$/m3,E,False
Water use,Pressure on water resources,SDG 6.4.1. Irrigated Agriculture Water Use Efficiency,Jordan,2021,1.53990184,US$/m3,E,False
Water use,Pressure on water resources,SDG 6.4.1. Irrigated Agriculture Water Use Efficiency,Kazakhstan,2018,0.037400406,US$/m3,E,False
Water use,Pressure on water resources,SDG 6.4.1. Irrigated Agriculture Water Use Efficiency,Kazakhstan,2019,0.040714272,US$/m3,E,False
Water use,Pressure on water resources,SDG 6.4.1. Irrigated Agriculture Water Use Efficiency,Kazakhstan,2020,0.05630308,US$/m3,E,False
Water use,Pressure on water resources,SDG 6.4.1. Irrigated Agriculture Water Use Efficiency,Kazakhstan,2021,0.055556322,US$/m3,E,False
Water use,Pressure on water resources,SDG 6.4.1. Irrigated Agriculture Water Use Efficiency,Kenya,2018,0.157917694,US$/m3,E,False
Water use,Pressure on water resources,SDG 6.4.1. Irrigated Agriculture Water Use Efficiency,Kenya,2019,0.169944064,US$/m3,E,False
Water use,Pressure on water resources,SDG 6.4.1. Irrigated Agriculture Water Use Efficiency,Kenya,2020,0.183387012,US$/m3,E,False
Water use,Pressure on water resources,SDG 6.4.1. Irrigated Agriculture Water Use Efficiency,Kenya,2021,0.197348903,US$/m3,E,False
Water use,Pressure on water resources,SDG 6.4.1. Irrigated Agriculture Water Use Efficiency,Kuwait,2018,0.661635496,US$/m3,E,False
Water use,Pressure on water resources,SDG 6.4.1. Irrigated Agriculture Water Use Efficiency,Kuwait,2019,0.565533718,US$/m3,E,False
Water use,Pressure on water resources,SDG 6.4.1. Irrigated Agriculture Water Use Efficiency,Kuwait,2020,0.613235949,US$/m3,E,False
Water use,Pressure on water resources,SDG 6.4.1. Irrigated Agriculture Water Use Efficiency,Kuwait,2021,0.583672242,US$/m3,E,False
Water use,Pressure on water resources,SDG 6.4.1. Irrigated Agriculture Water Use Efficiency,Kyrgyzstan,2018,0.105384568,US$/m3,E,False
Water use,Pressure on water resources,SDG 6.4.1. Irrigated Agriculture Water Use Efficiency,Kyrgyzstan,2019,0.110136818,US$/m3,E,False
Water use,Pressure on water resources,SDG 6.4.1. Irrigated Agriculture Water Use Efficiency,Kyrgyzstan,2020,0.117399305,US$/m3,E,False
Water use,Pressure on water resources,SDG 6.4.1. Irrigated Agriculture Water Use Efficiency,Kyrgyzstan,2021,0.126548495,US$/m3,E,False
Water use,Pressure on water resources,SDG 6.4.1. Irrigated Agriculture Water Use Efficiency,Lao People's Democratic Republic,2018,0.141798424,US$/m3,E,False
Water use,Pressure on water resources,SDG 6.4.1. Irrigated Agriculture Water Use Efficiency,Lao People's Democratic Republic,2019,0.16021682,US$/m3,E,False
Water use,Pressure on water resources,SDG 6.4.1. Irrigated Agriculture Water Use Efficiency,Lao People's Democratic Republic,2020,0.169941797,US$/m3,E,False
Water use,Pressure on water resources,SDG 6.4.1. Irrigated Agriculture Water Use Efficiency,Lao People's Democratic Republic,2021,0.170183416,US$/m3,E,False
Water use,Pressure on water resources,SDG 6.4.1. Irrigated Agriculture Water Use Efficiency,Latvia,2018,0.015931523,US$/m3,E,False
Water use,Pressure on water resources,SDG 6.4.1. Irrigated Agriculture Water Use Efficiency,Latvia,2019,0.024054982,US$/m3,E,False
Water use,Pressure on water resources,SDG 6.4.1. Irrigated Agriculture Water Use Efficiency,Latvia,2020,0.027907298,US$/m3,E,False
Water use,Pressure on water resources,SDG 6.4.1. Irrigated Agriculture Water Use Efficiency,Latvia,2021,0.027513783,US$/m3,E,False
Water use,Pressure on water resources,SDG 6.4.1. Irrigated Agriculture Water Use Efficiency,Lebanon,2018,2.246019328,US$/m3,E,False
Water use,Pressure on water resources,SDG 6.4.1. Irrigated Agriculture Water Use Efficiency,Lebanon,2019,2.05008522,US$/m3,E,False
Water use,Pressure on water resources,SDG 6.4.1. Irrigated Agriculture Water Use Efficiency,Lebanon,2020,4.285289172,US$/m3,E,False
Water use,Pressure on water resources,SDG 6.4.1. Irrigated Agriculture Water Use Efficiency,Lebanon,2021,1.812728811,US$/m3,E,False
Water use,Pressure on water resources,SDG 6.4.1. Irrigated Agriculture Water Use Efficiency,Lesotho,2018,0.015297245,US$/m3,E,False
Water use,Pressure on water resources,SDG 6.4.1. Irrigated Agriculture Water Use Efficiency,Lesotho,2019,0.015611309,US$/m3,E,False
Water use,Pressure on water resources,SDG 6.4.1. Irrigated Agriculture Water Use Efficiency,Lesotho,2020,0.016953695,US$/m3,E,False
Water use,Pressure on water resources,SDG 6.4.1. Irrigated Agriculture Water Use Efficiency,Lesotho,2021,0.014461636,US$/m3,E,False
Water use,Pressure on water resources,SDG 6.4.1. Irrigated Agriculture Water Use Efficiency,Liberia,2018,0.041318677,US$/m3,E,False
Water use,Pressure on water resources,SDG 6.4.1. Irrigated Agriculture Water Use Efficiency,Liberia,2019,0.042367104,US$/m3,E,False
Water use,Pressure on water resources,SDG 6.4.1. Irrigated Agriculture Water Use Efficiency,Liberia,2020,0.044816494,US$/m3,E,False
Water use,Pressure on water resources,SDG 6.4.1. Irrigated Agriculture Water Use Efficiency,Liberia,2021,0.04051259,US$/m3,E,False
Water use,Pressure on water resources,SDG 6.4.1. Irrigated Agriculture Water Use Efficiency,Libya,2018,0.200991237,US$/m3,E,False
Water use,Pressure on water resources,SDG 6.4.1. Irrigated Agriculture Water Use Efficiency,Libya,2019,0.199392815,US$/m3,E,False
Water use,Pressure on water resources,SDG 6.4.1. Irrigated Agriculture Water Use Efficiency,Libya,2020,0.133252572,US$/m3,E,False
Water use,Pressure on water resources,SDG 6.4.1. Irrigated Agriculture Water Use Efficiency,Libya,2021,0.170948095,US$/m3,E,False
Water use,Pressure on water resources,SDG 6.4.1. Irrigated Agriculture Water Use Efficiency,Lithuania,2018,0.039006131,US$/m3,E,False
Water use,Pressure on water resources,SDG 6.4.1. Irrigated Agriculture Water Use Efficiency,Lithuania,2019,0.043982094,US$/m3,E,False
Water use,Pressure on water resources,SDG 6.4.1. Irrigated Agriculture Water Use Efficiency,Lithuania,2020,0.0498834,US$/m3,E,False
Water use,Pressure on water resources,SDG 6.4.1. Irrigated Agriculture Water Use Efficiency,Lithuania,2021,0.049761519,US$/m3,E,False
Water use,Pressure on water resources,SDG 6.4.1. Irrigated Agriculture Water Use Efficiency,Luxembourg,2018,0,US$/m3,E,False
Water use,Pressure on water resources,SDG 6.4.1. Irrigated Agriculture Water Use Efficiency,Luxembourg,2019,0,US$/m3,E,False
Water use,Pressure on water resources,SDG 6.4.1. Irrigated Agriculture Water Use Efficiency,Luxembourg,2020,0,US$/m3,E,False
Water use,Pressure on water resources,SDG 6.4.1. Irrigated Agriculture Water Use Efficiency,Luxembourg,2021,0,US$/m3,E,False
Water use,Pressure on water resources,SDG 6.4.1. Irrigated Agriculture Water Use Efficiency,Madagascar,2018,0.106001409,US$/m3,E,False
Water use,Pressure on water resources,SDG 6.4.1. Irrigated Agriculture Water Use Efficiency,Madagascar,2019,0.10598161,US$/m3,E,False
Water use,Pressure on water resources,SDG 6.4.1. Irrigated Agriculture Water Use Efficiency,Madagascar,2020,0.107698864,US$/m3,E,False
Water use,Pressure on water resources,SDG 6.4.1. Irrigated Agriculture Water Use Efficiency,Madagascar,2021,0.108762983,US$/m3,E,False
Water use,Pressure on water resources,SDG 6.4.1. Irrigated Agriculture Water Use Efficiency,Malawi,2018,0.050240611,US$/m3,E,False
Water use,Pressure on water resources,SDG 6.4.1. Irrigated Agriculture Water Use Efficiency,Malawi,2019,0.056343307,US$/m3,E,False
Water use,Pressure on water resources,SDG 6.4.1. Irrigated Agriculture Water Use Efficiency,Malawi,2020,0.062347504,US$/m3,E,False
Water use,Pressure on water resources,SDG 6.4.1. Irrigated Agriculture Water Use Efficiency,Malawi,2021,0.067821727,US$/m3,E,False
Water use,Pressure on water resources,SDG 6.4.1. Irrigated Agriculture Water Use Efficiency,Malaysia,2018,1.127485696,US$/m3,E,False
Water use,Pressure on water resources,SDG 6.4.1. Irrigated Agriculture Water Use Efficiency,Malaysia,2019,1.134852674,US$/m3,E,False
Water use,Pressure on water resources,SDG 6.4.1. Irrigated Agriculture Water Use Efficiency,Malaysia,2020,1.211977677,US$/m3,E,False
Water use,Pressure on water resources,SDG 6.4.1. Irrigated Agriculture Water Use Efficiency,Malaysia,2021,1.466346691,US$/m3,E,False
Water use,Pressure on water resources,SDG 6.4.1. Irrigated Agriculture Water Use Efficiency,Mali,2018,0.045488281,US$/m3,E,False
Water use,Pressure on water resources,SDG 6.4.1. Irrigated Agriculture Water Use Efficiency,Mali,2019,0.047940836,US$/m3,E,False
Water use,Pressure on water resources,SDG 6.4.1. Irrigated Agriculture Water Use Efficiency,Mali,2020,0.046806361,US$/m3,E,False
Water use,Pressure on water resources,SDG 6.4.1. Irrigated Agriculture Water Use Efficiency,Mali,2021,0.048238625,US$/m3,E,False
Water use,Pressure on water resources,SDG 6.4.1. Irrigated Agriculture Water Use Efficiency,Malta,2018,1.645091836,US$/m3,E,False
Water use,Pressure on water resources,SDG 6.4.1. Irrigated Agriculture Water Use Efficiency,Malta,2019,1.386195018,US$/m3,E,False
Water use,Pressure on water resources,SDG 6.4.1. Irrigated Agriculture Water Use Efficiency,Malta,2020,2.302560795,US$/m3,E,False
Water use,Pressure on water resources,SDG 6.4.1. Irrigated Agriculture Water Use Efficiency,Malta,2021,3.160097745,US$/m3,E,False
Water use,Pressure on water resources,SDG 6.4.1. Irrigated Agriculture Water Use Efficiency,Mauritania,2018,0.340884616,US$/m3,E,False
Water use,Pressure on water resources,SDG 6.4.1. Irrigated Agriculture Water Use Efficiency,Mauritania,2019,0.328536418,US$/m3,E,False
Water use,Pressure on water resources,SDG 6.4.1. Irrigated Agriculture Water Use Efficiency,Mauritania,2020,0.29487469,US$/m3,E,False
Water use,Pressure on water resources,SDG 6.4.1. Irrigated Agriculture Water Use Efficiency,Mauritania,2021,0.286084259,US$/m3,E,False
Water use,Pressure on water resources,SDG 6.4.1. Irrigated Agriculture Water Use Efficiency,Mauritius,2018,0.365717599,US$/m3,E,False
Water use,Pressure on water resources,SDG 6.4.1. Irrigated Agriculture Water Use Efficiency,Mauritius,2019,0.366031854,US$/m3,E,False
Water use,Pressure on water resources,SDG 6.4.1. Irrigated Agriculture Water Use Efficiency,Mauritius,2020,0.36238576,US$/m3,E,False
Water use,Pressure on water resources,SDG 6.4.1. Irrigated Agriculture Water Use Efficiency,Mauritius,2021,0.383671422,US$/m3,E,False
Water use,Pressure on water resources,SDG 6.4.1. Irrigated Agriculture Water Use Efficiency,Mexico,2018,0.268549519,US$/m3,E,False
Water use,Pressure on water resources,SDG 6.4.1. Irrigated Agriculture Water Use Efficiency,Mexico,2019,0.261719708,US$/m3,E,False
Water use,Pressure on water resources,SDG 6.4.1. Irrigated Agriculture Water Use Efficiency,Mexico,2020,0.268166925,US$/m3,E,False
Water use,Pressure on water resources,SDG 6.4.1. Irrigated Agriculture Water Use Efficiency,Mexico,2021,0.272228894,US$/m3,E,False
Water use,Pressure on water resources,SDG 6.4.1. Irrigated Agriculture Water Use Efficiency,Mongolia,2018,0.291566524,US$/m3,E,False
Water use,Pressure on water resources,SDG 6.4.1. Irrigated Agriculture Water Use Efficiency,Mongolia,2019,0.400671601,US$/m3,E,False
Water use,Pressure on water resources,SDG 6.4.1. Irrigated Agriculture Water Use Efficiency,Mongolia,2020,0.428969733,US$/m3,E,False
Water use,Pressure on water resources,SDG 6.4.1. Irrigated Agriculture Water Use Efficiency,Mongolia,2021,0.442639148,US$/m3,E,False
Water use,Pressure on water resources,SDG 6.4.1. Irrigated Agriculture Water Use Efficiency,Montenegro,2018,4.106205962,US$/m3,E,False
Water use,Pressure on water resources,SDG 6.4.1. Irrigated Agriculture Water Use Efficiency,Montenegro,2019,4.058143739,US$/m3,E,False
Water use,Pressure on water resources,SDG 6.4.1. Irrigated Agriculture Water Use Efficiency,Montenegro,2020,4.061369715,US$/m3,E,False
Water use,Pressure on water resources,SDG 6.4.1. Irrigated Agriculture Water Use Efficiency,Montenegro,2021,3.837007128,US$/m3,E,False
Water use,Pressure on water resources,SDG 6.4.1. Irrigated Agriculture Water Use Efficiency,Morocco,2018,0.389384253,US$/m3,E,False
Water use,Pressure on water resources,SDG 6.4.1. Irrigated Agriculture Water Use Efficiency,Morocco,2019,0.365625894,US$/m3,E,False
Water use,Pressure on water resources,SDG 6.4.1. Irrigated Agriculture Water Use Efficiency,Morocco,2020,0.31503688,US$/m3,E,False
Water use,Pressure on water resources,SDG 6.4.1. Irrigated Agriculture Water Use Efficiency,Morocco,2021,0.361683365,US$/m3,E,False
Water use,Pressure on water resources,SDG 6.4.1. Irrigated Agriculture Water Use Efficiency,Mozambique,2018,0.05961472,US$/m3,E,False
Water use,Pressure on water resources,SDG 6.4.1. Irrigated Agriculture Water Use Efficiency,Mozambique,2019,0.060110124,US$/m3,E,False
Water use,Pressure on water resources,SDG 6.4.1. Irrigated Agriculture Water Use Efficiency,Mozambique,2020,0.063763914,US$/m3,E,False
Water use,Pressure on water resources,SDG 6.4.1. Irrigated Agriculture Water Use Efficiency,Mozambique,2021,0.069014745,US$/m3,E,False
Water use,Pressure on water resources,SDG 6.4.1. Irrigated Agriculture Water Use Efficiency,Myanmar,2018,0.184559258,US$/m3,E,False
Water use,Pressure on water resources,SDG 6.4.1. Irrigated Agriculture Water Use Efficiency,Myanmar,2019,0.186505699,US$/m3,E,False
Water use,Pressure on water resources,SDG 6.4.1. Irrigated Agriculture Water Use Efficiency,Myanmar,2020,0.190248298,US$/m3,E,False
Water use,Pressure on water resources,SDG 6.4.1. Irrigated Agriculture Water Use Efficiency,Myanmar,2021,0.175461187,US$/m3,E,False
Water use,Pressure on water resources,SDG 6.4.1. Irrigated Agriculture Water Use Efficiency,Namibia,2018,0.071462052,US$/m3,E,False
Water use,Pressure on water resources,SDG 6.4.1. Irrigated Agriculture Water Use Efficiency,Namibia,2019,0.064559234,US$/m3,E,False
Water use,Pressure on water resources,SDG 6.4.1. Irrigated Agriculture Water Use Efficiency,Namibia,2020,0.077138733,US$/m3,E,False
Water use,Pressure on water resources,SDG 6.4.1. Irrigated Agriculture Water Use Efficiency,Namibia,2021,0.080828156,US$/m3,E,False
Water use,Pressure on water resources,SDG 6.4.1. Irrigated Agriculture Water Use Efficiency,Nepal,2018,0.592733119,US$/m3,E,False
Water use,Pressure on water resources,SDG 6.4.1. Irrigated Agriculture Water Use Efficiency,Nepal,2019,0.632162934,US$/m3,E,False
Water use,Pressure on water resources,SDG 6.4.1. Irrigated Agriculture Water Use Efficiency,Nepal,2020,0.596241891,US$/m3,E,False
Water use,Pressure on water resources,SDG 6.4.1. Irrigated Agriculture Water Use Efficiency,Nepal,2021,0.632685775,US$/m3,E,False
Water use,Pressure on water resources,SDG 6.4.1. Irrigated Agriculture Water Use Efficiency,Netherlands (Kingdom of the),2018,18.417765449,US$/m3,E,False
Water use,Pressure on water resources,SDG 6.4.1. Irrigated Agriculture Water Use Efficiency,Netherlands (Kingdom of the),2019,19.726202217,US$/m3,E,False
Water use,Pressure on water resources,SDG 6.4.1. Irrigated Agriculture Water Use Efficiency,Netherlands (Kingdom of the),2020,20.075497553,US$/m3,E,False
Water use,Pressure on water resources,SDG 6.4.1. Irrigated Agriculture Water Use Efficiency,Netherlands (Kingdom of the),2021,25.116837136,US$/m3,E,False
Water use,Pressure on water resources,SDG 6.4.1. Irrigated Agriculture Water Use Efficiency,New Zealand,2018,4.21240309,US$/m3,E,False
Water use,Pressure on water resources,SDG 6.4.1. Irrigated Agriculture Water Use Efficiency,New Zealand,2019,4.143738397,US$/m3,E,False
Water use,Pressure on water resources,SDG 6.4.1. Irrigated Agriculture Water Use Efficiency,New Zealand,2020,4.196471752,US$/m3,E,False
Water use,Pressure on water resources,SDG 6.4.1. Irrigated Agriculture Water Use Efficiency,New Zealand,2021,4.309334928,US$/m3,E,False
Water use,Pressure on water resources,SDG 6.4.1. Irrigated Agriculture Water Use Efficiency,Nicaragua,2018,0.146448558,US$/m3,E,False
Water use,Pressure on water resources,SDG 6.4.1. Irrigated Agriculture Water Use Efficiency,Nicaragua,2019,0.141868625,US$/m3,E,False
Water use,Pressure on water resources,SDG 6.4.1. Irrigated Agriculture Water Use Efficiency,Nicaragua,2020,0.142175874,US$/m3,E,False
Water use,Pressure on water resources,SDG 6.4.1. Irrigated Agriculture Water Use Efficiency,Nicaragua,2021,0.156124088,US$/m3,E,False
Water use,Pressure on water resources,SDG 6.4.1. Irrigated Agriculture Water Use Efficiency,Niger,2018,0.003279637,US$/m3,E,False
Water use,Pressure on water resources,SDG 6.4.1. Irrigated Agriculture Water Use Efficiency,Niger,2019,0.003199935,US$/m3,E,False
Water use,Pressure on water resources,SDG 6.4.1. Irrigated Agriculture Water Use Efficiency,Niger,2020,0.003444776,US$/m3,E,False
Water use,Pressure on water resources,SDG 6.4.1. Irrigated Agriculture Water Use Efficiency,Niger,2021,0.003320021,US$/m3,E,False
Water use,Pressure on water resources,SDG 6.4.1. Irrigated Agriculture Water Use Efficiency,Nigeria,2018,0.218816277,US$/m3,E,False
Water use,Pressure on water resources,SDG 6.4.1. Irrigated Agriculture Water Use Efficiency,Nigeria,2019,0.231058592,US$/m3,E,False
Water use,Pressure on water resources,SDG 6.4.1. Irrigated Agriculture Water Use Efficiency,Nigeria,2020,0.250084522,US$/m3,E,False
Water use,Pressure on water resources,SDG 6.4.1. Irrigated Agriculture Water Use Efficiency,Nigeria,2021,0.250764323,US$/m3,E,False
Water use,Pressure on water resources,SDG 6.4.1. Irrigated Agriculture Water Use Efficiency,North Macedonia,2018,0.773815568,US$/m3,E,False
Water use,Pressure on water resources,SDG 6.4.1. Irrigated Agriculture Water Use Efficiency,North Macedonia,2019,0.650664221,US$/m3,E,False
Water use,Pressure on water resources,SDG 6.4.1. Irrigated Agriculture Water Use Efficiency,North Macedonia,2020,0.567616934,US$/m3,E,False
Water use,Pressure on water resources,SDG 6.4.1. Irrigated Agriculture Water Use Efficiency,North Macedonia,2021,0.452795924,US$/m3,E,False
Water use,Pressure on water resources,SDG 6.4.1. Irrigated Agriculture Water Use Efficiency,Norway,2018,0.372509396,US$/m3,E,False
Water use,Pressure on water resources,SDG 6.4.1. Irrigated Agriculture Water Use Efficiency,Norway,2019,0.371485655,US$/m3,E,False
Water use,Pressure on water resources,SDG 6.4.1. Irrigated Agriculture Water Use Efficiency,Norway,2020,0.36107503,US$/m3,E,False
Water use,Pressure on water resources,SDG 6.4.1. Irrigated Agriculture Water Use Efficiency,Norway,2021,0.335229735,US$/m3,E,False
Water use,Pressure on water resources,SDG 6.4.1. Irrigated Agriculture Water Use Efficiency,Oman,2018,1.004289704,US$/m3,E,False
Water use,Pressure on water resources,SDG 6.4.1. Irrigated Agriculture Water Use Efficiency,Oman,2019,1.070862747,US$/m3,E,False
Water use,Pressure on water resources,SDG 6.4.1. Irrigated Agriculture Water Use Efficiency,Oman,2020,1.280906202,US$/m3,E,False
Water use,Pressure on water resources,SDG 6.4.1. Irrigated Agriculture Water Use Efficiency,Oman,2021,1.134117934,US$/m3,E,False
Water use,Pressure on water resources,SDG 6.4.1. Irrigated Agriculture Water Use Efficiency,Pakistan,2018,0.339694833,US$/m3,E,False
Water use,Pressure on water resources,SDG 6.4.1. Irrigated Agriculture Water Use Efficiency,Pakistan,2019,0.333497764,US$/m3,E,False
Water use,Pressure on water resources,SDG 6.4.1. Irrigated Agriculture Water Use Efficiency,Pakistan,2020,0.355840506,US$/m3,E,False
Water use,Pressure on water resources,SDG 6.4.1. Irrigated Agriculture Water Use Efficiency,Pakistan,2021,0.397394985,US$/m3,E,False
Water use,Pressure on water resources,SDG 6.4.1. Irrigated Agriculture Water Use Efficiency,Palestine,2018,5.815629537,US$/m3,E,False
Water use,Pressure on water resources,SDG 6.4.1. Irrigated Agriculture Water Use Efficiency,Palestine,2019,5.32730394,US$/m3,E,False
Water use,Pressure on water resources,SDG 6.4.1. Irrigated Agriculture Water Use Efficiency,Palestine,2020,3.601238469,US$/m3,E,False
Water use,Pressure on water resources,SDG 6.4.1. Irrigated Agriculture Water Use Efficiency,Palestine,2021,3.110033744,US$/m3,E,False
Water use,Pressure on water resources,SDG 6.4.1. Irrigated Agriculture Water Use Efficiency,Panama,2018,0.309341623,US$/m3,E,False
Water use,Pressure on water resources,SDG 6.4.1. Irrigated Agriculture Water Use Efficiency,Panama,2019,0.309840079,US$/m3,E,False
Water use,Pressure on water resources,SDG 6.4.1. Irrigated Agriculture Water Use Efficiency,Panama,2020,0.321991352,US$/m3,E,False
Water use,Pressure on water resources,SDG 6.4.1. Irrigated Agriculture Water Use Efficiency,Panama,2021,0.348463848,US$/m3,E,False
Water use,Pressure on water resources,SDG 6.4.1. Irrigated Agriculture Water Use Efficiency,Paraguay,2018,0.165516865,US$/m3,E,False
Water use,Pressure on water resources,SDG 6.4.1. Irrigated Agriculture Water Use Efficiency,Paraguay,2019,0.160167554,US$/m3,E,False
Water use,Pressure on water resources,SDG 6.4.1. Irrigated Agriculture Water Use Efficiency,Paraguay,2020,0.176280783,US$/m3,E,False
Water use,Pressure on water resources,SDG 6.4.1. Irrigated Agriculture Water Use Efficiency,Paraguay,2021,0.179679605,US$/m3,E,False
Water use,Pressure on water resources,SDG 6.4.1. Irrigated Agriculture Water Use Efficiency,Peru,2018,0.274865547,US$/m3,E,False
Water use,Pressure on water resources,SDG 6.4.1. Irrigated Agriculture Water Use Efficiency,Peru,2019,0.280255644,US$/m3,E,False
Water use,Pressure on water resources,SDG 6.4.1. Irrigated Agriculture Water Use Efficiency,Peru,2020,0.280494742,US$/m3,E,False
Water use,Pressure on water resources,SDG 6.4.1. Irrigated Agriculture Water Use Efficiency,Peru,2021,0.287712656,US$/m3,E,False
Water use,Pressure on water resources,SDG 6.4.1. Irrigated Agriculture Water Use Efficiency,Philippines,2018,0.18596683,US$/m3,E,False
Water use,Pressure on water resources,SDG 6.4.1. Irrigated Agriculture Water Use Efficiency,Philippines,2019,0.179255692,US$/m3,E,False
Water use,Pressure on water resources,SDG 6.4.1. Irrigated Agriculture Water Use Efficiency,Philippines,2020,0.186344881,US$/m3,E,False
Water use,Pressure on water resources,SDG 6.4.1. Irrigated Agriculture Water Use Efficiency,Philippines,2021,0.198779145,US$/m3,E,False
Water use,Pressure on water resources,SDG 6.4.1. Irrigated Agriculture Water Use Efficiency,Poland,2018,0.101185511,US$/m3,E,False
Water use,Pressure on water resources,SDG 6.4.1. Irrigated Agriculture Water Use Efficiency,Poland,2019,0.105167475,US$/m3,E,False
Water use,Pressure on water resources,SDG 6.4.1. Irrigated Agriculture Water Use Efficiency,Poland,2020,0.114022128,US$/m3,E,False
Water use,Pressure on water resources,SDG 6.4.1. Irrigated Agriculture Water Use Efficiency,Poland,2021,0.105474674,US$/m3,E,False
Water use,Pressure on water resources,SDG 6.4.1. Irrigated Agriculture Water Use Efficiency,Portugal,2018,0.516016283,US$/m3,E,False
Water use,Pressure on water resources,SDG 6.4.1. Irrigated Agriculture Water Use Efficiency,Portugal,2019,0.543393858,US$/m3,E,False
Water use,Pressure on water resources,SDG 6.4.1. Irrigated Agriculture Water Use Efficiency,Portugal,2020,0.518662118,US$/m3,E,False
Water use,Pressure on water resources,SDG 6.4.1. Irrigated Agriculture Water Use Efficiency,Portugal,2021,0.551247827,US$/m3,E,False
Water use,Pressure on water resources,SDG 6.4.1. Irrigated Agriculture Water Use Efficiency,Puerto Rico,2018,2.105737421,US$/m3,E,False
Water use,Pressure on water resources,SDG 6.4.1. Irrigated Agriculture Water Use Efficiency,Puerto Rico,2019,2.063597964,US$/m3,E,False
Water use,Pressure on water resources,SDG 6.4.1. Irrigated Agriculture Water Use Efficiency,Puerto Rico,2020,1.913307564,US$/m3,E,False
Water use,Pressure on water resources,SDG 6.4.1. Irrigated Agriculture Water Use Efficiency,Puerto Rico,2021,1.934731086,US$/m3,E,False
Water use,Pressure on water resources,SDG 6.4.1. Irrigated Agriculture Water Use Efficiency,Qatar,2018,1.170451079,US$/m3,E,False
Water use,Pressure on water resources,SDG 6.4.1. Irrigated Agriculture Water Use Efficiency,Qatar,2019,1.376018432,US$/m3,E,False
Water use,Pressure on water resources,SDG 6.4.1. Irrigated Agriculture Water Use Efficiency,Qatar,2020,1.69836542,US$/m3,E,False
Water use,Pressure on water resources,SDG 6.4.1. Irrigated Agriculture Water Use Efficiency,Qatar,2021,1.572142589,US$/m3,E,False
Water use,Pressure on water resources,SDG 6.4.1. Irrigated Agriculture Water Use Efficiency,Republic of Korea,2018,0.990209747,US$/m3,E,False
Water use,Pressure on water resources,SDG 6.4.1. Irrigated Agriculture Water Use Efficiency,Republic of Korea,2019,0.966937588,US$/m3,E,False
Water use,Pressure on water resources,SDG 6.4.1. Irrigated Agriculture Water Use Efficiency,Republic of Korea,2020,1.016366613,US$/m3,E,False
Water use,Pressure on water resources,SDG 6.4.1. Irrigated Agriculture Water Use Efficiency,Republic of Korea,2021,1.072842562,US$/m3,E,False
Water use,Pressure on water resources,SDG 6.4.1. Irrigated Agriculture Water Use Efficiency,Republic of Moldova,2018,3.994052537,US$/m3,E,False
Water use,Pressure on water resources,SDG 6.4.1. Irrigated Agriculture Water Use Efficiency,Republic of Moldova,2019,3.991878365,US$/m3,E,False
Water use,Pressure on water resources,SDG 6.4.1. Irrigated Agriculture Water Use Efficiency,Republic of Moldova,2020,2.521215737,US$/m3,E,False
Water use,Pressure on water resources,SDG 6.4.1. Irrigated Agriculture Water Use Efficiency,Republic of Moldova,2021,3.432539375,US$/m3,E,False
Water use,Pressure on water resources,SDG 6.4.1. Irrigated Agriculture Water Use Efficiency,Romania,2018,0.341486615,US$/m3,E,False
Water use,Pressure on water resources,SDG 6.4.1. Irrigated Agriculture Water Use Efficiency,Romania,2019,0.317876144,US$/m3,E,False
Water use,Pressure on water resources,SDG 6.4.1. Irrigated Agriculture Water Use Efficiency,Romania,2020,0.349688073,US$/m3,E,False
Water use,Pressure on water resources,SDG 6.4.1. Irrigated Agriculture Water Use Efficiency,Romania,2021,0.256444797,US$/m3,E,False
Water use,Pressure on water resources,SDG 6.4.1. Irrigated Agriculture Water Use Efficiency,Russian Federation,2018,0.051240592,US$/m3,E,False
Water use,Pressure on water resources,SDG 6.4.1. Irrigated Agriculture Water Use Efficiency,Russian Federation,2019,0.054465909,US$/m3,E,False
Water use,Pressure on water resources,SDG 6.4.1. Irrigated Agriculture Water Use Efficiency,Russian Federation,2020,0.060057324,US$/m3,E,False
Water use,Pressure on water resources,SDG 6.4.1. Irrigated Agriculture Water Use Efficiency,Russian Federation,2021,0.059721858,US$/m3,E,False
Water use,Pressure on water resources,SDG 6.4.1. Irrigated Agriculture Water Use Efficiency,Rwanda,2018,0.33785732,US$/m3,E,False
Water use,Pressure on water resources,SDG 6.4.1. Irrigated Agriculture Water Use Efficiency,Rwanda,2019,0.368468824,US$/m3,E,False
Water use,Pressure on water resources,SDG 6.4.1. Irrigated Agriculture Water Use Efficiency,Rwanda,2020,0.431750962,US$/m3,E,False
Water use,Pressure on water resources,SDG 6.4.1. Irrigated Agriculture Water Use Efficiency,Rwanda,2021,0.461496776,US$/m3,E,False
Water use,Pressure on water resources,SDG 6.4.1. Irrigated Agriculture Water Use Efficiency,Saint Kitts and Nevis,2018,0.401491395,US$/m3,E,False
Water use,Pressure on water resources,SDG 6.4.1. Irrigated Agriculture Water Use Efficiency,Saint Kitts and Nevis,2019,0.409452546,US$/m3,E,False
Water use,Pressure on water resources,SDG 6.4.1. Irrigated Agriculture Water Use Efficiency,Saint Kitts and Nevis,2020,0.436836338,US$/m3,E,False
Water use,Pressure on water resources,SDG 6.4.1. Irrigated Agriculture Water Use Efficiency,Saint Kitts and Nevis,2021,0.552700461,US$/m3,E,False
Water use,Pressure on water resources,SDG 6.4.1. Irrigated Agriculture Water Use Efficiency,Saint Lucia,2018,0.002087894,US$/m3,E,False
Water use,Pressure on water resources,SDG 6.4.1. Irrigated Agriculture Water Use Efficiency,Saint Lucia,2019,0.002459619,US$/m3,E,False
Water use,Pressure on water resources,SDG 6.4.1. Irrigated Agriculture Water Use Efficiency,Saint Lucia,2020,0.002081677,US$/m3,E,False
Water use,Pressure on water resources,SDG 6.4.1. Irrigated Agriculture Water Use Efficiency,Saint Lucia,2021,0.001858558,US$/m3,E,False
Water use,Pressure on water resources,SDG 6.4.1. Irrigated Agriculture Water Use Efficiency,Sao Tome and Principe,2018,0.318961504,US$/m3,E,False
Water use,Pressure on water resources,SDG 6.4.1. Irrigated Agriculture Water Use Efficiency,Sao Tome and Principe,2019,0.360458724,US$/m3,E,False
Water use,Pressure on water resources,SDG 6.4.1. Irrigated Agriculture Water Use Efficiency,Sao Tome and Principe,2020,0.42305784,US$/m3,E,False
Water use,Pressure on water resources,SDG 6.4.1. Irrigated Agriculture Water Use Efficiency,Sao Tome and Principe,2021,0.383697767,US$/m3,E,False
Water use,Pressure on water resources,SDG 6.4.1. Irrigated Agriculture Water Use Efficiency,Saudi Arabia,2018,0.682865797,US$/m3,E,False
Water use,Pressure on water resources,SDG 6.4.1. Irrigated Agriculture Water Use Efficiency,Saudi Arabia,2019,0.703747373,US$/m3,E,False
Water use,Pressure on water resources,SDG 6.4.1. Irrigated Agriculture Water Use Efficiency,Saudi Arabia,2020,0.780589586,US$/m3,E,False
Water use,Pressure on water resources,SDG 6.4.1. Irrigated Agriculture Water Use Efficiency,Saudi Arabia,2021,0.732831608,US$/m3,E,False
Water use,Pressure on water resources,SDG 6.4.1. Irrigated Agriculture Water Use Efficiency,Senegal,2018,0.069937681,US$/m3,E,False
Water use,Pressure on water resources,SDG 6.4.1. Irrigated Agriculture Water Use Efficiency,Senegal,2019,0.072718999,US$/m3,E,False
Water use,Pressure on water resources,SDG 6.4.1. Irrigated Agriculture Water Use Efficiency,Senegal,2020,0.080192739,US$/m3,E,False
Water use,Pressure on water resources,SDG 6.4.1. Irrigated Agriculture Water Use Efficiency,Senegal,2021,0.080396969,US$/m3,E,False
Water use,Pressure on water resources,SDG 6.4.1. Irrigated Agriculture Water Use Efficiency,Serbia,2018,0.165690866,US$/m3,E,False
Water use,Pressure on water resources,SDG 6.4.1. Irrigated Agriculture Water Use Efficiency,Serbia,2019,0.150924236,US$/m3,E,False
Water use,Pressure on water resources,SDG 6.4.1. Irrigated Agriculture Water Use Efficiency,Serbia,2020,0.170161689,US$/m3,E,False
Water use,Pressure on water resources,SDG 6.4.1. Irrigated Agriculture Water Use Efficiency,Serbia,2021,0.197946099,US$/m3,E,False
Water use,Pressure on water resources,SDG 6.4.1. Irrigated Agriculture Water Use Efficiency,Seychelles,2018,4.436935931,US$/m3,E,False
Water use,Pressure on water resources,SDG 6.4.1. Irrigated Agriculture Water Use Efficiency,Seychelles,2019,4.699922451,US$/m3,E,False
Water use,Pressure on water resources,SDG 6.4.1. Irrigated Agriculture Water Use Efficiency,Seychelles,2020,4.283225443,US$/m3,E,False
Water use,Pressure on water resources,SDG 6.4.1. Irrigated Agriculture Water Use Efficiency,Seychelles,2021,4.674877765,US$/m3,E,False
Water use,Pressure on water resources,SDG 6.4.1. Irrigated Agriculture Water Use Efficiency,Sierra Leone,2018,3.632214084,US$/m3,E,False
Water use,Pressure on water resources,SDG 6.4.1. Irrigated Agriculture Water Use Efficiency,Sierra Leone,2019,3.772465057,US$/m3,E,False
Water use,Pressure on water resources,SDG 6.4.1. Irrigated Agriculture Water Use Efficiency,Sierra Leone,2020,3.782951096,US$/m3,E,False
Water use,Pressure on water resources,SDG 6.4.1. Irrigated Agriculture Water Use Efficiency,Sierra Leone,2021,3.803268588,US$/m3,E,False
Water use,Pressure on water resources,SDG 6.4.1. Irrigated Agriculture Water Use Efficiency,Slovakia,2018,2.290507881,US$/m3,E,False
Water use,Pressure on water resources,SDG 6.4.1. Irrigated Agriculture Water Use Efficiency,Slovakia,2019,1.478364629,US$/m3,E,False
Water use,Pressure on water resources,SDG 6.4.1. Irrigated Agriculture Water Use Efficiency,Slovakia,2020,1.69613714,US$/m3,E,False
Water use,Pressure on water resources,SDG 6.4.1. Irrigated Agriculture Water Use Efficiency,Slovakia,2021,1.707542785,US$/m3,E,False
Water use,Pressure on water resources,SDG 6.4.1. Irrigated Agriculture Water Use Efficiency,Slovenia,2018,6.954426391,US$/m3,E,False
Water use,Pressure on water resources,SDG 6.4.1. Irrigated Agriculture Water Use Efficiency,Slovenia,2019,6.711282093,US$/m3,E,False
Water use,Pressure on water resources,SDG 6.4.1. Irrigated Agriculture Water Use Efficiency,Slovenia,2020,8.53275411,US$/m3,E,False
Water use,Pressure on water resources,SDG 6.4.1. Irrigated Agriculture Water Use Efficiency,Slovenia,2021,9.112697461,US$/m3,E,False
Water use,Pressure on water resources,SDG 6.4.1. Irrigated Agriculture Water Use Efficiency,Somalia,2018,0.136917334,US$/m3,E,False
Water use,Pressure on water resources,SDG 6.4.1. Irrigated Agriculture Water Use Efficiency,Somalia,2019,0.140610651,US$/m3,E,False
Water use,Pressure on water resources,SDG 6.4.1. Irrigated Agriculture Water Use Efficiency,Somalia,2020,0.140208303,US$/m3,E,False
Water use,Pressure on water resources,SDG 6.4.1. Irrigated Agriculture Water Use Efficiency,Somalia,2021,0.144331565,US$/m3,E,False
Water use,Pressure on water resources,SDG 6.4.1. Irrigated Agriculture Water Use Efficiency,South Africa,2018,0.130606761,US$/m3,E,False
Water use,Pressure on water resources,SDG 6.4.1. Irrigated Agriculture Water Use Efficiency,South Africa,2019,0.11323436,US$/m3,E,False
Water use,Pressure on water resources,SDG 6.4.1. Irrigated Agriculture Water Use Efficiency,South Africa,2020,0.130682366,US$/m3,E,False
Water use,Pressure on water resources,SDG 6.4.1. Irrigated Agriculture Water Use Efficiency,South Africa,2021,0.133850084,US$/m3,E,False
Water use,Pressure on water resources,SDG 6.4.1. Irrigated Agriculture Water Use Efficiency,South Sudan,2018,0.012381313,US$/m3,E,False
Water use,Pressure on water resources,SDG 6.4.1. Irrigated Agriculture Water Use Efficiency,South Sudan,2019,0.018442079,US$/m3,E,False
Water use,Pressure on water resources,SDG 6.4.1. Irrigated Agriculture Water Use Efficiency,South Sudan,2020,0.028963043,US$/m3,E,False
Water use,Pressure on water resources,SDG 6.4.1. Irrigated Agriculture Water Use Efficiency,South Sudan,2021,0.018879748,US$/m3,E,False
Water use,Pressure on water resources,SDG 6.4.1. Irrigated Agriculture Water Use Efficiency,Spain,2018,0.538474112,US$/m3,E,False
Water use,Pressure on water resources,SDG 6.4.1. Irrigated Agriculture Water Use Efficiency,Spain,2019,0.496545405,US$/m3,E,False
Water use,Pressure on water resources,SDG 6.4.1. Irrigated Agriculture Water Use Efficiency,Spain,2020,0.516864347,US$/m3,E,False
Water use,Pressure on water resources,SDG 6.4.1. Irrigated Agriculture Water Use Efficiency,Spain,2021,0.496062497,US$/m3,E,False
Water use,Pressure on water resources,SDG 6.4.1. Irrigated Agriculture Water Use Efficiency,Sri Lanka,2018,0.316004807,US$/m3,E,False
Water use,Pressure on water resources,SDG 6.4.1. Irrigated Agriculture Water Use Efficiency,Sri Lanka,2019,0.305433503,US$/m3,E,False
Water use,Pressure on water resources,SDG 6.4.1. Irrigated Agriculture Water Use Efficiency,Sri Lanka,2020,0.333676247,US$/m3,E,False
Water use,Pressure on water resources,SDG 6.4.1. Irrigated Agriculture Water Use Efficiency,Sri Lanka,2021,0.362785624,US$/m3,E,False
Water use,Pressure on water resources,SDG 6.4.1. Irrigated Agriculture Water Use Efficiency,Sudan,2018,0.153346415,US$/m3,E,False
Water use,Pressure on water resources,SDG 6.4.1. Irrigated Agriculture Water Use Efficiency,Sudan,2019,0.169303908,US$/m3,E,False
Water use,Pressure on water resources,SDG 6.4.1. Irrigated Agriculture Water Use Efficiency,Sudan,2020,0.118055539,US$/m3,E,False
Water use,Pressure on water resources,SDG 6.4.1. Irrigated Agriculture Water Use Efficiency,Sudan,2021,0.276487066,US$/m3,E,False
Water use,Pressure on water resources,SDG 6.4.1. Irrigated Agriculture Water Use Efficiency,Suriname,2018,1.281210449,US$/m3,E,False
Water use,Pressure on water resources,SDG 6.4.1. Irrigated Agriculture Water Use Efficiency,Suriname,2019,1.048126197,US$/m3,E,False
Water use,Pressure on water resources,SDG 6.4.1. Irrigated Agriculture Water Use Efficiency,Suriname,2020,0.833552979,US$/m3,E,False
Water use,Pressure on water resources,SDG 6.4.1. Irrigated Agriculture Water Use Efficiency,Suriname,2021,0.915684069,US$/m3,E,False
Water use,Pressure on water resources,SDG 6.4.1. Irrigated Agriculture Water Use Efficiency,Sweden,2018,3.538817626,US$/m3,E,False
Water use,Pressure on water resources,SDG 6.4.1. Irrigated Agriculture Water Use Efficiency,Sweden,2019,3.692589983,US$/m3,E,False
Water use,Pressure on water resources,SDG 6.4.1. Irrigated Agriculture Water Use Efficiency,Sweden,2020,3.519913832,US$/m3,E,False
Water use,Pressure on water resources,SDG 6.4.1. Irrigated Agriculture Water Use Efficiency,Sweden,2021,3.589092634,US$/m3,E,False
Water use,Pressure on water resources,SDG 6.4.1. Irrigated Agriculture Water Use Efficiency,Switzerland,2018,5.917895127,US$/m3,E,False
Water use,Pressure on water resources,SDG 6.4.1. Irrigated Agriculture Water Use Efficiency,Switzerland,2019,5.946985824,US$/m3,E,False
Water use,Pressure on water resources,SDG 6.4.1. Irrigated Agriculture Water Use Efficiency,Switzerland,2020,6.347052774,US$/m3,E,False
Water use,Pressure on water resources,SDG 6.4.1. Irrigated Agriculture Water Use Efficiency,Switzerland,2021,5.9529993,US$/m3,E,False
Water use,Pressure on water resources,SDG 6.4.1. Irrigated Agriculture Water Use Efficiency,Syrian Arab Republic,2018,0.10877205,US$/m3,E,False
Water use,Pressure on water resources,SDG 6.4.1. Irrigated Agriculture Water Use Efficiency,Syrian Arab Republic,2019,0.112747856,US$/m3,E,False
Water use,Pressure on water resources,SDG 6.4.1. Irrigated Agriculture Water Use Efficiency,Syrian Arab Republic,2020,0.100968666,US$/m3,E,False
Water use,Pressure on water resources,SDG 6.4.1. Irrigated Agriculture Water Use Efficiency,Syrian Arab Republic,2021,0.098031349,US$/m3,E,False
Water use,Pressure on water resources,SDG 6.4.1. Irrigated Agriculture Water Use Efficiency,Tajikistan,2018,0.223845941,US$/m3,E,False
Water use,Pressure on water resources,SDG 6.4.1. Irrigated Agriculture Water Use Efficiency,Tajikistan,2019,0.253827941,US$/m3,E,False
Water use,Pressure on water resources,SDG 6.4.1. Irrigated Agriculture Water Use Efficiency,Tajikistan,2020,0.288144573,US$/m3,E,False
Water use,Pressure on water resources,SDG 6.4.1. Irrigated Agriculture Water Use Efficiency,Tajikistan,2021,0.334844537,US$/m3,E,False
Water use,Pressure on water resources,SDG 6.4.1. Irrigated Agriculture Water Use Efficiency,Thailand,2018,0.372685161,US$/m3,E,False
Water use,Pressure on water resources,SDG 6.4.1. Irrigated Agriculture Water Use Efficiency,Thailand,2019,0.377179457,US$/m3,E,False
Water use,Pressure on water resources,SDG 6.4.1. Irrigated Agriculture Water Use Efficiency,Thailand,2020,0.37829731,US$/m3,E,False
Water use,Pressure on water resources,SDG 6.4.1. Irrigated Agriculture Water Use Efficiency,Thailand,2021,0.378012003,US$/m3,E,False
Water use,Pressure on water resources,SDG 6.4.1. Irrigated Agriculture Water Use Efficiency,Timor-Leste,2018,0.073462145,US$/m3,E,False
Water use,Pressure on water resources,SDG 6.4.1. Irrigated Agriculture Water Use Efficiency,Timor-Leste,2019,0.070346573,US$/m3,E,False
Water use,Pressure on water resources,SDG 6.4.1. Irrigated Agriculture Water Use Efficiency,Timor-Leste,2020,0.085771988,US$/m3,E,False
Water use,Pressure on water resources,SDG 6.4.1. Irrigated Agriculture Water Use Efficiency,Timor-Leste,2021,0.088978044,US$/m3,E,False
Water use,Pressure on water resources,SDG 6.4.1. Irrigated Agriculture Water Use Efficiency,Togo,2018,0.014589679,US$/m3,E,False
Water use,Pressure on water resources,SDG 6.4.1. Irrigated Agriculture Water Use Efficiency,Togo,2019,0.01520282,US$/m3,E,False
Water use,Pressure on water resources,SDG 6.4.1. Irrigated Agriculture Water Use Efficiency,Togo,2020,0.014703762,US$/m3,E,False
Water use,Pressure on water resources,SDG 6.4.1. Irrigated Agriculture Water Use Efficiency,Togo,2021,0.015866561,US$/m3,E,False
Water use,Pressure on water resources,SDG 6.4.1. Irrigated Agriculture Water Use Efficiency,Trinidad and Tobago,2018,2.540651759,US$/m3,E,False
Water use,Pressure on water resources,SDG 6.4.1. Irrigated Agriculture Water Use Efficiency,Trinidad and Tobago,2019,2.034851129,US$/m3,E,False
Water use,Pressure on water resources,SDG 6.4.1. Irrigated Agriculture Water Use Efficiency,Trinidad and Tobago,2020,2.675812524,US$/m3,E,False
Water use,Pressure on water resources,SDG 6.4.1. Irrigated Agriculture Water Use Efficiency,Trinidad and Tobago,2021,2.180074703,US$/m3,E,False
Water use,Pressure on water resources,SDG 6.4.1. Irrigated Agriculture Water Use Efficiency,Tunisia,2018,0.320535017,US$/m3,E,False
Water use,Pressure on water resources,SDG 6.4.1. Irrigated Agriculture Water Use Efficiency,Tunisia,2019,0.316437377,US$/m3,E,False
Water use,Pressure on water resources,SDG 6.4.1. Irrigated Agriculture Water Use Efficiency,Tunisia,2020,0.314001902,US$/m3,E,False
Water use,Pressure on water resources,SDG 6.4.1. Irrigated Agriculture Water Use Efficiency,Tunisia,2021,0.3199497,US$/m3,E,False
Water use,Pressure on water resources,SDG 6.4.1. Irrigated Agriculture Water Use Efficiency,Turkmenistan,2018,0.158566359,US$/m3,E,False
Water use,Pressure on water resources,SDG 6.4.1. Irrigated Agriculture Water Use Efficiency,Turkmenistan,2019,0.236699173,US$/m3,E,False
Water use,Pressure on water resources,SDG 6.4.1. Irrigated Agriculture Water Use Efficiency,Turkmenistan,2020,0.232257269,US$/m3,E,False
Water use,Pressure on water resources,SDG 6.4.1. Irrigated Agriculture Water Use Efficiency,Turkmenistan,2021,0.243789572,US$/m3,E,False
Water use,Pressure on water resources,SDG 6.4.1. Irrigated Agriculture Water Use Efficiency,Türkiye,2018,0.170797494,US$/m3,E,False
Water use,Pressure on water resources,SDG 6.4.1. Irrigated Agriculture Water Use Efficiency,Türkiye,2019,0.162970918,US$/m3,E,False
Water use,Pressure on water resources,SDG 6.4.1. Irrigated Agriculture Water Use Efficiency,Türkiye,2020,0.153097676,US$/m3,E,False
Water use,Pressure on water resources,SDG 6.4.1. Irrigated Agriculture Water Use Efficiency,Türkiye,2021,0.171176372,US$/m3,E,False
Water use,Pressure on water resources,SDG 6.4.1. Irrigated Agriculture Water Use Efficiency,Uganda,2018,0.038732438,US$/m3,E,False
Water use,Pressure on water resources,SDG 6.4.1. Irrigated Agriculture Water Use Efficiency,Uganda,2019,0.042875491,US$/m3,E,False
Water use,Pressure on water resources,SDG 6.4.1. Irrigated Agriculture Water Use Efficiency,Uganda,2020,0.044415724,US$/m3,E,False
Water use,Pressure on water resources,SDG 6.4.1. Irrigated Agriculture Water Use Efficiency,Uganda,2021,0.044862391,US$/m3,E,False
Water use,Pressure on water resources,SDG 6.4.1. Irrigated Agriculture Water Use Efficiency,Ukraine,2018,0.057246694,US$/m3,E,False
Water use,Pressure on water resources,SDG 6.4.1. Irrigated Agriculture Water Use Efficiency,Ukraine,2019,0.05772714,US$/m3,E,False
Water use,Pressure on water resources,SDG 6.4.1. Irrigated Agriculture Water Use Efficiency,Ukraine,2020,0.096898293,US$/m3,E,False
Water use,Pressure on water resources,SDG 6.4.1. Irrigated Agriculture Water Use Efficiency,Ukraine,2021,0.114377163,US$/m3,E,False
Water use,Pressure on water resources,SDG 6.4.1. Irrigated Agriculture Water Use Efficiency,United Arab Emirates,2018,1.130122185,US$/m3,E,False
Water use,Pressure on water resources,SDG 6.4.1. Irrigated Agriculture Water Use Efficiency,United Arab Emirates,2019,1.241234227,US$/m3,E,False
Water use,Pressure on water resources,SDG 6.4.1. Irrigated Agriculture Water Use Efficiency,United Arab Emirates,2020,1.498096531,US$/m3,E,False
Water use,Pressure on water resources,SDG 6.4.1. Irrigated Agriculture Water Use Efficiency,United Arab Emirates,2021,1.529302682,US$/m3,E,False
Water use,Pressure on water resources,SDG 6.4.1. Irrigated Agriculture Water Use Efficiency,United Kingdom of Great Britain and Northern Ireland,2018,0.733666804,US$/m3,E,False
Water use,Pressure on water resources,SDG 6.4.1. Irrigated Agriculture Water Use Efficiency,United Kingdom of Great Britain and Northern Ireland,2019,0.794847846,US$/m3,E,False
Water use,Pressure on water resources,SDG 6.4.1. Irrigated Agriculture Water Use Efficiency,United Kingdom of Great Britain and Northern Ireland,2020,0.753102317,US$/m3,E,False
Water use,Pressure on water resources,SDG 6.4.1. Irrigated Agriculture Water Use Efficiency,United Kingdom of Great Britain and Northern Ireland,2021,0.848839996,US$/m3,E,False
Water use,Pressure on water resources,SDG 6.4.1. Irrigated Agriculture Water Use Efficiency,United Republic of Tanzania,2018,0.210946093,US$/m3,E,False
Water use,Pressure on water resources,SDG 6.4.1. Irrigated Agriculture Water Use Efficiency,United Republic of Tanzania,2019,0.215965604,US$/m3,E,False
Water use,Pressure on water resources,SDG 6.4.1. Irrigated Agriculture Water Use Efficiency,United Republic of Tanzania,2020,0.225006151,US$/m3,E,False
Water use,Pressure on water resources,SDG 6.4.1. Irrigated Agriculture Water Use Efficiency,United Republic of Tanzania,2021,0.23465031,US$/m3,E,False
Water use,Pressure on water resources,SDG 6.4.1. Irrigated Agriculture Water Use Efficiency,United States of America,2018,0.194420537,US$/m3,E,False
Water use,Pressure on water resources,SDG 6.4.1. Irrigated Agriculture Water Use Efficiency,United States of America,2019,0.174676463,US$/m3,E,False
Water use,Pressure on water resources,SDG 6.4.1. Irrigated Agriculture Water Use Efficiency,United States of America,2020,0.175345302,US$/m3,E,False
Water use,Pressure on water resources,SDG 6.4.1. Irrigated Agriculture Water Use Efficiency,United States of America,2021,0.21374072,US$/m3,E,False
Water use,Pressure on water resources,SDG 6.4.1. Irrigated Agriculture Water Use Efficiency,Uruguay,2018,0.180607318,US$/m3,E,False
Water use,Pressure on water resources,SDG 6.4.1. Irrigated Agriculture Water Use Efficiency,Uruguay,2019,0.198237579,US$/m3,E,False
Water use,Pressure on water resources,SDG 6.4.1. Irrigated Agriculture Water Use Efficiency,Uruguay,2020,0.215429807,US$/m3,E,False
Water use,Pressure on water resources,SDG 6.4.1. Irrigated Agriculture Water Use Efficiency,Uruguay,2021,0.195325243,US$/m3,E,False
Water use,Pressure on water resources,SDG 6.4.1. Irrigated Agriculture Water Use Efficiency,Uzbekistan,2018,0.503046662,US$/m3,E,False
Water use,Pressure on water resources,SDG 6.4.1. Irrigated Agriculture Water Use Efficiency,Uzbekistan,2019,0.515542281,US$/m3,E,False
Water use,Pressure on water resources,SDG 6.4.1. Irrigated Agriculture Water Use Efficiency,Uzbekistan,2020,0.566087124,US$/m3,E,False
Water use,Pressure on water resources,SDG 6.4.1. Irrigated Agriculture Water Use Efficiency,Uzbekistan,2021,0.7188292,US$/m3,E,False
Water use,Pressure on water resources,SDG 6.4.1. Irrigated Agriculture Water Use Efficiency,Venezuela (Bolivarian Republic of),2018,0.095626078,US$/m3,E,False
Water use,Pressure on water resources,SDG 6.4.1. Irrigated Agriculture Water Use Efficiency,Venezuela (Bolivarian Republic of),2019,0.087145221,US$/m3,E,False
Water use,Pressure on water resources,SDG 6.4.1. Irrigated Agriculture Water Use Efficiency,Venezuela (Bolivarian Republic of),2020,0.112702041,US$/m3,E,False
Water use,Pressure on water resources,SDG 6.4.1. Irrigated Agriculture Water Use Efficiency,Venezuela (Bolivarian Republic of),2021,0.115295676,US$/m3,E,False
Water use,Pressure on water resources,SDG 6.4.1. Irrigated Agriculture Water Use Efficiency,Viet Nam,2018,0.269926509,US$/m3,E,False
Water use,Pressure on water resources,SDG 6.4.1. Irrigated Agriculture Water Use Efficiency,Viet Nam,2019,0.261484046,US$/m3,E,False
Water use,Pressure on water resources,SDG 6.4.1. Irrigated Agriculture Water Use Efficiency,Viet Nam,2020,0.289350145,US$/m3,E,False
Water use,Pressure on water resources,SDG 6.4.1. Irrigated Agriculture Water Use Efficiency,Viet Nam,2021,0.301625305,US$/m3,E,False
Water use,Pressure on water resources,SDG 6.4.1. Irrigated Agriculture Water Use Efficiency,Yemen,2018,0.59832485,US$/m3,E,False
Water use,Pressure on water resources,SDG 6.4.1. Irrigated Agriculture Water Use Efficiency,Yemen,2019,0.619561307,US$/m3,E,False
Water use,Pressure on water resources,SDG 6.4.1. Irrigated Agriculture Water Use Efficiency,Yemen,2020,0.623646565,US$/m3,E,False
Water use,Pressure on water resources,SDG 6.4.1. Irrigated Agriculture Water Use Efficiency,Yemen,2021,0.615422498,US$/m3,E,False
Water use,Pressure on water resources,SDG 6.4.1. Irrigated Agriculture Water Use Efficiency,Zambia,2018,0.039711045,US$/m3,E,False
Water use,Pressure on water resources,SDG 6.4.1. Irrigated Agriculture Water Use Efficiency,Zambia,2019,0.034490833,US$/m3,E,False
Water use,Pressure on water resources,SDG 6.4.1. Irrigated Agriculture Water Use Efficiency,Zambia,2020,0.034894583,US$/m3,E,False
Water use,Pressure on water resources,SDG 6.4.1. Irrigated Agriculture Water Use Efficiency,Zambia,2021,0.036154808,US$/m3,E,False
Water use,Pressure on water resources,SDG 6.4.1. Irrigated Agriculture Water Use Efficiency,Zimbabwe,2018,0.037679774,US$/m3,E,False
Water use,Pressure on water resources,SDG 6.4.1. Irrigated Agriculture Water Use Efficiency,Zimbabwe,2019,0.040465265,US$/m3,E,False
Water use,Pressure on water resources,SDG 6.4.1. Irrigated Agriculture Water Use Efficiency,Zimbabwe,2020,0.034236067,US$/m3,E,False
Water use,Pressure on water resources,SDG 6.4.1. Irrigated Agriculture Water Use Efficiency,Zimbabwe,2021,0.03671253,US$/m3,E,False
Water use,Pressure on water resources,SDG 6.4.1. Services Water Use Efficiency,Afghanistan,2018,59.374833655,US$/m3,E,False
Water use,Pressure on water resources,SDG 6.4.1. Services Water Use Efficiency,Afghanistan,2019,57.988671875,US$/m3,E,False
Water use,Pressure on water resources,SDG 6.4.1. Services Water Use Efficiency,Afghanistan,2020,55.58494213,US$/m3,E,False
Water use,Pressure on water resources,SDG 6.4.1. Services Water Use Efficiency,Afghanistan,2021,38.298908711,US$/m3,E,False
Water use,Pressure on water resources,SDG 6.4.1. Services Water Use Efficiency,Albania,2018,31.522009602,US$/m3,E,False
Water use,Pressure on water resources,SDG 6.4.1. Services Water Use Efficiency,Albania,2019,27.977527139,US$/m3,E,False
Water use,Pressure on water resources,SDG 6.4.1. Services Water Use Efficiency,Albania,2020,28.552883414,US$/m3,E,False
Water use,Pressure on water resources,SDG 6.4.1. Services Water Use Efficiency,Albania,2021,31.270871287,US$/m3,E,False
Water use,Pressure on water resources,SDG 6.4.1. Services Water Use Efficiency,Algeria,2018,22.594418777,US$/m3,E,False
Water use,Pressure on water resources,SDG 6.4.1. Services Water Use Efficiency,Algeria,2019,23.408284776,US$/m3,E,False
Water use,Pressure on water resources,SDG 6.4.1. Services Water Use Efficiency,Algeria,2020,23.729539676,US$/m3,E,False
Water use,Pressure on water resources,SDG 6.4.1. Services Water Use Efficiency,Algeria,2021,22.093948336,US$/m3,E,False
Water use,Pressure on water resources,SDG 6.4.1. Services Water Use Efficiency,Angola,2018,151.595078599,US$/m3,E,False
Water use,Pressure on water resources,SDG 6.4.1. Services Water Use Efficiency,Angola,2019,147.014525231,US$/m3,E,False
Water use,Pressure on water resources,SDG 6.4.1. Services Water Use Efficiency,Angola,2020,137.509843447,US$/m3,E,False
Water use,Pressure on water resources,SDG 6.4.1. Services Water Use Efficiency,Angola,2021,123.343291994,US$/m3,E,False
Water use,Pressure on water resources,SDG 6.4.1. Services Water Use Efficiency,Antigua and Barbuda,2018,149.505662597,US$/m3,E,False
Water use,Pressure on water resources,SDG 6.4.1. Services Water Use Efficiency,Antigua and Barbuda,2019,159.519469863,US$/m3,E,False
Water use,Pressure on water resources,SDG 6.4.1. Services Water Use Efficiency,Antigua and Barbuda,2020,125.956701606,US$/m3,E,False
Water use,Pressure on water resources,SDG 6.4.1. Services Water Use Efficiency,Antigua and Barbuda,2021,126.277136617,US$/m3,E,False
Water use,Pressure on water resources,SDG 6.4.1. Services Water Use Efficiency,Argentina,2018,62.20464411,US$/m3,E,False
Water use,Pressure on water resources,SDG 6.4.1. Services Water Use Efficiency,Argentina,2019,59.996987304,US$/m3,E,False
Water use,Pressure on water resources,SDG 6.4.1. Services Water Use Efficiency,Argentina,2020,53.654527669,US$/m3,E,False
Water use,Pressure on water resources,SDG 6.4.1. Services Water Use Efficiency,Argentina,2021,59.830144134,US$/m3,E,False
Water use,Pressure on water resources,SDG 6.4.1. Services Water Use Efficiency,Armenia,2018,9.654817283,US$/m3,E,False
Water use,Pressure on water resources,SDG 6.4.1. Services Water Use Efficiency,Armenia,2019,12.061550584,US$/m3,E,False
Water use,Pressure on water resources,SDG 6.4.1. Services Water Use Efficiency,Armenia,2020,10.419220568,US$/m3,E,False
Water use,Pressure on water resources,SDG 6.4.1. Services Water Use Efficiency,Armenia,2021,11.764905485,US$/m3,E,False
Water use,Pressure on water resources,SDG 6.4.1. Services Water Use Efficiency,Australia,2018,399.410146712,US$/m3,E,False
Water use,Pressure on water resources,SDG 6.4.1. Services Water Use Efficiency,Australia,2019,369.149832112,US$/m3,E,False
Water use,Pressure on water resources,SDG 6.4.1. Services Water Use Efficiency,Australia,2020,400.156307486,US$/m3,E,False
Water use,Pressure on water resources,SDG 6.4.1. Services Water Use Efficiency,Australia,2021,393.454025092,US$/m3,E,False
Water use,Pressure on water resources,SDG 6.4.1. Services Water Use Efficiency,Austria,2018,334.416308495,US$/m3,E,False
Water use,Pressure on water resources,SDG 6.4.1. Services Water Use Efficiency,Austria,2019,337.007154804,US$/m3,E,False
Water use,Pressure on water resources,SDG 6.4.1. Services Water Use Efficiency,Austria,2020,315.629800151,US$/m3,E,False
Water use,Pressure on water resources,SDG 6.4.1. Services Water Use Efficiency,Austria,2021,326.300484362,US$/m3,E,False
Water use,Pressure on water resources,SDG 6.4.1. Services Water Use Efficiency,Azerbaijan,2018,44.375381494,US$/m3,E,False
Water use,Pressure on water resources,SDG 6.4.1. Services Water Use Efficiency,Azerbaijan,2019,49.244568162,US$/m3,E,False
Water use,Pressure on water resources,SDG 6.4.1. Services Water Use Efficiency,Azerbaijan,2020,51.505641507,US$/m3,E,False
Water use,Pressure on water resources,SDG 6.4.1. Services Water Use Efficiency,Azerbaijan,2021,51.145638894,US$/m3,E,False
Water use,Pressure on water resources,SDG 6.4.1. Services Water Use Efficiency,Bahamas,2018,308.593477142,US$/m3,E,False
Water use,Pressure on water resources,SDG 6.4.1. Services Water Use Efficiency,Bahamas,2019,309.536337501,US$/m3,E,False
Water use,Pressure on water resources,SDG 6.4.1. Services Water Use Efficiency,Bahamas,2020,253.223399508,US$/m3,E,False
Water use,Pressure on water resources,SDG 6.4.1. Services Water Use Efficiency,Bahamas,2021,284.15046007,US$/m3,E,False
Water use,Pressure on water resources,SDG 6.4.1. Services Water Use Efficiency,Bahrain,2018,70.862919207,US$/m3,E,False
Water use,Pressure on water resources,SDG 6.4.1. Services Water Use Efficiency,Bahrain,2019,71.183549511,US$/m3,E,False
Water use,Pressure on water resources,SDG 6.4.1. Services Water Use Efficiency,Bahrain,2020,70.165833229,US$/m3,E,False
Water use,Pressure on water resources,SDG 6.4.1. Services Water Use Efficiency,Bahrain,2021,70.414292216,US$/m3,E,False
Water use,Pressure on water resources,SDG 6.4.1. Services Water Use Efficiency,Bangladesh,2018,41.404561515,US$/m3,E,False
Water use,Pressure on water resources,SDG 6.4.1. Services Water Use Efficiency,Bangladesh,2019,44.678028187,US$/m3,E,False
Water use,Pressure on water resources,SDG 6.4.1. Services Water Use Efficiency,Bangladesh,2020,46.900251669,US$/m3,E,False
Water use,Pressure on water resources,SDG 6.4.1. Services Water Use Efficiency,Bangladesh,2021,49.827892153,US$/m3,E,False
Water use,Pressure on water resources,SDG 6.4.1. Services Water Use Efficiency,Barbados,2018,179.770853558,US$/m3,E,False
Water use,Pressure on water resources,SDG 6.4.1. Services Water Use Efficiency,Barbados,2019,181.429958731,US$/m3,E,False
Water use,Pressure on water resources,SDG 6.4.1. Services Water Use Efficiency,Barbados,2020,157.48203459,US$/m3,E,False
Water use,Pressure on water resources,SDG 6.4.1. Services Water Use Efficiency,Barbados,2021,152.70659529,US$/m3,E,False
Water use,Pressure on water resources,SDG 6.4.1. Services Water Use Efficiency,Belarus,2018,56.530579395,US$/m3,E,False
Water use,Pressure on water resources,SDG 6.4.1. Services Water Use Efficiency,Belarus,2019,55.656111381,US$/m3,E,False
Water use,Pressure on water resources,SDG 6.4.1. Services Water Use Efficiency,Belarus,2020,56.132388231,US$/m3,E,False
Water use,Pressure on water resources,SDG 6.4.1. Services Water Use Efficiency,Belarus,2021,51.927602999,US$/m3,E,False
Water use,Pressure on water resources,SDG 6.4.1. Services Water Use Efficiency,Belgium,2018,469.061828198,US$/m3,E,False
Water use,Pressure on water resources,SDG 6.4.1. Services Water Use Efficiency,Belgium,2019,478.70516924,US$/m3,E,False
Water use,Pressure on water resources,SDG 6.4.1. Services Water Use Efficiency,Belgium,2020,455.461698771,US$/m3,E,False
Water use,Pressure on water resources,SDG 6.4.1. Services Water Use Efficiency,Belgium,2021,478.899023651,US$/m3,E,False
Water use,Pressure on water resources,SDG 6.4.1. Services Water Use Efficiency,Belize,2018,127.315788363,US$/m3,E,False
Water use,Pressure on water resources,SDG 6.4.1. Services Water Use Efficiency,Belize,2019,133.436578465,US$/m3,E,False
Water use,Pressure on water resources,SDG 6.4.1. Services Water Use Efficiency,Belize,2020,113.47761874,US$/m3,E,False
Water use,Pressure on water resources,SDG 6.4.1. Services Water Use Efficiency,Belize,2021,129.679609143,US$/m3,E,False
Water use,Pressure on water resources,SDG 6.4.1. Services Water Use Efficiency,Benin,2018,45.267339183,US$/m3,E,False
Water use,Pressure on water resources,SDG 6.4.1. Services Water Use Efficiency,Benin,2019,47.632936206,US$/m3,E,False
Water use,Pressure on water resources,SDG 6.4.1. Services Water Use Efficiency,Benin,2020,49.40771107,US$/m3,E,False
Water use,Pressure on water resources,SDG 6.4.1. Services Water Use Efficiency,Benin,2021,50.795292215,US$/m3,E,False
Water use,Pressure on water resources,SDG 6.4.1. Services Water Use Efficiency,Bhutan,2018,70.973305548,US$/m3,E,False
Water use,Pressure on water resources,SDG 6.4.1. Services Water Use Efficiency,Bhutan,2019,81.625641264,US$/m3,E,False
Water use,Pressure on water resources,SDG 6.4.1. Services Water Use Efficiency,Bhutan,2020,80.309251933,US$/m3,E,False
Water use,Pressure on water resources,SDG 6.4.1. Services Water Use Efficiency,Bhutan,2021,71.277809435,US$/m3,E,False
Water use,Pressure on water resources,SDG 6.4.1. Services Water Use Efficiency,Bolivia (Plurinational State of),2018,79.518391046,US$/m3,E,False
Water use,Pressure on water resources,SDG 6.4.1. Services Water Use Efficiency,Bolivia (Plurinational State of),2019,80.07415094,US$/m3,E,False
Water use,Pressure on water resources,SDG 6.4.1. Services Water Use Efficiency,Bolivia (Plurinational State of),2020,74.74274677,US$/m3,E,False
Water use,Pressure on water resources,SDG 6.4.1. Services Water Use Efficiency,Bolivia (Plurinational State of),2021,77.316523925,US$/m3,E,False
Water use,Pressure on water resources,SDG 6.4.1. Services Water Use Efficiency,Bosnia and Herzegovina,2018,33.873742163,US$/m3,E,False
Water use,Pressure on water resources,SDG 6.4.1. Services Water Use Efficiency,Bosnia and Herzegovina,2019,35.918181974,US$/m3,E,False
Water use,Pressure on water resources,SDG 6.4.1. Services Water Use Efficiency,Bosnia and Herzegovina,2020,35.109991939,US$/m3,E,False
Water use,Pressure on water resources,SDG 6.4.1. Services Water Use Efficiency,Bosnia and Herzegovina,2021,37.855701038,US$/m3,E,False
Water use,Pressure on water resources,SDG 6.4.1. Services Water Use Efficiency,Botswana,2018,97.30931106,US$/m3,E,False
Water use,Pressure on water resources,SDG 6.4.1. Services Water Use Efficiency,Botswana,2019,101.72671558,US$/m3,E,False
Water use,Pressure on water resources,SDG 6.4.1. Services Water Use Efficiency,Botswana,2020,91.379968114,US$/m3,E,False
Water use,Pressure on water resources,SDG 6.4.1. Services Water Use Efficiency,Botswana,2021,83.316560345,US$/m3,E,False
Water use,Pressure on water resources,SDG 6.4.1. Services Water Use Efficiency,Brazil,2018,73.838709455,US$/m3,E,False
Water use,Pressure on water resources,SDG 6.4.1. Services Water Use Efficiency,Brazil,2019,74.758293663,US$/m3,E,False
Water use,Pressure on water resources,SDG 6.4.1. Services Water Use Efficiency,Brazil,2020,70.936847326,US$/m3,E,False
Water use,Pressure on water resources,SDG 6.4.1. Services Water Use Efficiency,Brazil,2021,69.722220162,US$/m3,E,False
Water use,Pressure on water resources,SDG 6.4.1. Services Water Use Efficiency,Brunei Darussalam,2018,32.339860011,US$/m3,E,False
Water use,Pressure on water resources,SDG 6.4.1. Services Water Use Efficiency,Brunei Darussalam,2019,34.356827051,US$/m3,E,False
Water use,Pressure on water resources,SDG 6.4.1. Services Water Use Efficiency,Brunei Darussalam,2020,37.727468851,US$/m3,E,False
Water use,Pressure on water resources,SDG 6.4.1. Services Water Use Efficiency,Brunei Darussalam,2021,33.697608193,US$/m3,E,False
Water use,Pressure on water resources,SDG 6.4.1. Services Water Use Efficiency,Bulgaria,2018,41.163863179,US$/m3,E,False
Water use,Pressure on water resources,SDG 6.4.1. Services Water Use Efficiency,Bulgaria,2019,42.854337529,US$/m3,E,False
Water use,Pressure on water resources,SDG 6.4.1. Services Water Use Efficiency,Bulgaria,2020,42.672461983,US$/m3,E,False
Water use,Pressure on water resources,SDG 6.4.1. Services Water Use Efficiency,Bulgaria,2021,47.468789223,US$/m3,E,False
Water use,Pressure on water resources,SDG 6.4.1. Services Water Use Efficiency,Burkina Faso,2018,16.768210392,US$/m3,E,False
Water use,Pressure on water resources,SDG 6.4.1. Services Water Use Efficiency,Burkina Faso,2019,18.291331169,US$/m3,E,False
Water use,Pressure on water resources,SDG 6.4.1. Services Water Use Efficiency,Burkina Faso,2020,16.996485686,US$/m3,E,False
Water use,Pressure on water resources,SDG 6.4.1. Services Water Use Efficiency,Burkina Faso,2021,18.729978373,US$/m3,E,False
Water use,Pressure on water resources,SDG 6.4.1. Services Water Use Efficiency,Burundi,2018,30.586367648,US$/m3,E,False
Water use,Pressure on water resources,SDG 6.4.1. Services Water Use Efficiency,Burundi,2019,32.962065712,US$/m3,E,False
Water use,Pressure on water resources,SDG 6.4.1. Services Water Use Efficiency,Burundi,2020,31.439953545,US$/m3,E,False
Water use,Pressure on water resources,SDG 6.4.1. Services Water Use Efficiency,Burundi,2021,31.532270809,US$/m3,E,False
Water use,Pressure on water resources,SDG 6.4.1. Services Water Use Efficiency,Cabo Verde,2018,7.615482508,US$/m3,E,False
Water use,Pressure on water resources,SDG 6.4.1. Services Water Use Efficiency,Cabo Verde,2019,7.657362256,US$/m3,E,False
Water use,Pressure on water resources,SDG 6.4.1. Services Water Use Efficiency,Cabo Verde,2020,5.778946877,US$/m3,E,False
Water use,Pressure on water resources,SDG 6.4.1. Services Water Use Efficiency,Cabo Verde,2021,7.406205887,US$/m3,E,False
Water use,Pressure on water resources,SDG 6.4.1. Services Water Use Efficiency,Cambodia,2018,90.669415171,US$/m3,E,False
Water use,Pressure on water resources,SDG 6.4.1. Services Water Use Efficiency,Cambodia,2019,95.506006688,US$/m3,E,False
Water use,Pressure on water resources,SDG 6.4.1. Services Water Use Efficiency,Cambodia,2020,86.31641438,US$/m3,E,False
Water use,Pressure on water resources,SDG 6.4.1. Services Water Use Efficiency,Cambodia,2021,82.248586063,US$/m3,E,False
Water use,Pressure on water resources,SDG 6.4.1. Services Water Use Efficiency,Cameroon,2018,76.223825599,US$/m3,E,False
Water use,Pressure on water resources,SDG 6.4.1. Services Water Use Efficiency,Cameroon,2019,79.685988563,US$/m3,E,False
Water use,Pressure on water resources,SDG 6.4.1. Services Water Use Efficiency,Cameroon,2020,81.606963601,US$/m3,E,False
Water use,Pressure on water resources,SDG 6.4.1. Services Water Use Efficiency,Cameroon,2021,83.245640737,US$/m3,E,False
Water use,Pressure on water resources,SDG 6.4.1. Services Water Use Efficiency,Canada,2018,236.252377253,US$/m3,E,False
Water use,Pressure on water resources,SDG 6.4.1. Services Water Use Efficiency,Canada,2019,242.3945746,US$/m3,E,False
Water use,Pressure on water resources,SDG 6.4.1. Services Water Use Efficiency,Canada,2020,229.809952256,US$/m3,E,False
Water use,Pressure on water resources,SDG 6.4.1. Services Water Use Efficiency,Canada,2021,240.34961402,US$/m3,E,False
Water use,Pressure on water resources,SDG 6.4.1. Services Water Use Efficiency,Central African Republic,2018,13.961509408,US$/m3,E,False
Water use,Pressure on water resources,SDG 6.4.1. Services Water Use Efficiency,Central African Republic,2019,14.349084626,US$/m3,E,False
Water use,Pressure on water resources,SDG 6.4.1. Services Water Use Efficiency,Central African Republic,2020,14.500120721,US$/m3,E,False
Water use,Pressure on water resources,SDG 6.4.1. Services Water Use Efficiency,Central African Republic,2021,14.642858474,US$/m3,E,False
Water use,Pressure on water resources,SDG 6.4.1. Services Water Use Efficiency,Chad,2018,44.407012043,US$/m3,E,False
Water use,Pressure on water resources,SDG 6.4.1. Services Water Use Efficiency,Chad,2019,49.864366194,US$/m3,E,False
Water use,Pressure on water resources,SDG 6.4.1. Services Water Use Efficiency,Chad,2020,51.188255715,US$/m3,E,False
Water use,Pressure on water resources,SDG 6.4.1. Services Water Use Efficiency,Chad,2021,41.226712207,US$/m3,E,False
Water use,Pressure on water resources,SDG 6.4.1. Services Water Use Efficiency,Chile,2018,122.929279047,US$/m3,E,False
Water use,Pressure on water resources,SDG 6.4.1. Services Water Use Efficiency,Chile,2019,126.120857289,US$/m3,E,False
Water use,Pressure on water resources,SDG 6.4.1. Services Water Use Efficiency,Chile,2020,113.606929745,US$/m3,E,False
Water use,Pressure on water resources,SDG 6.4.1. Services Water Use Efficiency,Chile,2021,121.859752093,US$/m3,E,False
Water use,Pressure on water resources,SDG 6.4.1. Services Water Use Efficiency,China,2018,76.067683926,US$/m3,E,False
Water use,Pressure on water resources,SDG 6.4.1. Services Water Use Efficiency,China,2019,75.264417273,US$/m3,E,False
Water use,Pressure on water resources,SDG 6.4.1. Services Water Use Efficiency,China,2020,74.206722586,US$/m3,E,False
Water use,Pressure on water resources,SDG 6.4.1. Services Water Use Efficiency,China,2021,88.282316569,US$/m3,E,False
Water use,Pressure on water resources,SDG 6.4.1. Services Water Use Efficiency,Colombia,2018,52.916348305,US$/m3,E,False
Water use,Pressure on water resources,SDG 6.4.1. Services Water Use Efficiency,Colombia,2019,60.562861673,US$/m3,E,False
Water use,Pressure on water resources,SDG 6.4.1. Services Water Use Efficiency,Colombia,2020,58.732464564,US$/m3,E,False
Water use,Pressure on water resources,SDG 6.4.1. Services Water Use Efficiency,Colombia,2021,62.932772368,US$/m3,E,False
Water use,Pressure on water resources,SDG 6.4.1. Services Water Use Efficiency,Comoros,2018,121.549675065,US$/m3,E,False
Water use,Pressure on water resources,SDG 6.4.1. Services Water Use Efficiency,Comoros,2019,123.925511746,US$/m3,E,False
Water use,Pressure on water resources,SDG 6.4.1. Services Water Use Efficiency,Comoros,2020,126.111054016,US$/m3,E,False
Water use,Pressure on water resources,SDG 6.4.1. Services Water Use Efficiency,Comoros,2021,127.526366592,US$/m3,E,False
Water use,Pressure on water resources,SDG 6.4.1. Services Water Use Efficiency,Congo,2018,59.801544452,US$/m3,E,False
Water use,Pressure on water resources,SDG 6.4.1. Services Water Use Efficiency,Congo,2019,67.874354606,US$/m3,E,False
Water use,Pressure on water resources,SDG 6.4.1. Services Water Use Efficiency,Congo,2020,83.530276959,US$/m3,E,False
Water use,Pressure on water resources,SDG 6.4.1. Services Water Use Efficiency,Congo,2021,67.558615214,US$/m3,E,False
Water use,Pressure on water resources,SDG 6.4.1. Services Water Use Efficiency,Costa Rica,2018,61.52067939,US$/m3,E,False
Water use,Pressure on water resources,SDG 6.4.1. Services Water Use Efficiency,Costa Rica,2019,55.259287858,US$/m3,E,False
Water use,Pressure on water resources,SDG 6.4.1. Services Water Use Efficiency,Costa Rica,2020,53.210239604,US$/m3,E,False
Water use,Pressure on water resources,SDG 6.4.1. Services Water Use Efficiency,Costa Rica,2021,41.423088728,US$/m3,E,False
Water use,Pressure on water resources,SDG 6.4.1. Services Water Use Efficiency,Croatia,2018,78.798499208,US$/m3,E,False
Water use,Pressure on water resources,SDG 6.4.1. Services Water Use Efficiency,Croatia,2019,82.096302194,US$/m3,E,False
Water use,Pressure on water resources,SDG 6.4.1. Services Water Use Efficiency,Croatia,2020,76.244107014,US$/m3,E,False
Water use,Pressure on water resources,SDG 6.4.1. Services Water Use Efficiency,Croatia,2021,85.519841254,US$/m3,E,False
Water use,Pressure on water resources,SDG 6.4.1. Services Water Use Efficiency,Cuba,2018,38.51072154,US$/m3,E,False
Water use,Pressure on water resources,SDG 6.4.1. Services Water Use Efficiency,Cuba,2019,38.571189034,US$/m3,E,False
Water use,Pressure on water resources,SDG 6.4.1. Services Water Use Efficiency,Cuba,2020,35.702960873,US$/m3,E,False
Water use,Pressure on water resources,SDG 6.4.1. Services Water Use Efficiency,Cuba,2021,42.259085046,US$/m3,E,False
Water use,Pressure on water resources,SDG 6.4.1. Services Water Use Efficiency,Cyprus,2018,159.983688462,US$/m3,E,False
Water use,Pressure on water resources,SDG 6.4.1. Services Water Use Efficiency,Cyprus,2019,173.067850869,US$/m3,E,False
Water use,Pressure on water resources,SDG 6.4.1. Services Water Use Efficiency,Cyprus,2020,176.083185381,US$/m3,E,False
Water use,Pressure on water resources,SDG 6.4.1. Services Water Use Efficiency,Cyprus,2021,175.593380972,US$/m3,E,False
Water use,Pressure on water resources,SDG 6.4.1. Services Water Use Efficiency,Czechia,2018,192.734894442,US$/m3,E,False
Water use,Pressure on water resources,SDG 6.4.1. Services Water Use Efficiency,Czechia,2019,201.479138482,US$/m3,E,False
Water use,Pressure on water resources,SDG 6.4.1. Services Water Use Efficiency,Czechia,2020,201.17421754,US$/m3,E,False
Water use,Pressure on water resources,SDG 6.4.1. Services Water Use Efficiency,Czechia,2021,210.013860847,US$/m3,E,False
Water use,Pressure on water resources,SDG 6.4.1. Services Water Use Efficiency,Côte d'Ivoire,2018,95.692716677,US$/m3,E,False
Water use,Pressure on water resources,SDG 6.4.1. Services Water Use Efficiency,Côte d'Ivoire,2019,101.571500789,US$/m3,E,False
Water use,Pressure on water resources,SDG 6.4.1. Services Water Use Efficiency,Côte d'Ivoire,2020,104.542431016,US$/m3,E,False
Water use,Pressure on water resources,SDG 6.4.1. Services Water Use Efficiency,Côte d'Ivoire,2021,111.21312995,US$/m3,E,False
Water use,Pressure on water resources,SDG 6.4.1. Services Water Use Efficiency,Democratic People's Republic of Korea,2018,6.666934008,US$/m3,E,False
Water use,Pressure on water resources,SDG 6.4.1. Services Water Use Efficiency,Democratic People's Republic of Korea,2019,6.857841092,US$/m3,E,False
Water use,Pressure on water resources,SDG 6.4.1. Services Water Use Efficiency,Democratic People's Republic of Korea,2020,6.554204594,US$/m3,E,False
Water use,Pressure on water resources,SDG 6.4.1. Services Water Use Efficiency,Democratic People's Republic of Korea,2021,6.256235346,US$/m3,E,False
Water use,Pressure on water resources,SDG 6.4.1. Services Water Use Efficiency,Democratic Republic of the Congo,2018,34.954318844,US$/m3,E,False
Water use,Pressure on water resources,SDG 6.4.1. Services Water Use Efficiency,Democratic Republic of the Congo,2019,38.82944208,US$/m3,E,False
Water use,Pressure on water resources,SDG 6.4.1. Services Water Use Efficiency,Democratic Republic of the Congo,2020,41.137365064,US$/m3,E,False
Water use,Pressure on water resources,SDG 6.4.1. Services Water Use Efficiency,Democratic Republic of the Congo,2021,39.601658085,US$/m3,E,False
Water use,Pressure on water resources,SDG 6.4.1. Services Water Use Efficiency,Denmark,2018,547.852622757,US$/m3,E,False
Water use,Pressure on water resources,SDG 6.4.1. Services Water Use Efficiency,Denmark,2019,573.740665948,US$/m3,E,False
Water use,Pressure on water resources,SDG 6.4.1. Services Water Use Efficiency,Denmark,2020,546.855585028,US$/m3,E,False
Water use,Pressure on water resources,SDG 6.4.1. Services Water Use Efficiency,Denmark,2021,586.481196861,US$/m3,E,False
Water use,Pressure on water resources,SDG 6.4.1. Services Water Use Efficiency,Djibouti,2018,158.150996242,US$/m3,E,False
Water use,Pressure on water resources,SDG 6.4.1. Services Water Use Efficiency,Djibouti,2019,168.386539248,US$/m3,E,False
Water use,Pressure on water resources,SDG 6.4.1. Services Water Use Efficiency,Djibouti,2020,169.969229537,US$/m3,E,False
Water use,Pressure on water resources,SDG 6.4.1. Services Water Use Efficiency,Djibouti,2021,166.361760825,US$/m3,E,False
Water use,Pressure on water resources,SDG 6.4.1. Services Water Use Efficiency,Dominica,2018,15.786015509,US$/m3,E,False
Water use,Pressure on water resources,SDG 6.4.1. Services Water Use Efficiency,Dominica,2019,17.518403017,US$/m3,E,False
Water use,Pressure on water resources,SDG 6.4.1. Services Water Use Efficiency,Dominica,2020,15.485219682,US$/m3,E,False
Water use,Pressure on water resources,SDG 6.4.1. Services Water Use Efficiency,Dominica,2021,15.64660993,US$/m3,E,False
Water use,Pressure on water resources,SDG 6.4.1. Services Water Use Efficiency,Dominican Republic,2018,59.818221183,US$/m3,E,False
Water use,Pressure on water resources,SDG 6.4.1. Services Water Use Efficiency,Dominican Republic,2019,62.498427365,US$/m3,E,False
Water use,Pressure on water resources,SDG 6.4.1. Services Water Use Efficiency,Dominican Republic,2020,57.27075342,US$/m3,E,False
Water use,Pressure on water resources,SDG 6.4.1. Services Water Use Efficiency,Dominican Republic,2021,61.278950969,US$/m3,E,False
Water use,Pressure on water resources,SDG 6.4.1. Services Water Use Efficiency,Ecuador,2018,41.70391637,US$/m3,E,False
Water use,Pressure on water resources,SDG 6.4.1. Services Water Use Efficiency,Ecuador,2019,42.067112663,US$/m3,E,False
Water use,Pressure on water resources,SDG 6.4.1. Services Water Use Efficiency,Ecuador,2020,39.947192018,US$/m3,E,False
Water use,Pressure on water resources,SDG 6.4.1. Services Water Use Efficiency,Ecuador,2021,41.626641591,US$/m3,E,False
Water use,Pressure on water resources,SDG 6.4.1. Services Water Use Efficiency,Egypt,2018,18.18058829,US$/m3,E,False
Water use,Pressure on water resources,SDG 6.4.1. Services Water Use Efficiency,Egypt,2019,18.810299,US$/m3,E,False
Water use,Pressure on water resources,SDG 6.4.1. Services Water Use Efficiency,Egypt,2020,19.945558842,US$/m3,E,False
Water use,Pressure on water resources,SDG 6.4.1. Services Water Use Efficiency,Egypt,2021,22.054842356,US$/m3,E,False
Water use,Pressure on water resources,SDG 6.4.1. Services Water Use Efficiency,El Salvador,2018,41.580547746,US$/m3,E,False
Water use,Pressure on water resources,SDG 6.4.1. Services Water Use Efficiency,El Salvador,2019,42.078181231,US$/m3,E,False
Water use,Pressure on water resources,SDG 6.4.1. Services Water Use Efficiency,El Salvador,2020,39.056617477,US$/m3,E,False
Water use,Pressure on water resources,SDG 6.4.1. Services Water Use Efficiency,El Salvador,2021,42.387783156,US$/m3,E,False
Water use,Pressure on water resources,SDG 6.4.1. Services Water Use Efficiency,Equatorial Guinea,2018,277.40992711,US$/m3,E,False
Water use,Pressure on water resources,SDG 6.4.1. Services Water Use Efficiency,Equatorial Guinea,2019,286.02963724,US$/m3,E,False
Water use,Pressure on water resources,SDG 6.4.1. Services Water Use Efficiency,Equatorial Guinea,2020,316.814023329,US$/m3,E,False
Water use,Pressure on water resources,SDG 6.4.1. Services Water Use Efficiency,Equatorial Guinea,2021,277.186121857,US$/m3,E,False
Water use,Pressure on water resources,SDG 6.4.1. Services Water Use Efficiency,Eritrea,2018,38.533529212,US$/m3,E,False
Water use,Pressure on water resources,SDG 6.4.1. Services Water Use Efficiency,Eritrea,2019,40.048512213,US$/m3,E,False
Water use,Pressure on water resources,SDG 6.4.1. Services Water Use Efficiency,Eritrea,2020,38.279614997,US$/m3,E,False
Water use,Pressure on water resources,SDG 6.4.1. Services Water Use Efficiency,Eritrea,2021,39.196187231,US$/m3,E,False
Water use,Pressure on water resources,SDG 6.4.1. Services Water Use Efficiency,Estonia,2018,269.017110431,US$/m3,E,False
Water use,Pressure on water resources,SDG 6.4.1. Services Water Use Efficiency,Estonia,2019,222.511398063,US$/m3,E,False
Water use,Pressure on water resources,SDG 6.4.1. Services Water Use Efficiency,Estonia,2020,281.357664626,US$/m3,E,False
Water use,Pressure on water resources,SDG 6.4.1. Services Water Use Efficiency,Estonia,2021,266.026213068,US$/m3,E,False
Water use,Pressure on water resources,SDG 6.4.1. Services Water Use Efficiency,Eswatini,2018,56.54407097,US$/m3,E,False
Water use,Pressure on water resources,SDG 6.4.1. Services Water Use Efficiency,Eswatini,2019,57.474655551,US$/m3,E,False
Water use,Pressure on water resources,SDG 6.4.1. Services Water Use Efficiency,Eswatini,2020,57.99428322,US$/m3,E,False
Water use,Pressure on water resources,SDG 6.4.1. Services Water Use Efficiency,Eswatini,2021,61.62049696,US$/m3,E,False
Water use,Pressure on water resources,SDG 6.4.1. Services Water Use Efficiency,Ethiopia,2018,36.383837827,US$/m3,E,False
Water use,Pressure on water resources,SDG 6.4.1. Services Water Use Efficiency,Ethiopia,2019,40.204069051,US$/m3,E,False
Water use,Pressure on water resources,SDG 6.4.1. Services Water Use Efficiency,Ethiopia,2020,42.293467062,US$/m3,E,False
Water use,Pressure on water resources,SDG 6.4.1. Services Water Use Efficiency,Ethiopia,2021,44.327401735,US$/m3,E,False
Water use,Pressure on water resources,SDG 6.4.1. Services Water Use Efficiency,Fiji,2018,115.594125884,US$/m3,E,False
Water use,Pressure on water resources,SDG 6.4.1. Services Water Use Efficiency,Fiji,2019,114.340187705,US$/m3,E,False
Water use,Pressure on water resources,SDG 6.4.1. Services Water Use Efficiency,Fiji,2020,94.541913335,US$/m3,E,False
Water use,Pressure on water resources,SDG 6.4.1. Services Water Use Efficiency,Fiji,2021,90.436494894,US$/m3,E,False
Water use,Pressure on water resources,SDG 6.4.1. Services Water Use Efficiency,Finland,2018,392.482474533,US$/m3,E,False
Water use,Pressure on water resources,SDG 6.4.1. Services Water Use Efficiency,Finland,2019,320.308125458,US$/m3,E,False
Water use,Pressure on water resources,SDG 6.4.1. Services Water Use Efficiency,Finland,2020,312.750110185,US$/m3,E,False
Water use,Pressure on water resources,SDG 6.4.1. Services Water Use Efficiency,Finland,2021,321.267979698,US$/m3,E,False
Water use,Pressure on water resources,SDG 6.4.1. Services Water Use Efficiency,France,2018,349.133741682,US$/m3,E,False
Water use,Pressure on water resources,SDG 6.4.1. Services Water Use Efficiency,France,2019,356.175974823,US$/m3,E,False
Water use,Pressure on water resources,SDG 6.4.1. Services Water Use Efficiency,France,2020,331.314482711,US$/m3,E,False
Water use,Pressure on water resources,SDG 6.4.1. Services Water Use Efficiency,France,2021,351.197222554,US$/m3,E,False
Water use,Pressure on water resources,SDG 6.4.1. Services Water Use Efficiency,Gabon,2018,76.796035923,US$/m3,E,False
Water use,Pressure on water resources,SDG 6.4.1. Services Water Use Efficiency,Gabon,2019,79.260703151,US$/m3,E,False
Water use,Pressure on water resources,SDG 6.4.1. Services Water Use Efficiency,Gabon,2020,86.461521511,US$/m3,E,False
Water use,Pressure on water resources,SDG 6.4.1. Services Water Use Efficiency,Gabon,2021,78.092039016,US$/m3,E,False
Water use,Pressure on water resources,SDG 6.4.1. Services Water Use Efficiency,Gambia,2018,21.758794606,US$/m3,E,False
Water use,Pressure on water resources,SDG 6.4.1. Services Water Use Efficiency,Gambia,2019,23.159358126,US$/m3,E,False
Water use,Pressure on water resources,SDG 6.4.1. Services Water Use Efficiency,Gambia,2020,23.027074296,US$/m3,E,False
Water use,Pressure on water resources,SDG 6.4.1. Services Water Use Efficiency,Gambia,2021,23.6803646,US$/m3,E,False
Water use,Pressure on water resources,SDG 6.4.1. Services Water Use Efficiency,Georgia,2018,17.135104013,US$/m3,E,False
Water use,Pressure on water resources,SDG 6.4.1. Services Water Use Efficiency,Georgia,2019,17.21291626,US$/m3,E,False
Water use,Pressure on water resources,SDG 6.4.1. Services Water Use Efficiency,Georgia,2020,16.835224083,US$/m3,E,False
Water use,Pressure on water resources,SDG 6.4.1. Services Water Use Efficiency,Georgia,2021,21.39263249,US$/m3,E,False
Water use,Pressure on water resources,SDG 6.4.1. Services Water Use Efficiency,Germany,2018,218.933596727,US$/m3,E,False
Water use,Pressure on water resources,SDG 6.4.1. Services Water Use Efficiency,Germany,2019,218.819864424,US$/m3,E,False
Water use,Pressure on water resources,SDG 6.4.1. Services Water Use Efficiency,Germany,2020,213.88405032,US$/m3,E,False
Water use,Pressure on water resources,SDG 6.4.1. Services Water Use Efficiency,Germany,2021,217.518786311,US$/m3,E,False
Water use,Pressure on water resources,SDG 6.4.1. Services Water Use Efficiency,Ghana,2018,90.722521939,US$/m3,E,False
Water use,Pressure on water resources,SDG 6.4.1. Services Water Use Efficiency,Ghana,2019,99.263742174,US$/m3,E,False
Water use,Pressure on water resources,SDG 6.4.1. Services Water Use Efficiency,Ghana,2020,99.88108531,US$/m3,E,False
Water use,Pressure on water resources,SDG 6.4.1. Services Water Use Efficiency,Ghana,2021,106.898157502,US$/m3,E,False
Water use,Pressure on water resources,SDG 6.4.1. Services Water Use Efficiency,Greece,2018,86.612194943,US$/m3,E,False
Water use,Pressure on water resources,SDG 6.4.1. Services Water Use Efficiency,Greece,2019,88.414235983,US$/m3,E,False
Water use,Pressure on water resources,SDG 6.4.1. Services Water Use Efficiency,Greece,2020,79.866334442,US$/m3,E,False
Water use,Pressure on water resources,SDG 6.4.1. Services Water Use Efficiency,Greece,2021,86.621862759,US$/m3,E,False
Water use,Pressure on water resources,SDG 6.4.1. Services Water Use Efficiency,Grenada,2018,64.572913347,US$/m3,E,False
Water use,Pressure on water resources,SDG 6.4.1. Services Water Use Efficiency,Grenada,2019,66.181339748,US$/m3,E,False
Water use,Pressure on water resources,SDG 6.4.1. Services Water Use Efficiency,Grenada,2020,57.249758189,US$/m3,E,False
Water use,Pressure on water resources,SDG 6.4.1. Services Water Use Efficiency,Grenada,2021,59.717197053,US$/m3,E,False
Water use,Pressure on water resources,SDG 6.4.1. Services Water Use Efficiency,Guatemala,2018,53.188666787,US$/m3,E,False
Water use,Pressure on water resources,SDG 6.4.1. Services Water Use Efficiency,Guatemala,2019,55.029015489,US$/m3,E,False
Water use,Pressure on water resources,SDG 6.4.1. Services Water Use Efficiency,Guatemala,2020,53.827308872,US$/m3,E,False
Water use,Pressure on water resources,SDG 6.4.1. Services Water Use Efficiency,Guatemala,2021,57.911537315,US$/m3,E,False
Water use,Pressure on water resources,SDG 6.4.1. Services Water Use Efficiency,Guinea,2018,20.10250926,US$/m3,E,False
Water use,Pressure on water resources,SDG 6.4.1. Services Water Use Efficiency,Guinea,2019,19.674816575,US$/m3,E,False
Water use,Pressure on water resources,SDG 6.4.1. Services Water Use Efficiency,Guinea,2020,21.679058162,US$/m3,E,False
Water use,Pressure on water resources,SDG 6.4.1. Services Water Use Efficiency,Guinea,2021,21.3852863,US$/m3,E,False
Water use,Pressure on water resources,SDG 6.4.1. Services Water Use Efficiency,Guinea-Bissau,2018,19.57628745,US$/m3,E,False
Water use,Pressure on water resources,SDG 6.4.1. Services Water Use Efficiency,Guinea-Bissau,2019,20.676650253,US$/m3,E,False
Water use,Pressure on water resources,SDG 6.4.1. Services Water Use Efficiency,Guinea-Bissau,2020,20.040918757,US$/m3,E,False
Water use,Pressure on water resources,SDG 6.4.1. Services Water Use Efficiency,Guinea-Bissau,2021,21.627129088,US$/m3,E,False
Water use,Pressure on water resources,SDG 6.4.1. Services Water Use Efficiency,Guyana,2018,36.725611777,US$/m3,E,False
Water use,Pressure on water resources,SDG 6.4.1. Services Water Use Efficiency,Guyana,2019,37.677358284,US$/m3,E,False
Water use,Pressure on water resources,SDG 6.4.1. Services Water Use Efficiency,Guyana,2020,47.1403959,US$/m3,E,False
Water use,Pressure on water resources,SDG 6.4.1. Services Water Use Efficiency,Guyana,2021,48.708727319,US$/m3,E,False
Water use,Pressure on water resources,SDG 6.4.1. Services Water Use Efficiency,Haiti,2018,43.733145768,US$/m3,E,False
Water use,Pressure on water resources,SDG 6.4.1. Services Water Use Efficiency,Haiti,2019,43.218254202,US$/m3,E,False
Water use,Pressure on water resources,SDG 6.4.1. Services Water Use Efficiency,Haiti,2020,38.852604045,US$/m3,E,False
Water use,Pressure on water resources,SDG 6.4.1. Services Water Use Efficiency,Haiti,2021,39.087496047,US$/m3,E,False
Water use,Pressure on water resources,SDG 6.4.1. Services Water Use Efficiency,Honduras,2018,45.459444727,US$/m3,E,False
Water use,Pressure on water resources,SDG 6.4.1. Services Water Use Efficiency,Honduras,2019,47.704778972,US$/m3,E,False
Water use,Pressure on water resources,SDG 6.4.1. Services Water Use Efficiency,Honduras,2020,43.780665322,US$/m3,E,False
Water use,Pressure on water resources,SDG 6.4.1. Services Water Use Efficiency,Honduras,2021,48.027604467,US$/m3,E,False
Water use,Pressure on water resources,SDG 6.4.1. Services Water Use Efficiency,Hungary,2018,129.717199571,US$/m3,E,False
Water use,Pressure on water resources,SDG 6.4.1. Services Water Use Efficiency,Hungary,2019,134.811958688,US$/m3,E,False
Water use,Pressure on water resources,SDG 6.4.1. Services Water Use Efficiency,Hungary,2020,125.536045502,US$/m3,E,False
Water use,Pressure on water resources,SDG 6.4.1. Services Water Use Efficiency,Hungary,2021,134.902123835,US$/m3,E,False
Water use,Pressure on water resources,SDG 6.4.1. Services Water Use Efficiency,Iceland,2018,176.839526573,US$/m3,E,False
Water use,Pressure on water resources,SDG 6.4.1. Services Water Use Efficiency,Iceland,2019,182.505254051,US$/m3,E,False
Water use,Pressure on water resources,SDG 6.4.1. Services Water Use Efficiency,Iceland,2020,170.300744417,US$/m3,E,False
Water use,Pressure on water resources,SDG 6.4.1. Services Water Use Efficiency,Iceland,2021,173.820060041,US$/m3,E,False
Water use,Pressure on water resources,SDG 6.4.1. Services Water Use Efficiency,India,2018,23.972253443,US$/m3,E,False
Water use,Pressure on water resources,SDG 6.4.1. Services Water Use Efficiency,India,2019,25.747697516,US$/m3,E,False
Water use,Pressure on water resources,SDG 6.4.1. Services Water Use Efficiency,India,2020,23.314579882,US$/m3,E,False
Water use,Pressure on water resources,SDG 6.4.1. Services Water Use Efficiency,India,2021,24.836968042,US$/m3,E,False
Water use,Pressure on water resources,SDG 6.4.1. Services Water Use Efficiency,Indonesia,2018,18.750461815,US$/m3,E,False
Water use,Pressure on water resources,SDG 6.4.1. Services Water Use Efficiency,Indonesia,2019,20.042099388,US$/m3,E,False
Water use,Pressure on water resources,SDG 6.4.1. Services Water Use Efficiency,Indonesia,2020,19.704081655,US$/m3,E,False
Water use,Pressure on water resources,SDG 6.4.1. Services Water Use Efficiency,Indonesia,2021,19.703838331,US$/m3,E,False
Water use,Pressure on water resources,SDG 6.4.1. Services Water Use Efficiency,Iran (Islamic Republic of),2018,37.594244181,US$/m3,E,False
Water use,Pressure on water resources,SDG 6.4.1. Services Water Use Efficiency,Iran (Islamic Republic of),2019,37.93726816,US$/m3,E,False
Water use,Pressure on water resources,SDG 6.4.1. Services Water Use Efficiency,Iran (Islamic Republic of),2020,36.513006615,US$/m3,E,False
Water use,Pressure on water resources,SDG 6.4.1. Services Water Use Efficiency,Iran (Islamic Republic of),2021,39.572601559,US$/m3,E,False
Water use,Pressure on water resources,SDG 6.4.1. Services Water Use Efficiency,Iraq,2018,83.726751395,US$/m3,E,False
Water use,Pressure on water resources,SDG 6.4.1. Services Water Use Efficiency,Iraq,2019,13.892987727,US$/m3,E,False
Water use,Pressure on water resources,SDG 6.4.1. Services Water Use Efficiency,Iraq,2020,11.963979661,US$/m3,E,False
Water use,Pressure on water resources,SDG 6.4.1. Services Water Use Efficiency,Iraq,2021,12.66416648,US$/m3,E,False
Water use,Pressure on water resources,SDG 6.4.1. Services Water Use Efficiency,Ireland,2018,205.941946863,US$/m3,E,False
Water use,Pressure on water resources,SDG 6.4.1. Services Water Use Efficiency,Ireland,2019,221.183737294,US$/m3,E,False
Water use,Pressure on water resources,SDG 6.4.1. Services Water Use Efficiency,Ireland,2020,228.599809742,US$/m3,E,False
Water use,Pressure on water resources,SDG 6.4.1. Services Water Use Efficiency,Ireland,2021,249.419006609,US$/m3,E,False
Water use,Pressure on water resources,SDG 6.4.1. Services Water Use Efficiency,Israel,2018,244.797843204,US$/m3,E,False
Water use,Pressure on water resources,SDG 6.4.1. Services Water Use Efficiency,Israel,2019,256.216639674,US$/m3,E,False
Water use,Pressure on water resources,SDG 6.4.1. Services Water Use Efficiency,Israel,2020,252.166343021,US$/m3,E,False
Water use,Pressure on water resources,SDG 6.4.1. Services Water Use Efficiency,Israel,2021,272.399186266,US$/m3,E,False
Water use,Pressure on water resources,SDG 6.4.1. Services Water Use Efficiency,Italy,2018,142.101425354,US$/m3,E,False
Water use,Pressure on water resources,SDG 6.4.1. Services Water Use Efficiency,Italy,2019,143.262549093,US$/m3,E,False
Water use,Pressure on water resources,SDG 6.4.1. Services Water Use Efficiency,Italy,2020,132.278401743,US$/m3,E,False
Water use,Pressure on water resources,SDG 6.4.1. Services Water Use Efficiency,Italy,2021,137.88297666,US$/m3,E,False
Water use,Pressure on water resources,SDG 6.4.1. Services Water Use Efficiency,Jamaica,2018,35.33748396,US$/m3,E,False
Water use,Pressure on water resources,SDG 6.4.1. Services Water Use Efficiency,Jamaica,2019,29.236800315,US$/m3,E,False
Water use,Pressure on water resources,SDG 6.4.1. Services Water Use Efficiency,Jamaica,2020,22.24741416,US$/m3,E,False
Water use,Pressure on water resources,SDG 6.4.1. Services Water Use Efficiency,Jamaica,2021,25.46021034,US$/m3,E,False
Water use,Pressure on water resources,SDG 6.4.1. Services Water Use Efficiency,Japan,2018,220.937242858,US$/m3,E,False
Water use,Pressure on water resources,SDG 6.4.1. Services Water Use Efficiency,Japan,2019,223.693901305,US$/m3,E,False
Water use,Pressure on water resources,SDG 6.4.1. Services Water Use Efficiency,Japan,2020,214.449460082,US$/m3,E,False
Water use,Pressure on water resources,SDG 6.4.1. Services Water Use Efficiency,Japan,2021,217.335579078,US$/m3,E,False
Water use,Pressure on water resources,SDG 6.4.1. Services Water Use Efficiency,Jordan,2018,53.465618142,US$/m3,E,False
Water use,Pressure on water resources,SDG 6.4.1. Services Water Use Efficiency,Jordan,2019,52.743370711,US$/m3,E,False
Water use,Pressure on water resources,SDG 6.4.1. Services Water Use Efficiency,Jordan,2020,52.477863972,US$/m3,E,False
Water use,Pressure on water resources,SDG 6.4.1. Services Water Use Efficiency,Jordan,2021,53.30881201,US$/m3,E,False
Water use,Pressure on water resources,SDG 6.4.1. Services Water Use Efficiency,Kazakhstan,2018,32.678067204,US$/m3,E,False
Water use,Pressure on water resources,SDG 6.4.1. Services Water Use Efficiency,Kazakhstan,2019,32.212420196,US$/m3,E,False
Water use,Pressure on water resources,SDG 6.4.1. Services Water Use Efficiency,Kazakhstan,2020,26.46568247,US$/m3,E,False
Water use,Pressure on water resources,SDG 6.4.1. Services Water Use Efficiency,Kazakhstan,2021,26.334366418,US$/m3,E,False
Water use,Pressure on water resources,SDG 6.4.1. Services Water Use Efficiency,Kenya,2018,94.450803738,US$/m3,E,False
Water use,Pressure on water resources,SDG 6.4.1. Services Water Use Efficiency,Kenya,2019,98.593485597,US$/m3,E,False
Water use,Pressure on water resources,SDG 6.4.1. Services Water Use Efficiency,Kenya,2020,94.54715736,US$/m3,E,False
Water use,Pressure on water resources,SDG 6.4.1. Services Water Use Efficiency,Kenya,2021,103.350652216,US$/m3,E,False
Water use,Pressure on water resources,SDG 6.4.1. Services Water Use Efficiency,Kuwait,2018,140.000035561,US$/m3,E,False
Water use,Pressure on water resources,SDG 6.4.1. Services Water Use Efficiency,Kuwait,2019,146.347453821,US$/m3,E,False
Water use,Pressure on water resources,SDG 6.4.1. Services Water Use Efficiency,Kuwait,2020,166.035057212,US$/m3,E,False
Water use,Pressure on water resources,SDG 6.4.1. Services Water Use Efficiency,Kuwait,2021,143.966040133,US$/m3,E,False
Water use,Pressure on water resources,SDG 6.4.1. Services Water Use Efficiency,Kyrgyzstan,2018,17.894963541,US$/m3,E,False
Water use,Pressure on water resources,SDG 6.4.1. Services Water Use Efficiency,Kyrgyzstan,2019,18.489407415,US$/m3,E,False
Water use,Pressure on water resources,SDG 6.4.1. Services Water Use Efficiency,Kyrgyzstan,2020,17.296390831,US$/m3,E,False
Water use,Pressure on water resources,SDG 6.4.1. Services Water Use Efficiency,Kyrgyzstan,2021,18.029018513,US$/m3,E,False
Water use,Pressure on water resources,SDG 6.4.1. Services Water Use Efficiency,Lao People's Democratic Republic,2018,70.921720747,US$/m3,E,False
Water use,Pressure on water resources,SDG 6.4.1. Services Water Use Efficiency,Lao People's Democratic Republic,2019,73.407799304,US$/m3,E,False
Water use,Pressure on water resources,SDG 6.4.1. Services Water Use Efficiency,Lao People's Democratic Republic,2020,75.241151734,US$/m3,E,False
Water use,Pressure on water resources,SDG 6.4.1. Services Water Use Efficiency,Lao People's Democratic Republic,2021,76.050384162,US$/m3,E,False
Water use,Pressure on water resources,SDG 6.4.1. Services Water Use Efficiency,Latvia,2018,219.747109323,US$/m3,E,False
Water use,Pressure on water resources,SDG 6.4.1. Services Water Use Efficiency,Latvia,2019,228.845837441,US$/m3,E,False
Water use,Pressure on water resources,SDG 6.4.1. Services Water Use Efficiency,Latvia,2020,223.589500264,US$/m3,E,False
Water use,Pressure on water resources,SDG 6.4.1. Services Water Use Efficiency,Latvia,2021,233.987699879,US$/m3,E,False
Water use,Pressure on water resources,SDG 6.4.1. Services Water Use Efficiency,Lebanon,2018,166.060852217,US$/m3,E,False
Water use,Pressure on water resources,SDG 6.4.1. Services Water Use Efficiency,Lebanon,2019,159.65644735,US$/m3,E,False
Water use,Pressure on water resources,SDG 6.4.1. Services Water Use Efficiency,Lebanon,2020,120.419503338,US$/m3,E,False
Water use,Pressure on water resources,SDG 6.4.1. Services Water Use Efficiency,Lebanon,2021,118.537683191,US$/m3,E,False
Water use,Pressure on water resources,SDG 6.4.1. Services Water Use Efficiency,Lesotho,2018,66.729295828,US$/m3,E,False
Water use,Pressure on water resources,SDG 6.4.1. Services Water Use Efficiency,Lesotho,2019,67.524464681,US$/m3,E,False
Water use,Pressure on water resources,SDG 6.4.1. Services Water Use Efficiency,Lesotho,2020,62.611129408,US$/m3,E,False
Water use,Pressure on water resources,SDG 6.4.1. Services Water Use Efficiency,Lesotho,2021,66.319649966,US$/m3,E,False
Water use,Pressure on water resources,SDG 6.4.1. Services Water Use Efficiency,Liberia,2018,5.719147604,US$/m3,E,False
Water use,Pressure on water resources,SDG 6.4.1. Services Water Use Efficiency,Liberia,2019,5.442196622,US$/m3,E,False
Water use,Pressure on water resources,SDG 6.4.1. Services Water Use Efficiency,Liberia,2020,5.357927282,US$/m3,E,False
Water use,Pressure on water resources,SDG 6.4.1. Services Water Use Efficiency,Liberia,2021,5.306006059,US$/m3,E,False
Water use,Pressure on water resources,SDG 6.4.1. Services Water Use Efficiency,Libya,2018,55.404924964,US$/m3,E,False
Water use,Pressure on water resources,SDG 6.4.1. Services Water Use Efficiency,Libya,2019,50.461694778,US$/m3,E,False
Water use,Pressure on water resources,SDG 6.4.1. Services Water Use Efficiency,Libya,2020,37.006465876,US$/m3,E,False
Water use,Pressure on water resources,SDG 6.4.1. Services Water Use Efficiency,Libya,2021,45.882638624,US$/m3,E,False
Water use,Pressure on water resources,SDG 6.4.1. Services Water Use Efficiency,Liechtenstein,2018,470.890268661,US$/m3,E,False
Water use,Pressure on water resources,SDG 6.4.1. Services Water Use Efficiency,Liechtenstein,2019,442.965258644,US$/m3,E,False
Water use,Pressure on water resources,SDG 6.4.1. Services Water Use Efficiency,Liechtenstein,2020,403.615930695,US$/m3,E,False
Water use,Pressure on water resources,SDG 6.4.1. Services Water Use Efficiency,Liechtenstein,2021,424.979665318,US$/m3,E,False
Water use,Pressure on water resources,SDG 6.4.1. Services Water Use Efficiency,Lithuania,2018,214.850290467,US$/m3,E,False
Water use,Pressure on water resources,SDG 6.4.1. Services Water Use Efficiency,Lithuania,2019,224.593756823,US$/m3,E,False
Water use,Pressure on water resources,SDG 6.4.1. Services Water Use Efficiency,Lithuania,2020,224.461332498,US$/m3,E,False
Water use,Pressure on water resources,SDG 6.4.1. Services Water Use Efficiency,Lithuania,2021,235.895917316,US$/m3,E,False
Water use,Pressure on water resources,SDG 6.4.1. Services Water Use Efficiency,Luxembourg,2018,1048.802159304,US$/m3,E,False
Water use,Pressure on water resources,SDG 6.4.1. Services Water Use Efficiency,Luxembourg,2019,1196.490110498,US$/m3,E,False
Water use,Pressure on water resources,SDG 6.4.1. Services Water Use Efficiency,Luxembourg,2020,1117.784226173,US$/m3,E,False
Water use,Pressure on water resources,SDG 6.4.1. Services Water Use Efficiency,Luxembourg,2021,1166.855227682,US$/m3,E,False
Water use,Pressure on water resources,SDG 6.4.1. Services Water Use Efficiency,Madagascar,2018,15.833160049,US$/m3,E,False
Water use,Pressure on water resources,SDG 6.4.1. Services Water Use Efficiency,Madagascar,2019,16.885370157,US$/m3,E,False
Water use,Pressure on water resources,SDG 6.4.1. Services Water Use Efficiency,Madagascar,2020,15.638660206,US$/m3,E,False
Water use,Pressure on water resources,SDG 6.4.1. Services Water Use Efficiency,Madagascar,2021,16.42990219,US$/m3,E,False
Water use,Pressure on water resources,SDG 6.4.1. Services Water Use Efficiency,Malawi,2018,40.363975307,US$/m3,E,False
Water use,Pressure on water resources,SDG 6.4.1. Services Water Use Efficiency,Malawi,2019,41.81933599,US$/m3,E,False
Water use,Pressure on water resources,SDG 6.4.1. Services Water Use Efficiency,Malawi,2020,40.467715511,US$/m3,E,False
Water use,Pressure on water resources,SDG 6.4.1. Services Water Use Efficiency,Malawi,2021,40.408257186,US$/m3,E,False
Water use,Pressure on water resources,SDG 6.4.1. Services Water Use Efficiency,Malaysia,2018,144.679445531,US$/m3,E,False
Water use,Pressure on water resources,SDG 6.4.1. Services Water Use Efficiency,Malaysia,2019,154.540287102,US$/m3,E,False
Water use,Pressure on water resources,SDG 6.4.1. Services Water Use Efficiency,Malaysia,2020,147.750379632,US$/m3,E,False
Water use,Pressure on water resources,SDG 6.4.1. Services Water Use Efficiency,Malaysia,2021,143.433168498,US$/m3,E,False
Water use,Pressure on water resources,SDG 6.4.1. Services Water Use Efficiency,Maldives,2018,622.80879103,US$/m3,E,False
Water use,Pressure on water resources,SDG 6.4.1. Services Water Use Efficiency,Maldives,2019,688.052465278,US$/m3,E,False
Water use,Pressure on water resources,SDG 6.4.1. Services Water Use Efficiency,Maldives,2020,464.563716318,US$/m3,E,False
Water use,Pressure on water resources,SDG 6.4.1. Services Water Use Efficiency,Maldives,2021,676.072536592,US$/m3,E,False
Water use,Pressure on water resources,SDG 6.4.1. Services Water Use Efficiency,Mali,2018,53.65527481,US$/m3,E,False
Water use,Pressure on water resources,SDG 6.4.1. Services Water Use Efficiency,Mali,2019,56.331998854,US$/m3,E,False
Water use,Pressure on water resources,SDG 6.4.1. Services Water Use Efficiency,Mali,2020,58.333420782,US$/m3,E,False
Water use,Pressure on water resources,SDG 6.4.1. Services Water Use Efficiency,Mali,2021,61.69059904,US$/m3,E,False
Water use,Pressure on water resources,SDG 6.4.1. Services Water Use Efficiency,Malta,2018,277.24781023,US$/m3,E,False
Water use,Pressure on water resources,SDG 6.4.1. Services Water Use Efficiency,Malta,2019,286.873022637,US$/m3,E,False
Water use,Pressure on water resources,SDG 6.4.1. Services Water Use Efficiency,Malta,2020,267.564790393,US$/m3,E,False
Water use,Pressure on water resources,SDG 6.4.1. Services Water Use Efficiency,Malta,2021,304.42669976,US$/m3,E,False
Water use,Pressure on water resources,SDG 6.4.1. Services Water Use Efficiency,Mauritania,2018,33.356084706,US$/m3,E,False
Water use,Pressure on water resources,SDG 6.4.1. Services Water Use Efficiency,Mauritania,2019,33.982629427,US$/m3,E,False
Water use,Pressure on water resources,SDG 6.4.1. Services Water Use Efficiency,Mauritania,2020,32.542605186,US$/m3,E,False
Water use,Pressure on water resources,SDG 6.4.1. Services Water Use Efficiency,Mauritania,2021,32.967302961,US$/m3,E,False
Water use,Pressure on water resources,SDG 6.4.1. Services Water Use Efficiency,Mauritius,2018,32.920182633,US$/m3,E,False
Water use,Pressure on water resources,SDG 6.4.1. Services Water Use Efficiency,Mauritius,2019,33.329846198,US$/m3,E,False
Water use,Pressure on water resources,SDG 6.4.1. Services Water Use Efficiency,Mauritius,2020,28.064468664,US$/m3,E,False
Water use,Pressure on water resources,SDG 6.4.1. Services Water Use Efficiency,Mauritius,2021,28.436148722,US$/m3,E,False
Water use,Pressure on water resources,SDG 6.4.1. Services Water Use Efficiency,Mexico,2018,59.342472272,US$/m3,E,False
Water use,Pressure on water resources,SDG 6.4.1. Services Water Use Efficiency,Mexico,2019,59.19496609,US$/m3,E,False
Water use,Pressure on water resources,SDG 6.4.1. Services Water Use Efficiency,Mexico,2020,54.441552176,US$/m3,E,False
Water use,Pressure on water resources,SDG 6.4.1. Services Water Use Efficiency,Mexico,2021,55.276995401,US$/m3,E,False
Water use,Pressure on water resources,SDG 6.4.1. Services Water Use Efficiency,Monaco,2018,1148.113380849,US$/m3,E,False
Water use,Pressure on water resources,SDG 6.4.1. Services Water Use Efficiency,Monaco,2019,1230.563956242,US$/m3,E,False
Water use,Pressure on water resources,SDG 6.4.1. Services Water Use Efficiency,Monaco,2020,1048.361779091,US$/m3,E,False
Water use,Pressure on water resources,SDG 6.4.1. Services Water Use Efficiency,Monaco,2021,1309.629411325,US$/m3,E,False
Water use,Pressure on water resources,SDG 6.4.1. Services Water Use Efficiency,Mongolia,2018,124.459572211,US$/m3,E,False
Water use,Pressure on water resources,SDG 6.4.1. Services Water Use Efficiency,Mongolia,2019,131.129809049,US$/m3,E,False
Water use,Pressure on water resources,SDG 6.4.1. Services Water Use Efficiency,Mongolia,2020,127.953040746,US$/m3,E,False
Water use,Pressure on water resources,SDG 6.4.1. Services Water Use Efficiency,Mongolia,2021,126.991509346,US$/m3,E,False
Water use,Pressure on water resources,SDG 6.4.1. Services Water Use Efficiency,Montenegro,2018,30.638067147,US$/m3,E,False
Water use,Pressure on water resources,SDG 6.4.1. Services Water Use Efficiency,Montenegro,2019,31.452310261,US$/m3,E,False
Water use,Pressure on water resources,SDG 6.4.1. Services Water Use Efficiency,Montenegro,2020,26.664316623,US$/m3,E,False
Water use,Pressure on water resources,SDG 6.4.1. Services Water Use Efficiency,Montenegro,2021,30.674154245,US$/m3,E,False
Water use,Pressure on water resources,SDG 6.4.1. Services Water Use Efficiency,Morocco,2018,56.750638522,US$/m3,E,False
Water use,Pressure on water resources,SDG 6.4.1. Services Water Use Efficiency,Morocco,2019,56.32818703,US$/m3,E,False
Water use,Pressure on water resources,SDG 6.4.1. Services Water Use Efficiency,Morocco,2020,49.4362384,US$/m3,E,False
Water use,Pressure on water resources,SDG 6.4.1. Services Water Use Efficiency,Morocco,2021,48.475498814,US$/m3,E,False
Water use,Pressure on water resources,SDG 6.4.1. Services Water Use Efficiency,Mozambique,2018,20.553635264,US$/m3,E,False
Water use,Pressure on water resources,SDG 6.4.1. Services Water Use Efficiency,Mozambique,2019,21.400292395,US$/m3,E,False
Water use,Pressure on water resources,SDG 6.4.1. Services Water Use Efficiency,Mozambique,2020,21.449765101,US$/m3,E,False
Water use,Pressure on water resources,SDG 6.4.1. Services Water Use Efficiency,Mozambique,2021,21.184341713,US$/m3,E,False
Water use,Pressure on water resources,SDG 6.4.1. Services Water Use Efficiency,Myanmar,2018,9.711398381,US$/m3,E,False
Water use,Pressure on water resources,SDG 6.4.1. Services Water Use Efficiency,Myanmar,2019,10.04466772,US$/m3,E,False
Water use,Pressure on water resources,SDG 6.4.1. Services Water Use Efficiency,Myanmar,2020,9.371931142,US$/m3,E,False
Water use,Pressure on water resources,SDG 6.4.1. Services Water Use Efficiency,Myanmar,2021,7.825358757,US$/m3,E,False
Water use,Pressure on water resources,SDG 6.4.1. Services Water Use Efficiency,Namibia,2018,95.559604033,US$/m3,E,False
Water use,Pressure on water resources,SDG 6.4.1. Services Water Use Efficiency,Namibia,2019,95.190891857,US$/m3,E,False
Water use,Pressure on water resources,SDG 6.4.1. Services Water Use Efficiency,Namibia,2020,88.6314919,US$/m3,E,False
Water use,Pressure on water resources,SDG 6.4.1. Services Water Use Efficiency,Namibia,2021,89.712354877,US$/m3,E,False
Water use,Pressure on water resources,SDG 6.4.1. Services Water Use Efficiency,Nepal,2018,97.782300764,US$/m3,E,False
Water use,Pressure on water resources,SDG 6.4.1. Services Water Use Efficiency,Nepal,2019,108.650405609,US$/m3,E,False
Water use,Pressure on water resources,SDG 6.4.1. Services Water Use Efficiency,Nepal,2020,103.609251048,US$/m3,E,False
Water use,Pressure on water resources,SDG 6.4.1. Services Water Use Efficiency,Nepal,2021,111.386145079,US$/m3,E,False
Water use,Pressure on water resources,SDG 6.4.1. Services Water Use Efficiency,Netherlands (Kingdom of the),2018,301.321665012,US$/m3,E,False
Water use,Pressure on water resources,SDG 6.4.1. Services Water Use Efficiency,Netherlands (Kingdom of the),2019,306.002054137,US$/m3,E,False
Water use,Pressure on water resources,SDG 6.4.1. Services Water Use Efficiency,Netherlands (Kingdom of the),2020,279.305285095,US$/m3,E,False
Water use,Pressure on water resources,SDG 6.4.1. Services Water Use Efficiency,Netherlands (Kingdom of the),2021,292.16007863,US$/m3,E,False
Water use,Pressure on water resources,SDG 6.4.1. Services Water Use Efficiency,New Zealand,2018,281.111986022,US$/m3,E,False
Water use,Pressure on water resources,SDG 6.4.1. Services Water Use Efficiency,New Zealand,2019,281.782060359,US$/m3,E,False
Water use,Pressure on water resources,SDG 6.4.1. Services Water Use Efficiency,New Zealand,2020,280.453595134,US$/m3,E,False
Water use,Pressure on water resources,SDG 6.4.1. Services Water Use Efficiency,New Zealand,2021,291.321632489,US$/m3,E,False
Water use,Pressure on water resources,SDG 6.4.1. Services Water Use Efficiency,Nicaragua,2018,36.891687526,US$/m3,E,False
Water use,Pressure on water resources,SDG 6.4.1. Services Water Use Efficiency,Nicaragua,2019,36.753380583,US$/m3,E,False
Water use,Pressure on water resources,SDG 6.4.1. Services Water Use Efficiency,Nicaragua,2020,34.937240918,US$/m3,E,False
Water use,Pressure on water resources,SDG 6.4.1. Services Water Use Efficiency,Nicaragua,2021,36.636805502,US$/m3,E,False
Water use,Pressure on water resources,SDG 6.4.1. Services Water Use Efficiency,Niger,2018,23.804408683,US$/m3,E,False
Water use,Pressure on water resources,SDG 6.4.1. Services Water Use Efficiency,Niger,2019,24.196567514,US$/m3,E,False
Water use,Pressure on water resources,SDG 6.4.1. Services Water Use Efficiency,Niger,2020,24.676798821,US$/m3,E,False
Water use,Pressure on water resources,SDG 6.4.1. Services Water Use Efficiency,Niger,2021,25.71136445,US$/m3,E,False
Water use,Pressure on water resources,SDG 6.4.1. Services Water Use Efficiency,Nigeria,2018,52.84957193,US$/m3,E,False
Water use,Pressure on water resources,SDG 6.4.1. Services Water Use Efficiency,Nigeria,2019,51.757104625,US$/m3,E,False
Water use,Pressure on water resources,SDG 6.4.1. Services Water Use Efficiency,Nigeria,2020,47.530080709,US$/m3,E,False
Water use,Pressure on water resources,SDG 6.4.1. Services Water Use Efficiency,Nigeria,2021,46.879495344,US$/m3,E,False
Water use,Pressure on water resources,SDG 6.4.1. Services Water Use Efficiency,North Macedonia,2018,20.431186253,US$/m3,E,False
Water use,Pressure on water resources,SDG 6.4.1. Services Water Use Efficiency,North Macedonia,2019,23.661413758,US$/m3,E,False
Water use,Pressure on water resources,SDG 6.4.1. Services Water Use Efficiency,North Macedonia,2020,26.038787173,US$/m3,E,False
Water use,Pressure on water resources,SDG 6.4.1. Services Water Use Efficiency,North Macedonia,2021,29.913334537,US$/m3,E,False
Water use,Pressure on water resources,SDG 6.4.1. Services Water Use Efficiency,Norway,2018,303.839631003,US$/m3,E,False
Water use,Pressure on water resources,SDG 6.4.1. Services Water Use Efficiency,Norway,2019,320.644797791,US$/m3,E,False
Water use,Pressure on water resources,SDG 6.4.1. Services Water Use Efficiency,Norway,2020,328.951454789,US$/m3,E,False
Water use,Pressure on water resources,SDG 6.4.1. Services Water Use Efficiency,Norway,2021,322.104108797,US$/m3,E,False
Water use,Pressure on water resources,SDG 6.4.1. Services Water Use Efficiency,Oman,2018,321.575832739,US$/m3,E,False
Water use,Pressure on water resources,SDG 6.4.1. Services Water Use Efficiency,Oman,2019,337.986122895,US$/m3,E,False
Water use,Pressure on water resources,SDG 6.4.1. Services Water Use Efficiency,Oman,2020,356.602632616,US$/m3,E,False
Water use,Pressure on water resources,SDG 6.4.1. Services Water Use Efficiency,Oman,2021,338.606362741,US$/m3,E,False
Water use,Pressure on water resources,SDG 6.4.1. Services Water Use Efficiency,Pakistan,2018,19.845020997,US$/m3,E,False
Water use,Pressure on water resources,SDG 6.4.1. Services Water Use Efficiency,Pakistan,2019,20.641541386,US$/m3,E,False
Water use,Pressure on water resources,SDG 6.4.1. Services Water Use Efficiency,Pakistan,2020,20.517661143,US$/m3,E,False
Water use,Pressure on water resources,SDG 6.4.1. Services Water Use Efficiency,Pakistan,2021,21.301787146,US$/m3,E,False
Water use,Pressure on water resources,SDG 6.4.1. Services Water Use Efficiency,Palestine,2018,31.915254109,US$/m3,E,False
Water use,Pressure on water resources,SDG 6.4.1. Services Water Use Efficiency,Palestine,2019,51.77847606,US$/m3,E,False
Water use,Pressure on water resources,SDG 6.4.1. Services Water Use Efficiency,Palestine,2020,43.826813238,US$/m3,E,False
Water use,Pressure on water resources,SDG 6.4.1. Services Water Use Efficiency,Palestine,2021,37.522378105,US$/m3,E,False
Water use,Pressure on water resources,SDG 6.4.1. Services Water Use Efficiency,Panama,2018,54.538355538,US$/m3,E,False
Water use,Pressure on water resources,SDG 6.4.1. Services Water Use Efficiency,Panama,2019,55.94755864,US$/m3,E,False
Water use,Pressure on water resources,SDG 6.4.1. Services Water Use Efficiency,Panama,2020,49.97631994,US$/m3,E,False
Water use,Pressure on water resources,SDG 6.4.1. Services Water Use Efficiency,Panama,2021,54.285427065,US$/m3,E,False
Water use,Pressure on water resources,SDG 6.4.1. Services Water Use Efficiency,Papua New Guinea,2018,45.141023764,US$/m3,E,False
Water use,Pressure on water resources,SDG 6.4.1. Services Water Use Efficiency,Papua New Guinea,2019,47.385531627,US$/m3,E,False
Water use,Pressure on water resources,SDG 6.4.1. Services Water Use Efficiency,Papua New Guinea,2020,48.32363956,US$/m3,E,False
Water use,Pressure on water resources,SDG 6.4.1. Services Water Use Efficiency,Papua New Guinea,2021,46.735116514,US$/m3,E,False
Water use,Pressure on water resources,SDG 6.4.1. Services Water Use Efficiency,Paraguay,2018,64.481915459,US$/m3,E,False
Water use,Pressure on water resources,SDG 6.4.1. Services Water Use Efficiency,Paraguay,2019,64.834497541,US$/m3,E,False
Water use,Pressure on water resources,SDG 6.4.1. Services Water Use Efficiency,Paraguay,2020,62.698031656,US$/m3,E,False
Water use,Pressure on water resources,SDG 6.4.1. Services Water Use Efficiency,Paraguay,2021,63.820694935,US$/m3,E,False
Water use,Pressure on water resources,SDG 6.4.1. Services Water Use Efficiency,Peru,2018,62.358708988,US$/m3,E,False
Water use,Pressure on water resources,SDG 6.4.1. Services Water Use Efficiency,Peru,2019,54.720343868,US$/m3,E,False
Water use,Pressure on water resources,SDG 6.4.1. Services Water Use Efficiency,Peru,2020,48.877859591,US$/m3,E,False
Water use,Pressure on water resources,SDG 6.4.1. Services Water Use Efficiency,Peru,2021,50.170759402,US$/m3,E,False
Water use,Pressure on water resources,SDG 6.4.1. Services Water Use Efficiency,Philippines,2018,29.324573128,US$/m3,E,False
Water use,Pressure on water resources,SDG 6.4.1. Services Water Use Efficiency,Philippines,2019,30.520490222,US$/m3,E,False
Water use,Pressure on water resources,SDG 6.4.1. Services Water Use Efficiency,Philippines,2020,25.841548417,US$/m3,E,False
Water use,Pressure on water resources,SDG 6.4.1. Services Water Use Efficiency,Philippines,2021,26.563962356,US$/m3,E,False
Water use,Pressure on water resources,SDG 6.4.1. Services Water Use Efficiency,Poland,2018,154.516955097,US$/m3,E,False
Water use,Pressure on water resources,SDG 6.4.1. Services Water Use Efficiency,Poland,2019,164.300036683,US$/m3,E,False
Water use,Pressure on water resources,SDG 6.4.1. Services Water Use Efficiency,Poland,2020,174.367987514,US$/m3,E,False
Water use,Pressure on water resources,SDG 6.4.1. Services Water Use Efficiency,Poland,2021,173.142395492,US$/m3,E,False
Water use,Pressure on water resources,SDG 6.4.1. Services Water Use Efficiency,Portugal,2018,167.197158715,US$/m3,E,False
Water use,Pressure on water resources,SDG 6.4.1. Services Water Use Efficiency,Portugal,2019,172.340908642,US$/m3,E,False
Water use,Pressure on water resources,SDG 6.4.1. Services Water Use Efficiency,Portugal,2020,158.0749822,US$/m3,E,False
Water use,Pressure on water resources,SDG 6.4.1. Services Water Use Efficiency,Portugal,2021,164.329688493,US$/m3,E,False
Water use,Pressure on water resources,SDG 6.4.1. Services Water Use Efficiency,Puerto Rico,2018,60.791453975,US$/m3,E,False
Water use,Pressure on water resources,SDG 6.4.1. Services Water Use Efficiency,Puerto Rico,2019,60.461431332,US$/m3,E,False
Water use,Pressure on water resources,SDG 6.4.1. Services Water Use Efficiency,Puerto Rico,2020,58.170243879,US$/m3,E,False
Water use,Pressure on water resources,SDG 6.4.1. Services Water Use Efficiency,Puerto Rico,2021,58.916221677,US$/m3,E,False
Water use,Pressure on water resources,SDG 6.4.1. Services Water Use Efficiency,Qatar,2018,180.495613088,US$/m3,E,False
Water use,Pressure on water resources,SDG 6.4.1. Services Water Use Efficiency,Qatar,2019,151.704714711,US$/m3,E,False
Water use,Pressure on water resources,SDG 6.4.1. Services Water Use Efficiency,Qatar,2020,166.478369134,US$/m3,E,False
Water use,Pressure on water resources,SDG 6.4.1. Services Water Use Efficiency,Qatar,2021,128.521279676,US$/m3,E,False
Water use,Pressure on water resources,SDG 6.4.1. Services Water Use Efficiency,Republic of Korea,2018,138.158514403,US$/m3,E,False
Water use,Pressure on water resources,SDG 6.4.1. Services Water Use Efficiency,Republic of Korea,2019,145.192873708,US$/m3,E,False
Water use,Pressure on water resources,SDG 6.4.1. Services Water Use Efficiency,Republic of Korea,2020,144.359139359,US$/m3,E,False
Water use,Pressure on water resources,SDG 6.4.1. Services Water Use Efficiency,Republic of Korea,2021,149.050746424,US$/m3,E,False
Water use,Pressure on water resources,SDG 6.4.1. Services Water Use Efficiency,Republic of Moldova,2018,33.022338931,US$/m3,E,False
Water use,Pressure on water resources,SDG 6.4.1. Services Water Use Efficiency,Republic of Moldova,2019,34.120837543,US$/m3,E,False
Water use,Pressure on water resources,SDG 6.4.1. Services Water Use Efficiency,Republic of Moldova,2020,31.253743374,US$/m3,E,False
Water use,Pressure on water resources,SDG 6.4.1. Services Water Use Efficiency,Republic of Moldova,2021,35.006011638,US$/m3,E,False
Water use,Pressure on water resources,SDG 6.4.1. Services Water Use Efficiency,Romania,2018,116.543281508,US$/m3,E,False
Water use,Pressure on water resources,SDG 6.4.1. Services Water Use Efficiency,Romania,2019,116.306605664,US$/m3,E,False
Water use,Pressure on water resources,SDG 6.4.1. Services Water Use Efficiency,Romania,2020,123.260152752,US$/m3,E,False
Water use,Pressure on water resources,SDG 6.4.1. Services Water Use Efficiency,Romania,2021,109.380911336,US$/m3,E,False
Water use,Pressure on water resources,SDG 6.4.1. Services Water Use Efficiency,Russian Federation,2018,47.152798937,US$/m3,E,False
Water use,Pressure on water resources,SDG 6.4.1. Services Water Use Efficiency,Russian Federation,2019,48.755526336,US$/m3,E,False
Water use,Pressure on water resources,SDG 6.4.1. Services Water Use Efficiency,Russian Federation,2020,48.690137384,US$/m3,E,False
Water use,Pressure on water resources,SDG 6.4.1. Services Water Use Efficiency,Russian Federation,2021,48.546944174,US$/m3,E,False
Water use,Pressure on water resources,SDG 6.4.1. Services Water Use Efficiency,Rwanda,2018,23.931461197,US$/m3,E,False
Water use,Pressure on water resources,SDG 6.4.1. Services Water Use Efficiency,Rwanda,2019,24.596341673,US$/m3,E,False
Water use,Pressure on water resources,SDG 6.4.1. Services Water Use Efficiency,Rwanda,2020,22.606141994,US$/m3,E,False
Water use,Pressure on water resources,SDG 6.4.1. Services Water Use Efficiency,Rwanda,2021,25.58128938,US$/m3,E,False
Water use,Pressure on water resources,SDG 6.4.1. Services Water Use Efficiency,Saint Kitts and Nevis,2018,42.40911891,US$/m3,E,False
Water use,Pressure on water resources,SDG 6.4.1. Services Water Use Efficiency,Saint Kitts and Nevis,2019,43.758015527,US$/m3,E,False
Water use,Pressure on water resources,SDG 6.4.1. Services Water Use Efficiency,Saint Kitts and Nevis,2020,38.308867429,US$/m3,E,False
Water use,Pressure on water resources,SDG 6.4.1. Services Water Use Efficiency,Saint Kitts and Nevis,2021,38.33842049,US$/m3,E,False
Water use,Pressure on water resources,SDG 6.4.1. Services Water Use Efficiency,Saint Lucia,2018,124.767147124,US$/m3,E,False
Water use,Pressure on water resources,SDG 6.4.1. Services Water Use Efficiency,Saint Lucia,2019,124.349567114,US$/m3,E,False
Water use,Pressure on water resources,SDG 6.4.1. Services Water Use Efficiency,Saint Lucia,2020,96.179648453,US$/m3,E,False
Water use,Pressure on water resources,SDG 6.4.1. Services Water Use Efficiency,Saint Lucia,2021,103.85352095,US$/m3,E,False
Water use,Pressure on water resources,SDG 6.4.1. Services Water Use Efficiency,Saint Vincent and the Grenadines,2018,67.336593797,US$/m3,E,False
Water use,Pressure on water resources,SDG 6.4.1. Services Water Use Efficiency,Saint Vincent and the Grenadines,2019,68.766205495,US$/m3,E,False
Water use,Pressure on water resources,SDG 6.4.1. Services Water Use Efficiency,Saint Vincent and the Grenadines,2020,63.672166685,US$/m3,E,False
Water use,Pressure on water resources,SDG 6.4.1. Services Water Use Efficiency,Saint Vincent and the Grenadines,2021,65.292430998,US$/m3,E,False
Water use,Pressure on water resources,SDG 6.4.1. Services Water Use Efficiency,Sao Tome and Principe,2018,17.995622609,US$/m3,E,False
Water use,Pressure on water resources,SDG 6.4.1. Services Water Use Efficiency,Sao Tome and Principe,2019,18.415060488,US$/m3,E,False
Water use,Pressure on water resources,SDG 6.4.1. Services Water Use Efficiency,Sao Tome and Principe,2020,18.494765979,US$/m3,E,False
Water use,Pressure on water resources,SDG 6.4.1. Services Water Use Efficiency,Sao Tome and Principe,2021,19.152173807,US$/m3,E,False
Water use,Pressure on water resources,SDG 6.4.1. Services Water Use Efficiency,Saudi Arabia,2018,93.976029071,US$/m3,E,False
Water use,Pressure on water resources,SDG 6.4.1. Services Water Use Efficiency,Saudi Arabia,2019,99.793376243,US$/m3,E,False
Water use,Pressure on water resources,SDG 6.4.1. Services Water Use Efficiency,Saudi Arabia,2020,106.338401749,US$/m3,E,False
Water use,Pressure on water resources,SDG 6.4.1. Services Water Use Efficiency,Saudi Arabia,2021,95.16589232,US$/m3,E,False
Water use,Pressure on water resources,SDG 6.4.1. Services Water Use Efficiency,Senegal,2018,43.867059089,US$/m3,E,False
Water use,Pressure on water resources,SDG 6.4.1. Services Water Use Efficiency,Senegal,2019,45.762229841,US$/m3,E,False
Water use,Pressure on water resources,SDG 6.4.1. Services Water Use Efficiency,Senegal,2020,45.828537661,US$/m3,E,False
Water use,Pressure on water resources,SDG 6.4.1. Services Water Use Efficiency,Senegal,2021,48.314559433,US$/m3,E,False
Water use,Pressure on water resources,SDG 6.4.1. Services Water Use Efficiency,Serbia,2018,37.131142506,US$/m3,E,False
Water use,Pressure on water resources,SDG 6.4.1. Services Water Use Efficiency,Serbia,2019,37.849972937,US$/m3,E,False
Water use,Pressure on water resources,SDG 6.4.1. Services Water Use Efficiency,Serbia,2020,37.502523958,US$/m3,E,False
Water use,Pressure on water resources,SDG 6.4.1. Services Water Use Efficiency,Serbia,2021,39.370645635,US$/m3,E,False
Water use,Pressure on water resources,SDG 6.4.1. Services Water Use Efficiency,Seychelles,2018,119.395162337,US$/m3,E,False
Water use,Pressure on water resources,SDG 6.4.1. Services Water Use Efficiency,Seychelles,2019,128.37421049,US$/m3,E,False
Water use,Pressure on water resources,SDG 6.4.1. Services Water Use Efficiency,Seychelles,2020,113.703293356,US$/m3,E,False
Water use,Pressure on water resources,SDG 6.4.1. Services Water Use Efficiency,Seychelles,2021,120.760924234,US$/m3,E,False
Water use,Pressure on water resources,SDG 6.4.1. Services Water Use Efficiency,Sierra Leone,2018,14.208189333,US$/m3,E,False
Water use,Pressure on water resources,SDG 6.4.1. Services Water Use Efficiency,Sierra Leone,2019,15.18699293,US$/m3,E,False
Water use,Pressure on water resources,SDG 6.4.1. Services Water Use Efficiency,Sierra Leone,2020,14.08244456,US$/m3,E,False
Water use,Pressure on water resources,SDG 6.4.1. Services Water Use Efficiency,Sierra Leone,2021,15.290213267,US$/m3,E,False
Water use,Pressure on water resources,SDG 6.4.1. Services Water Use Efficiency,Singapore,2018,825.688189442,US$/m3,E,False
Water use,Pressure on water resources,SDG 6.4.1. Services Water Use Efficiency,Singapore,2019,842.845375762,US$/m3,E,False
Water use,Pressure on water resources,SDG 6.4.1. Services Water Use Efficiency,Singapore,2020,823.526289665,US$/m3,E,False
Water use,Pressure on water resources,SDG 6.4.1. Services Water Use Efficiency,Singapore,2021,857.21665039,US$/m3,E,False
Water use,Pressure on water resources,SDG 6.4.1. Services Water Use Efficiency,Slovakia,2018,202.210994437,US$/m3,E,False
Water use,Pressure on water resources,SDG 6.4.1. Services Water Use Efficiency,Slovakia,2019,209.552695044,US$/m3,E,False
Water use,Pressure on water resources,SDG 6.4.1. Services Water Use Efficiency,Slovakia,2020,208.176415695,US$/m3,E,False
Water use,Pressure on water resources,SDG 6.4.1. Services Water Use Efficiency,Slovakia,2021,205.233902702,US$/m3,E,False
Water use,Pressure on water resources,SDG 6.4.1. Services Water Use Efficiency,Slovenia,2018,168.692723306,US$/m3,E,False
Water use,Pressure on water resources,SDG 6.4.1. Services Water Use Efficiency,Slovenia,2019,175.385494635,US$/m3,E,False
Water use,Pressure on water resources,SDG 6.4.1. Services Water Use Efficiency,Slovenia,2020,170.550702517,US$/m3,E,False
Water use,Pressure on water resources,SDG 6.4.1. Services Water Use Efficiency,Slovenia,2021,182.42071521,US$/m3,E,False
Water use,Pressure on water resources,SDG 6.4.1. Services Water Use Efficiency,Somalia,2018,123.542269782,US$/m3,E,False
Water use,Pressure on water resources,SDG 6.4.1. Services Water Use Efficiency,Somalia,2019,126.822194111,US$/m3,E,False
Water use,Pressure on water resources,SDG 6.4.1. Services Water Use Efficiency,Somalia,2020,126.477953318,US$/m3,E,False
Water use,Pressure on water resources,SDG 6.4.1. Services Water Use Efficiency,Somalia,2021,130.202628249,US$/m3,E,False
Water use,Pressure on water resources,SDG 6.4.1. Services Water Use Efficiency,South Africa,2018,79.921965805,US$/m3,E,False
Water use,Pressure on water resources,SDG 6.4.1. Services Water Use Efficiency,South Africa,2019,76.375010933,US$/m3,E,False
Water use,Pressure on water resources,SDG 6.4.1. Services Water Use Efficiency,South Africa,2020,73.082596822,US$/m3,E,False
Water use,Pressure on water resources,SDG 6.4.1. Services Water Use Efficiency,South Africa,2021,67.951761265,US$/m3,E,False
Water use,Pressure on water resources,SDG 6.4.1. Services Water Use Efficiency,South Sudan,2018,13.794607246,US$/m3,E,False
Water use,Pressure on water resources,SDG 6.4.1. Services Water Use Efficiency,South Sudan,2019,15.424449348,US$/m3,E,False
Water use,Pressure on water resources,SDG 6.4.1. Services Water Use Efficiency,South Sudan,2020,18.281828866,US$/m3,E,False
Water use,Pressure on water resources,SDG 6.4.1. Services Water Use Efficiency,South Sudan,2021,14.678067071,US$/m3,E,False
Water use,Pressure on water resources,SDG 6.4.1. Services Water Use Efficiency,Spain,2018,205.216099101,US$/m3,E,False
Water use,Pressure on water resources,SDG 6.4.1. Services Water Use Efficiency,Spain,2019,208.578724985,US$/m3,E,False
Water use,Pressure on water resources,SDG 6.4.1. Services Water Use Efficiency,Spain,2020,184.266204453,US$/m3,E,False
Water use,Pressure on water resources,SDG 6.4.1. Services Water Use Efficiency,Spain,2021,192.704259404,US$/m3,E,False
Water use,Pressure on water resources,SDG 6.4.1. Services Water Use Efficiency,Sri Lanka,2018,65.287228908,US$/m3,E,False
Water use,Pressure on water resources,SDG 6.4.1. Services Water Use Efficiency,Sri Lanka,2019,67.904992013,US$/m3,E,False
Water use,Pressure on water resources,SDG 6.4.1. Services Water Use Efficiency,Sri Lanka,2020,66.782730663,US$/m3,E,False
Water use,Pressure on water resources,SDG 6.4.1. Services Water Use Efficiency,Sri Lanka,2021,66.710637765,US$/m3,E,False
Water use,Pressure on water resources,SDG 6.4.1. Services Water Use Efficiency,Sudan,2018,57.066074205,US$/m3,E,False
Water use,Pressure on water resources,SDG 6.4.1. Services Water Use Efficiency,Sudan,2019,58.228438939,US$/m3,E,False
Water use,Pressure on water resources,SDG 6.4.1. Services Water Use Efficiency,Sudan,2020,40.446709595,US$/m3,E,False
Water use,Pressure on water resources,SDG 6.4.1. Services Water Use Efficiency,Sudan,2021,97.408671709,US$/m3,E,False
Water use,Pressure on water resources,SDG 6.4.1. Services Water Use Efficiency,Suriname,2018,59.821092401,US$/m3,E,False
Water use,Pressure on water resources,SDG 6.4.1. Services Water Use Efficiency,Suriname,2019,61.092315398,US$/m3,E,False
Water use,Pressure on water resources,SDG 6.4.1. Services Water Use Efficiency,Suriname,2020,47.953838005,US$/m3,E,False
Water use,Pressure on water resources,SDG 6.4.1. Services Water Use Efficiency,Suriname,2021,46.063353679,US$/m3,E,False
Water use,Pressure on water resources,SDG 6.4.1. Services Water Use Efficiency,Sweden,2018,455.250218661,US$/m3,E,False
Water use,Pressure on water resources,SDG 6.4.1. Services Water Use Efficiency,Sweden,2019,499.613555722,US$/m3,E,False
Water use,Pressure on water resources,SDG 6.4.1. Services Water Use Efficiency,Sweden,2020,526.110651989,US$/m3,E,False
Water use,Pressure on water resources,SDG 6.4.1. Services Water Use Efficiency,Sweden,2021,548.872726612,US$/m3,E,False
Water use,Pressure on water resources,SDG 6.4.1. Services Water Use Efficiency,Switzerland,2018,571.526066847,US$/m3,E,False
Water use,Pressure on water resources,SDG 6.4.1. Services Water Use Efficiency,Switzerland,2019,600.456558989,US$/m3,E,False
Water use,Pressure on water resources,SDG 6.4.1. Services Water Use Efficiency,Switzerland,2020,578.157561019,US$/m3,E,False
Water use,Pressure on water resources,SDG 6.4.1. Services Water Use Efficiency,Switzerland,2021,611.428524802,US$/m3,E,False
Water use,Pressure on water resources,SDG 6.4.1. Services Water Use Efficiency,Syrian Arab Republic,2018,6.410394481,US$/m3,E,False
Water use,Pressure on water resources,SDG 6.4.1. Services Water Use Efficiency,Syrian Arab Republic,2019,6.649174976,US$/m3,E,False
Water use,Pressure on water resources,SDG 6.4.1. Services Water Use Efficiency,Syrian Arab Republic,2020,5.951132567,US$/m3,E,False
Water use,Pressure on water resources,SDG 6.4.1. Services Water Use Efficiency,Syrian Arab Republic,2021,5.778896597,US$/m3,E,False
Water use,Pressure on water resources,SDG 6.4.1. Services Water Use Efficiency,Tajikistan,2018,5.328550838,US$/m3,E,False
Water use,Pressure on water resources,SDG 6.4.1. Services Water Use Efficiency,Tajikistan,2019,4.997176883,US$/m3,E,False
Water use,Pressure on water resources,SDG 6.4.1. Services Water Use Efficiency,Tajikistan,2020,5.01108849,US$/m3,E,False
Water use,Pressure on water resources,SDG 6.4.1. Services Water Use Efficiency,Tajikistan,2021,6.031221093,US$/m3,E,False
Water use,Pressure on water resources,SDG 6.4.1. Services Water Use Efficiency,Thailand,2018,98.780875892,US$/m3,E,False
Water use,Pressure on water resources,SDG 6.4.1. Services Water Use Efficiency,Thailand,2019,103.094961732,US$/m3,E,False
Water use,Pressure on water resources,SDG 6.4.1. Services Water Use Efficiency,Thailand,2020,96.127389459,US$/m3,E,False
Water use,Pressure on water resources,SDG 6.4.1. Services Water Use Efficiency,Thailand,2021,95.366172688,US$/m3,E,False
Water use,Pressure on water resources,SDG 6.4.1. Services Water Use Efficiency,Timor-Leste,2018,10.733254324,US$/m3,E,False
Water use,Pressure on water resources,SDG 6.4.1. Services Water Use Efficiency,Timor-Leste,2019,10.543674464,US$/m3,E,False
Water use,Pressure on water resources,SDG 6.4.1. Services Water Use Efficiency,Timor-Leste,2020,11.676984376,US$/m3,E,False
Water use,Pressure on water resources,SDG 6.4.1. Services Water Use Efficiency,Timor-Leste,2021,12.805653018,US$/m3,E,False
Water use,Pressure on water resources,SDG 6.4.1. Services Water Use Efficiency,Togo,2018,25.661023264,US$/m3,E,False
Water use,Pressure on water resources,SDG 6.4.1. Services Water Use Efficiency,Togo,2019,27.080405929,US$/m3,E,False
Water use,Pressure on water resources,SDG 6.4.1. Services Water Use Efficiency,Togo,2020,27.555065008,US$/m3,E,False
Water use,Pressure on water resources,SDG 6.4.1. Services Water Use Efficiency,Togo,2021,28.986597433,US$/m3,E,False
Water use,Pressure on water resources,SDG 6.4.1. Services Water Use Efficiency,Trinidad and Tobago,2018,60.266652753,US$/m3,E,False
Water use,Pressure on water resources,SDG 6.4.1. Services Water Use Efficiency,Trinidad and Tobago,2019,63.222615701,US$/m3,E,False
Water use,Pressure on water resources,SDG 6.4.1. Services Water Use Efficiency,Trinidad and Tobago,2020,61.728166825,US$/m3,E,False
Water use,Pressure on water resources,SDG 6.4.1. Services Water Use Efficiency,Trinidad and Tobago,2021,52.745864633,US$/m3,E,False
Water use,Pressure on water resources,SDG 6.4.1. Services Water Use Efficiency,Tunisia,2018,35.523982503,US$/m3,E,False
Water use,Pressure on water resources,SDG 6.4.1. Services Water Use Efficiency,Tunisia,2019,37.527695708,US$/m3,E,False
Water use,Pressure on water resources,SDG 6.4.1. Services Water Use Efficiency,Tunisia,2020,35.761416838,US$/m3,E,False
Water use,Pressure on water resources,SDG 6.4.1. Services Water Use Efficiency,Tunisia,2021,37.365792123,US$/m3,E,False
Water use,Pressure on water resources,SDG 6.4.1. Services Water Use Efficiency,Turkmenistan,2018,22.313752693,US$/m3,E,False
Water use,Pressure on water resources,SDG 6.4.1. Services Water Use Efficiency,Turkmenistan,2019,28.818427834,US$/m3,E,False
Water use,Pressure on water resources,SDG 6.4.1. Services Water Use Efficiency,Turkmenistan,2020,33.696609999,US$/m3,E,False
Water use,Pressure on water resources,SDG 6.4.1. Services Water Use Efficiency,Turkmenistan,2021,36.113786121,US$/m3,E,False
Water use,Pressure on water resources,SDG 6.4.1. Services Water Use Efficiency,Türkiye,2018,85.127317259,US$/m3,E,False
Water use,Pressure on water resources,SDG 6.4.1. Services Water Use Efficiency,Türkiye,2019,86.848789407,US$/m3,E,False
Water use,Pressure on water resources,SDG 6.4.1. Services Water Use Efficiency,Türkiye,2020,83.328247853,US$/m3,E,False
Water use,Pressure on water resources,SDG 6.4.1. Services Water Use Efficiency,Türkiye,2021,90.475919587,US$/m3,E,False
Water use,Pressure on water resources,SDG 6.4.1. Services Water Use Efficiency,Uganda,2018,47.581349188,US$/m3,E,False
Water use,Pressure on water resources,SDG 6.4.1. Services Water Use Efficiency,Uganda,2019,51.137482585,US$/m3,E,False
Water use,Pressure on water resources,SDG 6.4.1. Services Water Use Efficiency,Uganda,2020,49.255005405,US$/m3,E,False
Water use,Pressure on water resources,SDG 6.4.1. Services Water Use Efficiency,Uganda,2021,52.914947117,US$/m3,E,False
Water use,Pressure on water resources,SDG 6.4.1. Services Water Use Efficiency,Ukraine,2018,22.003064146,US$/m3,E,False
Water use,Pressure on water resources,SDG 6.4.1. Services Water Use Efficiency,Ukraine,2019,24.519481235,US$/m3,E,False
Water use,Pressure on water resources,SDG 6.4.1. Services Water Use Efficiency,Ukraine,2020,20.929128553,US$/m3,E,False
Water use,Pressure on water resources,SDG 6.4.1. Services Water Use Efficiency,Ukraine,2021,20.335254844,US$/m3,E,False
Water use,Pressure on water resources,SDG 6.4.1. Services Water Use Efficiency,United Arab Emirates,2018,81.635346576,US$/m3,E,False
Water use,Pressure on water resources,SDG 6.4.1. Services Water Use Efficiency,United Arab Emirates,2019,88.788107999,US$/m3,E,False
Water use,Pressure on water resources,SDG 6.4.1. Services Water Use Efficiency,United Arab Emirates,2020,88.753705212,US$/m3,E,False
Water use,Pressure on water resources,SDG 6.4.1. Services Water Use Efficiency,United Arab Emirates,2021,84.775014613,US$/m3,E,False
Water use,Pressure on water resources,SDG 6.4.1. Services Water Use Efficiency,United Kingdom of Great Britain and Northern Ireland,2018,367.299028375,US$/m3,E,False
Water use,Pressure on water resources,SDG 6.4.1. Services Water Use Efficiency,United Kingdom of Great Britain and Northern Ireland,2019,374.660228969,US$/m3,E,False
Water use,Pressure on water resources,SDG 6.4.1. Services Water Use Efficiency,United Kingdom of Great Britain and Northern Ireland,2020,339.698835498,US$/m3,E,False
Water use,Pressure on water resources,SDG 6.4.1. Services Water Use Efficiency,United Kingdom of Great Britain and Northern Ireland,2021,360.161670996,US$/m3,E,False
Water use,Pressure on water resources,SDG 6.4.1. Services Water Use Efficiency,United Republic of Tanzania,2018,43.18139025,US$/m3,E,False
Water use,Pressure on water resources,SDG 6.4.1. Services Water Use Efficiency,United Republic of Tanzania,2019,45.720682737,US$/m3,E,False
Water use,Pressure on water resources,SDG 6.4.1. Services Water Use Efficiency,United Republic of Tanzania,2020,47.44976892,US$/m3,E,False
Water use,Pressure on water resources,SDG 6.4.1. Services Water Use Efficiency,United Republic of Tanzania,2021,49.766569662,US$/m3,E,False
Water use,Pressure on water resources,SDG 6.4.1. Services Water Use Efficiency,United States of America,2018,273.879379338,US$/m3,E,False
Water use,Pressure on water resources,SDG 6.4.1. Services Water Use Efficiency,United States of America,2019,281.746621049,US$/m3,E,False
Water use,Pressure on water resources,SDG 6.4.1. Services Water Use Efficiency,United States of America,2020,276.719795526,US$/m3,E,False
Water use,Pressure on water resources,SDG 6.4.1. Services Water Use Efficiency,United States of America,2021,291.533153292,US$/m3,E,False
Water use,Pressure on water resources,SDG 6.4.1. Services Water Use Efficiency,Uruguay,2018,98.491313746,US$/m3,E,False
Water use,Pressure on water resources,SDG 6.4.1. Services Water Use Efficiency,Uruguay,2019,98.307909005,US$/m3,E,False
Water use,Pressure on water resources,SDG 6.4.1. Services Water Use Efficiency,Uruguay,2020,90.60743794,US$/m3,E,False
Water use,Pressure on water resources,SDG 6.4.1. Services Water Use Efficiency,Uruguay,2021,95.125922301,US$/m3,E,False
Water use,Pressure on water resources,SDG 6.4.1. Services Water Use Efficiency,Uzbekistan,2018,16.172199217,US$/m3,E,False
Water use,Pressure on water resources,SDG 6.4.1. Services Water Use Efficiency,Uzbekistan,2019,18.015315093,US$/m3,E,False
Water use,Pressure on water resources,SDG 6.4.1. Services Water Use Efficiency,Uzbekistan,2020,19.501872696,US$/m3,E,False
Water use,Pressure on water resources,SDG 6.4.1. Services Water Use Efficiency,Uzbekistan,2021,21.808648953,US$/m3,E,False
Water use,Pressure on water resources,SDG 6.4.1. Services Water Use Efficiency,Venezuela (Bolivarian Republic of),2018,16.353026723,US$/m3,E,False
Water use,Pressure on water resources,SDG 6.4.1. Services Water Use Efficiency,Venezuela (Bolivarian Republic of),2019,9.199277603,US$/m3,E,False
Water use,Pressure on water resources,SDG 6.4.1. Services Water Use Efficiency,Venezuela (Bolivarian Republic of),2020,8.478815295,US$/m3,E,False
Water use,Pressure on water resources,SDG 6.4.1. Services Water Use Efficiency,Venezuela (Bolivarian Republic of),2021,8.453478778,US$/m3,E,False
Water use,Pressure on water resources,SDG 6.4.1. Services Water Use Efficiency,Viet Nam,2018,113.543436014,US$/m3,E,False
Water use,Pressure on water resources,SDG 6.4.1. Services Water Use Efficiency,Viet Nam,2019,123.992475948,US$/m3,E,False
Water use,Pressure on water resources,SDG 6.4.1. Services Water Use Efficiency,Viet Nam,2020,126.684676634,US$/m3,E,False
Water use,Pressure on water resources,SDG 6.4.1. Services Water Use Efficiency,Viet Nam,2021,131.41153453,US$/m3,E,False
Water use,Pressure on water resources,SDG 6.4.1. Services Water Use Efficiency,Yemen,2018,42.555857974,US$/m3,E,False
Water use,Pressure on water resources,SDG 6.4.1. Services Water Use Efficiency,Yemen,2019,42.516514965,US$/m3,E,False
Water use,Pressure on water resources,SDG 6.4.1. Services Water Use Efficiency,Yemen,2020,43.213041794,US$/m3,E,False
Water use,Pressure on water resources,SDG 6.4.1. Services Water Use Efficiency,Yemen,2021,42.876881971,US$/m3,E,False
Water use,Pressure on water resources,SDG 6.4.1. Services Water Use Efficiency,Zambia,2018,46.166597501,US$/m3,E,False
Water use,Pressure on water resources,SDG 6.4.1. Services Water Use Efficiency,Zambia,2019,46.945827013,US$/m3,E,False
Water use,Pressure on water resources,SDG 6.4.1. Services Water Use Efficiency,Zambia,2020,44.536577922,US$/m3,E,False
Water use,Pressure on water resources,SDG 6.4.1. Services Water Use Efficiency,Zambia,2021,42.822402918,US$/m3,E,False
Water use,Pressure on water resources,SDG 6.4.1. Services Water Use Efficiency,Zimbabwe,2018,21.245329004,US$/m3,E,False
Water use,Pressure on water resources,SDG 6.4.1. Services Water Use Efficiency,Zimbabwe,2019,20.555566098,US$/m3,E,False
Water use,Pressure on water resources,SDG 6.4.1. Services Water Use Efficiency,Zimbabwe,2020,19.999285903,US$/m3,E,False
Water use,Pressure on water resources,SDG 6.4.1. Services Water Use Efficiency,Zimbabwe,2021,22.534399643,US$/m3,E,False
Water use,Pressure on water resources,SDG 6.4.1. Water Use Efficiency,Afghanistan,2018,0.800751183,US$/m3,I,False
Water use,Pressure on water resources,SDG 6.4.1. Water Use Efficiency,Afghanistan,2019,0.815189052,US$/m3,I,False
Water use,Pressure on water resources,SDG 6.4.1. Water Use Efficiency,Afghanistan,2020,0.792620091,US$/m3,I,False
Water use,Pressure on water resources,SDG 6.4.1. Water Use Efficiency,Afghanistan,2021,0.599678593,US$/m3,I,False
Water use,Pressure on water resources,SDG 6.4.1. Water Use Efficiency,Albania,2018,10.071713509,US$/m3,I,False
Water use,Pressure on water resources,SDG 6.4.1. Water Use Efficiency,Albania,2019,8.71664116,US$/m3,I,False
Water use,Pressure on water resources,SDG 6.4.1. Water Use Efficiency,Albania,2020,12.088882206,US$/m3,I,False
Water use,Pressure on water resources,SDG 6.4.1. Water Use Efficiency,Albania,2021,13.075202009,US$/m3,I,False
Water use,Pressure on water resources,SDG 6.4.1. Water Use Efficiency,Algeria,2018,14.748072586,US$/m3,E,False
Water use,Pressure on water resources,SDG 6.4.1. Water Use Efficiency,Algeria,2019,14.772620122,US$/m3,E,False
Water use,Pressure on water resources,SDG 6.4.1. Water Use Efficiency,Algeria,2020,13.885498178,US$/m3,E,False
Water use,Pressure on water resources,SDG 6.4.1. Water Use Efficiency,Algeria,2021,14.555892852,US$/m3,E,False
Water use,Pressure on water resources,SDG 6.4.1. Water Use Efficiency,Angola,2018,143.092524846,US$/m3,I,False
Water use,Pressure on water resources,SDG 6.4.1. Water Use Efficiency,Angola,2019,143.244234069,US$/m3,I,False
Water use,Pressure on water resources,SDG 6.4.1. Water Use Efficiency,Angola,2020,124.354186492,US$/m3,I,False
Water use,Pressure on water resources,SDG 6.4.1. Water Use Efficiency,Angola,2021,118.83937295,US$/m3,I,False
Water use,Pressure on water resources,SDG 6.4.1. Water Use Efficiency,Antigua and Barbuda,2018,117.821519672,US$/m3,I,False
Water use,Pressure on water resources,SDG 6.4.1. Water Use Efficiency,Antigua and Barbuda,2019,125.097586056,US$/m3,I,False
Water use,Pressure on water resources,SDG 6.4.1. Water Use Efficiency,Antigua and Barbuda,2020,98.083325414,US$/m3,I,False
Water use,Pressure on water resources,SDG 6.4.1. Water Use Efficiency,Antigua and Barbuda,2021,99.072483288,US$/m3,I,False
Water use,Pressure on water resources,SDG 6.4.1. Water Use Efficiency,Argentina,2018,13.085469838,US$/m3,I,False
Water use,Pressure on water resources,SDG 6.4.1. Water Use Efficiency,Argentina,2019,12.739220828,US$/m3,I,False
Water use,Pressure on water resources,SDG 6.4.1. Water Use Efficiency,Argentina,2020,11.326557158,US$/m3,I,False
Water use,Pressure on water resources,SDG 6.4.1. Water Use Efficiency,Argentina,2021,12.63973464,US$/m3,I,False
Water use,Pressure on water resources,SDG 6.4.1. Water Use Efficiency,Armenia,2018,3.56686753,US$/m3,E,False
Water use,Pressure on water resources,SDG 6.4.1. Water Use Efficiency,Armenia,2019,3.680547944,US$/m3,E,False
Water use,Pressure on water resources,SDG 6.4.1. Water Use Efficiency,Armenia,2020,3.509336754,US$/m3,E,False
Water use,Pressure on water resources,SDG 6.4.1. Water Use Efficiency,Armenia,2021,3.512827118,US$/m3,E,False
Water use,Pressure on water resources,SDG 6.4.1. Water Use Efficiency,Australia,2018,68.700892852,US$/m3,E,False
Water use,Pressure on water resources,SDG 6.4.1. Water Use Efficiency,Australia,2019,78.50542005,US$/m3,E,False
Water use,Pressure on water resources,SDG 6.4.1. Water Use Efficiency,Australia,2020,91.747984834,US$/m3,E,False
Water use,Pressure on water resources,SDG 6.4.1. Water Use Efficiency,Australia,2021,77.7342274,US$/m3,E,False
Water use,Pressure on water resources,SDG 6.4.1. Water Use Efficiency,Austria,2018,113.60813053,US$/m3,I,False
Water use,Pressure on water resources,SDG 6.4.1. Water Use Efficiency,Austria,2019,116.520232505,US$/m3,I,False
Water use,Pressure on water resources,SDG 6.4.1. Water Use Efficiency,Austria,2020,109.437413226,US$/m3,I,False
Water use,Pressure on water resources,SDG 6.4.1. Water Use Efficiency,Austria,2021,113.891788085,US$/m3,I,False
Water use,Pressure on water resources,SDG 6.4.1. Water Use Efficiency,Azerbaijan,2018,3.901106944,US$/m3,E,False
Water use,Pressure on water resources,SDG 6.4.1. Water Use Efficiency,Azerbaijan,2019,3.805089174,US$/m3,E,False
Water use,Pressure on water resources,SDG 6.4.1. Water Use Efficiency,Azerbaijan,2020,3.707590047,US$/m3,E,False
Water use,Pressure on water resources,SDG 6.4.1. Water Use Efficiency,Azerbaijan,2021,3.737187055,US$/m3,E,False
Water use,Pressure on water resources,SDG 6.4.1. Water Use Efficiency,Bahrain,2018,77.977679877,US$/m3,I,False
Water use,Pressure on water resources,SDG 6.4.1. Water Use Efficiency,Bahrain,2019,78.216085842,US$/m3,I,False
Water use,Pressure on water resources,SDG 6.4.1. Water Use Efficiency,Bahrain,2020,74.353061797,US$/m3,I,False
Water use,Pressure on water resources,SDG 6.4.1. Water Use Efficiency,Bahrain,2021,76.473232445,US$/m3,I,False
Water use,Pressure on water resources,SDG 6.4.1. Water Use Efficiency,Bangladesh,2018,7.368462493,US$/m3,I,False
Water use,Pressure on water resources,SDG 6.4.1. Water Use Efficiency,Bangladesh,2019,7.986628496,US$/m3,I,False
Water use,Pressure on water resources,SDG 6.4.1. Water Use Efficiency,Bangladesh,2020,8.327728631,US$/m3,I,False
Water use,Pressure on water resources,SDG 6.4.1. Water Use Efficiency,Bangladesh,2021,8.896911228,US$/m3,I,False
Water use,Pressure on water resources,SDG 6.4.1. Water Use Efficiency,Barbados,2018,50.82600298,US$/m3,I,False
Water use,Pressure on water resources,SDG 6.4.1. Water Use Efficiency,Barbados,2019,51.007989508,US$/m3,I,False
Water use,Pressure on water resources,SDG 6.4.1. Water Use Efficiency,Barbados,2020,44.780558878,US$/m3,I,False
Water use,Pressure on water resources,SDG 6.4.1. Water Use Efficiency,Barbados,2021,43.826763897,US$/m3,I,False
Water use,Pressure on water resources,SDG 6.4.1. Water Use Efficiency,Belarus,2018,33.136172311,US$/m3,E,False
Water use,Pressure on water resources,SDG 6.4.1. Water Use Efficiency,Belarus,2019,34.898467799,US$/m3,E,False
Water use,Pressure on water resources,SDG 6.4.1. Water Use Efficiency,Belarus,2020,35.511374377,US$/m3,E,False
Water use,Pressure on water resources,SDG 6.4.1. Water Use Efficiency,Belarus,2021,33.90457135,US$/m3,E,False
Water use,Pressure on water resources,SDG 6.4.1. Water Use Efficiency,Belgium,2018,102.562201239,US$/m3,I,False
Water use,Pressure on water resources,SDG 6.4.1. Water Use Efficiency,Belgium,2019,107.022451082,US$/m3,I,False
Water use,Pressure on water resources,SDG 6.4.1. Water Use Efficiency,Belgium,2020,94.303254138,US$/m3,I,False
Water use,Pressure on water resources,SDG 6.4.1. Water Use Efficiency,Belgium,2021,99.420096715,US$/m3,I,False
Water use,Pressure on water resources,SDG 6.4.1. Water Use Efficiency,Belize,2018,17.025948762,US$/m3,I,False
Water use,Pressure on water resources,SDG 6.4.1. Water Use Efficiency,Belize,2019,17.931412691,US$/m3,I,False
Water use,Pressure on water resources,SDG 6.4.1. Water Use Efficiency,Belize,2020,15.443267854,US$/m3,I,False
Water use,Pressure on water resources,SDG 6.4.1. Water Use Efficiency,Belize,2021,17.952668156,US$/m3,I,False
Water use,Pressure on water resources,SDG 6.4.1. Water Use Efficiency,Benin,2018,36.107668358,US$/m3,I,False
Water use,Pressure on water resources,SDG 6.4.1. Water Use Efficiency,Benin,2019,39.122798995,US$/m3,I,False
Water use,Pressure on water resources,SDG 6.4.1. Water Use Efficiency,Benin,2020,40.534768266,US$/m3,I,False
Water use,Pressure on water resources,SDG 6.4.1. Water Use Efficiency,Benin,2021,42.208075418,US$/m3,I,False
Water use,Pressure on water resources,SDG 6.4.1. Water Use Efficiency,Bhutan,2018,5.738084997,US$/m3,I,False
Water use,Pressure on water resources,SDG 6.4.1. Water Use Efficiency,Bhutan,2019,6.166020292,US$/m3,I,False
Water use,Pressure on water resources,SDG 6.4.1. Water Use Efficiency,Bhutan,2020,5.519223225,US$/m3,I,False
Water use,Pressure on water resources,SDG 6.4.1. Water Use Efficiency,Bhutan,2021,5.323417339,US$/m3,I,False
Water use,Pressure on water resources,SDG 6.4.1. Water Use Efficiency,Bolivia (Plurinational State of),2018,13.185523003,US$/m3,I,False
Water use,Pressure on water resources,SDG 6.4.1. Water Use Efficiency,Bolivia (Plurinational State of),2019,13.544265803,US$/m3,I,False
Water use,Pressure on water resources,SDG 6.4.1. Water Use Efficiency,Bolivia (Plurinational State of),2020,12.454435249,US$/m3,I,False
Water use,Pressure on water resources,SDG 6.4.1. Water Use Efficiency,Bolivia (Plurinational State of),2021,13.320639869,US$/m3,I,False
Water use,Pressure on water resources,SDG 6.4.1. Water Use Efficiency,Botswana,2018,71.944803034,US$/m3,E,False
Water use,Pressure on water resources,SDG 6.4.1. Water Use Efficiency,Botswana,2019,74.800731292,US$/m3,E,False
Water use,Pressure on water resources,SDG 6.4.1. Water Use Efficiency,Botswana,2020,62.185040826,US$/m3,E,False
Water use,Pressure on water resources,SDG 6.4.1. Water Use Efficiency,Botswana,2021,65.848367783,US$/m3,E,False
Water use,Pressure on water resources,SDG 6.4.1. Water Use Efficiency,Brazil,2018,22.239869455,US$/m3,E,False
Water use,Pressure on water resources,SDG 6.4.1. Water Use Efficiency,Brazil,2019,22.305874077,US$/m3,E,False
Water use,Pressure on water resources,SDG 6.4.1. Water Use Efficiency,Brazil,2020,21.786063262,US$/m3,E,False
Water use,Pressure on water resources,SDG 6.4.1. Water Use Efficiency,Brazil,2021,21.658031845,US$/m3,E,False
Water use,Pressure on water resources,SDG 6.4.1. Water Use Efficiency,Bulgaria,2018,8.489361918,US$/m3,E,False
Water use,Pressure on water resources,SDG 6.4.1. Water Use Efficiency,Bulgaria,2019,8.81953184,US$/m3,E,False
Water use,Pressure on water resources,SDG 6.4.1. Water Use Efficiency,Bulgaria,2020,9.064552858,US$/m3,E,False
Water use,Pressure on water resources,SDG 6.4.1. Water Use Efficiency,Bulgaria,2021,9.955620886,US$/m3,E,False
Water use,Pressure on water resources,SDG 6.4.1. Water Use Efficiency,Burkina Faso,2018,12.022854361,US$/m3,I,False
Water use,Pressure on water resources,SDG 6.4.1. Water Use Efficiency,Burkina Faso,2019,13.229589269,US$/m3,I,False
Water use,Pressure on water resources,SDG 6.4.1. Water Use Efficiency,Burkina Faso,2020,13.746356488,US$/m3,I,False
Water use,Pressure on water resources,SDG 6.4.1. Water Use Efficiency,Burkina Faso,2021,14.830800028,US$/m3,I,False
Water use,Pressure on water resources,SDG 6.4.1. Water Use Efficiency,Burundi,2018,6.712107802,US$/m3,I,False
Water use,Pressure on water resources,SDG 6.4.1. Water Use Efficiency,Burundi,2019,7.10659219,US$/m3,I,False
Water use,Pressure on water resources,SDG 6.4.1. Water Use Efficiency,Burundi,2020,6.847026554,US$/m3,I,False
Water use,Pressure on water resources,SDG 6.4.1. Water Use Efficiency,Burundi,2021,6.870450725,US$/m3,I,False
Water use,Pressure on water resources,SDG 6.4.1. Water Use Efficiency,Cabo Verde,2018,6.104531264,US$/m3,I,False
Water use,Pressure on water resources,SDG 6.4.1. Water Use Efficiency,Cabo Verde,2019,6.169506131,US$/m3,I,False
Water use,Pressure on water resources,SDG 6.4.1. Water Use Efficiency,Cabo Verde,2020,4.589827839,US$/m3,I,False
Water use,Pressure on water resources,SDG 6.4.1. Water Use Efficiency,Cabo Verde,2021,5.628532843,US$/m3,I,False
Water use,Pressure on water resources,SDG 6.4.1. Water Use Efficiency,Cambodia,2018,7.629315963,US$/m3,E,False
Water use,Pressure on water resources,SDG 6.4.1. Water Use Efficiency,Cambodia,2019,8.286573861,US$/m3,E,False
Water use,Pressure on water resources,SDG 6.4.1. Water Use Efficiency,Cambodia,2020,7.829125409,US$/m3,E,False
Water use,Pressure on water resources,SDG 6.4.1. Water Use Efficiency,Cambodia,2021,7.961558203,US$/m3,E,False
Water use,Pressure on water resources,SDG 6.4.1. Water Use Efficiency,Cameroon,2018,25.037685914,US$/m3,I,False
Water use,Pressure on water resources,SDG 6.4.1. Water Use Efficiency,Cameroon,2019,25.813854765,US$/m3,I,False
Water use,Pressure on water resources,SDG 6.4.1. Water Use Efficiency,Cameroon,2020,26.107672956,US$/m3,I,False
Water use,Pressure on water resources,SDG 6.4.1. Water Use Efficiency,Cameroon,2021,26.986557746,US$/m3,I,False
Water use,Pressure on water resources,SDG 6.4.1. Water Use Efficiency,Canada,2018,42.967078286,US$/m3,I,False
Water use,Pressure on water resources,SDG 6.4.1. Water Use Efficiency,Canada,2019,44.672221538,US$/m3,I,False
Water use,Pressure on water resources,SDG 6.4.1. Water Use Efficiency,Canada,2020,43.539833135,US$/m3,I,False
Water use,Pressure on water resources,SDG 6.4.1. Water Use Efficiency,Canada,2021,45.557452076,US$/m3,I,False
Water use,Pressure on water resources,SDG 6.4.1. Water Use Efficiency,Central African Republic,2018,16.88432616,US$/m3,E,False
Water use,Pressure on water resources,SDG 6.4.1. Water Use Efficiency,Central African Republic,2019,17.472621017,US$/m3,E,False
Water use,Pressure on water resources,SDG 6.4.1. Water Use Efficiency,Central African Republic,2020,17.592598179,US$/m3,E,False
Water use,Pressure on water resources,SDG 6.4.1. Water Use Efficiency,Central African Republic,2021,17.768107103,US$/m3,E,False
Water use,Pressure on water resources,SDG 6.4.1. Water Use Efficiency,Chad,2018,9.990615182,US$/m3,I,False
Water use,Pressure on water resources,SDG 6.4.1. Water Use Efficiency,Chad,2019,10.826675699,US$/m3,I,False
Water use,Pressure on water resources,SDG 6.4.1. Water Use Efficiency,Chad,2020,11.282874772,US$/m3,I,False
Water use,Pressure on water resources,SDG 6.4.1. Water Use Efficiency,Chad,2021,8.432580579,US$/m3,I,False
Water use,Pressure on water resources,SDG 6.4.1. Water Use Efficiency,Chile,2018,7.122660963,US$/m3,I,False
Water use,Pressure on water resources,SDG 6.4.1. Water Use Efficiency,Chile,2019,7.193429829,US$/m3,I,False
Water use,Pressure on water resources,SDG 6.4.1. Water Use Efficiency,Chile,2020,6.773903118,US$/m3,I,False
Water use,Pressure on water resources,SDG 6.4.1. Water Use Efficiency,Chile,2021,7.543699285,US$/m3,I,False
Water use,Pressure on water resources,SDG 6.4.1. Water Use Efficiency,China,2018,23.631790735,US$/m3,E,False
Water use,Pressure on water resources,SDG 6.4.1. Water Use Efficiency,China,2019,24.264493607,US$/m3,E,False
Water use,Pressure on water resources,SDG 6.4.1. Water Use Efficiency,China,2020,25.804044798,US$/m3,E,False
Water use,Pressure on water resources,SDG 6.4.1. Water Use Efficiency,China,2021,31.207074365,US$/m3,E,False
Water use,Pressure on water resources,SDG 6.4.1. Water Use Efficiency,Colombia,2018,9.781744598,US$/m3,I,False
Water use,Pressure on water resources,SDG 6.4.1. Water Use Efficiency,Colombia,2019,10.772284215,US$/m3,I,False
Water use,Pressure on water resources,SDG 6.4.1. Water Use Efficiency,Colombia,2020,9.744923921,US$/m3,I,False
Water use,Pressure on water resources,SDG 6.4.1. Water Use Efficiency,Colombia,2021,10.430003215,US$/m3,I,False
Water use,Pressure on water resources,SDG 6.4.1. Water Use Efficiency,Comoros,2018,67.730106969,US$/m3,I,False
Water use,Pressure on water resources,SDG 6.4.1. Water Use Efficiency,Comoros,2019,68.830387566,US$/m3,I,False
Water use,Pressure on water resources,SDG 6.4.1. Water Use Efficiency,Comoros,2020,70.04104926,US$/m3,I,False
Water use,Pressure on water resources,SDG 6.4.1. Water Use Efficiency,Comoros,2021,71.010734913,US$/m3,I,False
Water use,Pressure on water resources,SDG 6.4.1. Water Use Efficiency,Congo,2018,95.484151483,US$/m3,I,False
Water use,Pressure on water resources,SDG 6.4.1. Water Use Efficiency,Congo,2019,97.421476368,US$/m3,I,False
Water use,Pressure on water resources,SDG 6.4.1. Water Use Efficiency,Congo,2020,86.180921236,US$/m3,I,False
Water use,Pressure on water resources,SDG 6.4.1. Water Use Efficiency,Congo,2021,88.823664833,US$/m3,I,False
Water use,Pressure on water resources,SDG 6.4.1. Water Use Efficiency,Costa Rica,2018,18.462960486,US$/m3,E,False
Water use,Pressure on water resources,SDG 6.4.1. Water Use Efficiency,Costa Rica,2019,18.4238458,US$/m3,E,False
Water use,Pressure on water resources,SDG 6.4.1. Water Use Efficiency,Costa Rica,2020,17.716486946,US$/m3,E,False
Water use,Pressure on water resources,SDG 6.4.1. Water Use Efficiency,Costa Rica,2021,17.132755063,US$/m3,E,False
Water use,Pressure on water resources,SDG 6.4.1. Water Use Efficiency,Croatia,2018,44.662522256,US$/m3,I,False
Water use,Pressure on water resources,SDG 6.4.1. Water Use Efficiency,Croatia,2019,45.664860294,US$/m3,I,False
Water use,Pressure on water resources,SDG 6.4.1. Water Use Efficiency,Croatia,2020,41.759287602,US$/m3,I,False
Water use,Pressure on water resources,SDG 6.4.1. Water Use Efficiency,Croatia,2021,47.377031721,US$/m3,I,False
Water use,Pressure on water resources,SDG 6.4.1. Water Use Efficiency,Cuba,2018,12.599370226,US$/m3,I,False
Water use,Pressure on water resources,SDG 6.4.1. Water Use Efficiency,Cuba,2019,12.55318188,US$/m3,I,False
Water use,Pressure on water resources,SDG 6.4.1. Water Use Efficiency,Cuba,2020,11.337390533,US$/m3,I,False
Water use,Pressure on water resources,SDG 6.4.1. Water Use Efficiency,Cuba,2021,12.542221584,US$/m3,I,False
Water use,Pressure on water resources,SDG 6.4.1. Water Use Efficiency,Cyprus,2018,71.218332949,US$/m3,I,False
Water use,Pressure on water resources,SDG 6.4.1. Water Use Efficiency,Cyprus,2019,78.923679221,US$/m3,I,False
Water use,Pressure on water resources,SDG 6.4.1. Water Use Efficiency,Cyprus,2020,76.231795036,US$/m3,I,False
Water use,Pressure on water resources,SDG 6.4.1. Water Use Efficiency,Cyprus,2021,76.670046198,US$/m3,I,False
Water use,Pressure on water resources,SDG 6.4.1. Water Use Efficiency,Czechia,2018,116.120391108,US$/m3,I,False
Water use,Pressure on water resources,SDG 6.4.1. Water Use Efficiency,Czechia,2019,126.754311778,US$/m3,I,False
Water use,Pressure on water resources,SDG 6.4.1. Water Use Efficiency,Czechia,2020,132.89255458,US$/m3,I,False
Water use,Pressure on water resources,SDG 6.4.1. Water Use Efficiency,Czechia,2021,139.281972914,US$/m3,I,False
Water use,Pressure on water resources,SDG 6.4.1. Water Use Efficiency,Côte d'Ivoire,2018,35.420580837,US$/m3,E,False
Water use,Pressure on water resources,SDG 6.4.1. Water Use Efficiency,Côte d'Ivoire,2019,37.645948014,US$/m3,E,False
Water use,Pressure on water resources,SDG 6.4.1. Water Use Efficiency,Côte d'Ivoire,2020,38.54939002,US$/m3,E,False
Water use,Pressure on water resources,SDG 6.4.1. Water Use Efficiency,Côte d'Ivoire,2021,41.130988533,US$/m3,E,False
Water use,Pressure on water resources,SDG 6.4.1. Water Use Efficiency,Democratic People's Republic of Korea,2018,1.662609846,US$/m3,I,False
Water use,Pressure on water resources,SDG 6.4.1. Water Use Efficiency,Democratic People's Republic of Korea,2019,1.681198362,US$/m3,I,False
Water use,Pressure on water resources,SDG 6.4.1. Water Use Efficiency,Democratic People's Republic of Korea,2020,1.598277571,US$/m3,I,False
Water use,Pressure on water resources,SDG 6.4.1. Water Use Efficiency,Democratic People's Republic of Korea,2021,1.588867744,US$/m3,I,False
Water use,Pressure on water resources,SDG 6.4.1. Water Use Efficiency,Democratic Republic of the Congo,2018,47.866751136,US$/m3,I,False
Water use,Pressure on water resources,SDG 6.4.1. Water Use Efficiency,Democratic Republic of the Congo,2019,49.568599391,US$/m3,I,False
Water use,Pressure on water resources,SDG 6.4.1. Water Use Efficiency,Democratic Republic of the Congo,2020,50.826943892,US$/m3,I,False
Water use,Pressure on water resources,SDG 6.4.1. Water Use Efficiency,Democratic Republic of the Congo,2021,54.336055067,US$/m3,I,False
Water use,Pressure on water resources,SDG 6.4.1. Water Use Efficiency,Denmark,2018,254.570839554,US$/m3,I,False
Water use,Pressure on water resources,SDG 6.4.1. Water Use Efficiency,Denmark,2019,302.629632755,US$/m3,I,False
Water use,Pressure on water resources,SDG 6.4.1. Water Use Efficiency,Denmark,2020,286.225654696,US$/m3,I,False
Water use,Pressure on water resources,SDG 6.4.1. Water Use Efficiency,Denmark,2021,301.596695717,US$/m3,I,False
Water use,Pressure on water resources,SDG 6.4.1. Water Use Efficiency,Dominican Republic,2018,8.332722445,US$/m3,I,False
Water use,Pressure on water resources,SDG 6.4.1. Water Use Efficiency,Dominican Republic,2019,8.752035773,US$/m3,I,False
Water use,Pressure on water resources,SDG 6.4.1. Water Use Efficiency,Dominican Republic,2020,8.204757288,US$/m3,I,False
Water use,Pressure on water resources,SDG 6.4.1. Water Use Efficiency,Dominican Republic,2021,9.179056816,US$/m3,I,False
Water use,Pressure on water resources,SDG 6.4.1. Water Use Efficiency,Ecuador,2018,9.120324929,US$/m3,I,False
Water use,Pressure on water resources,SDG 6.4.1. Water Use Efficiency,Ecuador,2019,9.166927736,US$/m3,I,False
Water use,Pressure on water resources,SDG 6.4.1. Water Use Efficiency,Ecuador,2020,8.459992597,US$/m3,I,False
Water use,Pressure on water resources,SDG 6.4.1. Water Use Efficiency,Ecuador,2021,8.852315761,US$/m3,I,False
Water use,Pressure on water resources,SDG 6.4.1. Water Use Efficiency,Egypt,2018,4.585445263,US$/m3,E,False
Water use,Pressure on water resources,SDG 6.4.1. Water Use Efficiency,Egypt,2019,4.813238043,US$/m3,E,False
Water use,Pressure on water resources,SDG 6.4.1. Water Use Efficiency,Egypt,2020,4.892334203,US$/m3,E,False
Water use,Pressure on water resources,SDG 6.4.1. Water Use Efficiency,Egypt,2021,5.310474966,US$/m3,E,False
Water use,Pressure on water resources,SDG 6.4.1. Water Use Efficiency,El Salvador,2018,19.507637053,US$/m3,I,False
Water use,Pressure on water resources,SDG 6.4.1. Water Use Efficiency,El Salvador,2019,21.337951532,US$/m3,I,False
Water use,Pressure on water resources,SDG 6.4.1. Water Use Efficiency,El Salvador,2020,20.959188568,US$/m3,I,False
Water use,Pressure on water resources,SDG 6.4.1. Water Use Efficiency,El Salvador,2021,19.595128618,US$/m3,I,False
Water use,Pressure on water resources,SDG 6.4.1. Water Use Efficiency,Eritrea,2018,3.210655015,US$/m3,I,False
Water use,Pressure on water resources,SDG 6.4.1. Water Use Efficiency,Eritrea,2019,3.338609434,US$/m3,I,False
Water use,Pressure on water resources,SDG 6.4.1. Water Use Efficiency,Eritrea,2020,3.190542727,US$/m3,I,False
Water use,Pressure on water resources,SDG 6.4.1. Water Use Efficiency,Eritrea,2021,3.26678745,US$/m3,I,False
Water use,Pressure on water resources,SDG 6.4.1. Water Use Efficiency,Estonia,2018,13.680208141,US$/m3,I,False
Water use,Pressure on water resources,SDG 6.4.1. Water Use Efficiency,Estonia,2019,22.578969881,US$/m3,I,False
Water use,Pressure on water resources,SDG 6.4.1. Water Use Efficiency,Estonia,2020,26.883868026,US$/m3,I,False
Water use,Pressure on water resources,SDG 6.4.1. Water Use Efficiency,Estonia,2021,24.742502682,US$/m3,I,False
Water use,Pressure on water resources,SDG 6.4.1. Water Use Efficiency,Eswatini,2018,3.578235951,US$/m3,I,False
Water use,Pressure on water resources,SDG 6.4.1. Water Use Efficiency,Eswatini,2019,3.663468536,US$/m3,I,False
Water use,Pressure on water resources,SDG 6.4.1. Water Use Efficiency,Eswatini,2020,3.533460601,US$/m3,I,False
Water use,Pressure on water resources,SDG 6.4.1. Water Use Efficiency,Eswatini,2021,3.859677388,US$/m3,I,False
Water use,Pressure on water resources,SDG 6.4.1. Water Use Efficiency,Ethiopia,2018,4.920887648,US$/m3,E,False
Water use,Pressure on water resources,SDG 6.4.1. Water Use Efficiency,Ethiopia,2019,5.200750335,US$/m3,E,False
Water use,Pressure on water resources,SDG 6.4.1. Water Use Efficiency,Ethiopia,2020,5.348632627,US$/m3,E,False
Water use,Pressure on water resources,SDG 6.4.1. Water Use Efficiency,Ethiopia,2021,5.518588056,US$/m3,E,False
Water use,Pressure on water resources,SDG 6.4.1. Water Use Efficiency,Fiji,2018,43.117521016,US$/m3,I,False
Water use,Pressure on water resources,SDG 6.4.1. Water Use Efficiency,Fiji,2019,42.897749522,US$/m3,I,False
Water use,Pressure on water resources,SDG 6.4.1. Water Use Efficiency,Fiji,2020,36.081115914,US$/m3,I,False
Water use,Pressure on water resources,SDG 6.4.1. Water Use Efficiency,Fiji,2021,34.408637525,US$/m3,I,False
Water use,Pressure on water resources,SDG 6.4.1. Water Use Efficiency,Finland,2018,75.331810425,US$/m3,I,False
Water use,Pressure on water resources,SDG 6.4.1. Water Use Efficiency,Finland,2019,61.1725777,US$/m3,I,False
Water use,Pressure on water resources,SDG 6.4.1. Water Use Efficiency,Finland,2020,59.863307899,US$/m3,I,False
Water use,Pressure on water resources,SDG 6.4.1. Water Use Efficiency,Finland,2021,61.856086283,US$/m3,I,False
Water use,Pressure on water resources,SDG 6.4.1. Water Use Efficiency,France,2018,83.488628789,US$/m3,I,False
Water use,Pressure on water resources,SDG 6.4.1. Water Use Efficiency,France,2019,87.513599145,US$/m3,I,False
Water use,Pressure on water resources,SDG 6.4.1. Water Use Efficiency,France,2020,85.942969287,US$/m3,I,False
Water use,Pressure on water resources,SDG 6.4.1. Water Use Efficiency,France,2021,91.130518347,US$/m3,I,False
Water use,Pressure on water resources,SDG 6.4.1. Water Use Efficiency,Gabon,2018,95.917760896,US$/m3,E,False
Water use,Pressure on water resources,SDG 6.4.1. Water Use Efficiency,Gabon,2019,99.434606043,US$/m3,E,False
Water use,Pressure on water resources,SDG 6.4.1. Water Use Efficiency,Gabon,2020,95.718304048,US$/m3,E,False
Water use,Pressure on water resources,SDG 6.4.1. Water Use Efficiency,Gabon,2021,99.042562972,US$/m3,E,False
Water use,Pressure on water resources,SDG 6.4.1. Water Use Efficiency,Gambia,2018,11.242442351,US$/m3,I,False
Water use,Pressure on water resources,SDG 6.4.1. Water Use Efficiency,Gambia,2019,11.945847059,US$/m3,I,False
Water use,Pressure on water resources,SDG 6.4.1. Water Use Efficiency,Gambia,2020,11.812011659,US$/m3,I,False
Water use,Pressure on water resources,SDG 6.4.1. Water Use Efficiency,Gambia,2021,12.256417104,US$/m3,I,False
Water use,Pressure on water resources,SDG 6.4.1. Water Use Efficiency,Georgia,2018,10.661089586,US$/m3,I,False
Water use,Pressure on water resources,SDG 6.4.1. Water Use Efficiency,Georgia,2019,9.31198212,US$/m3,I,False
Water use,Pressure on water resources,SDG 6.4.1. Water Use Efficiency,Georgia,2020,8.222744473,US$/m3,I,False
Water use,Pressure on water resources,SDG 6.4.1. Water Use Efficiency,Georgia,2021,9.378017703,US$/m3,I,False
Water use,Pressure on water resources,SDG 6.4.1. Water Use Efficiency,Germany,2018,118.238423951,US$/m3,E,False
Water use,Pressure on water resources,SDG 6.4.1. Water Use Efficiency,Germany,2019,124.599624569,US$/m3,E,False
Water use,Pressure on water resources,SDG 6.4.1. Water Use Efficiency,Germany,2020,120.78622824,US$/m3,E,False
Water use,Pressure on water resources,SDG 6.4.1. Water Use Efficiency,Germany,2021,123.550234295,US$/m3,E,False
Water use,Pressure on water resources,SDG 6.4.1. Water Use Efficiency,Ghana,2018,30.464431322,US$/m3,I,False
Water use,Pressure on water resources,SDG 6.4.1. Water Use Efficiency,Ghana,2019,33.043316778,US$/m3,I,False
Water use,Pressure on water resources,SDG 6.4.1. Water Use Efficiency,Ghana,2020,32.708912396,US$/m3,I,False
Water use,Pressure on water resources,SDG 6.4.1. Water Use Efficiency,Ghana,2021,34.068909802,US$/m3,I,False
Water use,Pressure on water resources,SDG 6.4.1. Water Use Efficiency,Greece,2018,16.764542899,US$/m3,E,False
Water use,Pressure on water resources,SDG 6.4.1. Water Use Efficiency,Greece,2019,17.078674374,US$/m3,E,False
Water use,Pressure on water resources,SDG 6.4.1. Water Use Efficiency,Greece,2020,15.698637392,US$/m3,E,False
Water use,Pressure on water resources,SDG 6.4.1. Water Use Efficiency,Greece,2021,17.043236732,US$/m3,E,False
Water use,Pressure on water resources,SDG 6.4.1. Water Use Efficiency,Guatemala,2018,17.777482488,US$/m3,I,False
Water use,Pressure on water resources,SDG 6.4.1. Water Use Efficiency,Guatemala,2019,18.482610283,US$/m3,I,False
Water use,Pressure on water resources,SDG 6.4.1. Water Use Efficiency,Guatemala,2020,18.164941772,US$/m3,I,False
Water use,Pressure on water resources,SDG 6.4.1. Water Use Efficiency,Guatemala,2021,19.583843613,US$/m3,I,False
Water use,Pressure on water resources,SDG 6.4.1. Water Use Efficiency,Guinea,2018,9.115423249,US$/m3,I,False
Water use,Pressure on water resources,SDG 6.4.1. Water Use Efficiency,Guinea,2019,9.023205156,US$/m3,I,False
Water use,Pressure on water resources,SDG 6.4.1. Water Use Efficiency,Guinea,2020,9.654804251,US$/m3,I,False
Water use,Pressure on water resources,SDG 6.4.1. Water Use Efficiency,Guinea,2021,9.615210972,US$/m3,I,False
Water use,Pressure on water resources,SDG 6.4.1. Water Use Efficiency,Guinea-Bissau,2018,4.357962306,US$/m3,I,False
Water use,Pressure on water resources,SDG 6.4.1. Water Use Efficiency,Guinea-Bissau,2019,4.666947859,US$/m3,I,False
Water use,Pressure on water resources,SDG 6.4.1. Water Use Efficiency,Guinea-Bissau,2020,4.548292865,US$/m3,I,False
Water use,Pressure on water resources,SDG 6.4.1. Water Use Efficiency,Guinea-Bissau,2021,4.86766931,US$/m3,I,False
Water use,Pressure on water resources,SDG 6.4.1. Water Use Efficiency,Guyana,2018,2.414843773,US$/m3,I,False
Water use,Pressure on water resources,SDG 6.4.1. Water Use Efficiency,Guyana,2019,2.58489423,US$/m3,I,False
Water use,Pressure on water resources,SDG 6.4.1. Water Use Efficiency,Guyana,2020,3.925529662,US$/m3,I,False
Water use,Pressure on water resources,SDG 6.4.1. Water Use Efficiency,Guyana,2021,5.380527957,US$/m3,I,False
Water use,Pressure on water resources,SDG 6.4.1. Water Use Efficiency,Haiti,2018,8.343314669,US$/m3,I,False
Water use,Pressure on water resources,SDG 6.4.1. Water Use Efficiency,Haiti,2019,8.128306415,US$/m3,I,False
Water use,Pressure on water resources,SDG 6.4.1. Water Use Efficiency,Haiti,2020,7.392067972,US$/m3,I,False
Water use,Pressure on water resources,SDG 6.4.1. Water Use Efficiency,Haiti,2021,7.724664218,US$/m3,I,False
Water use,Pressure on water resources,SDG 6.4.1. Water Use Efficiency,Honduras,2018,12.563391524,US$/m3,I,False
Water use,Pressure on water resources,SDG 6.4.1. Water Use Efficiency,Honduras,2019,13.006711722,US$/m3,I,False
Water use,Pressure on water resources,SDG 6.4.1. Water Use Efficiency,Honduras,2020,11.797197478,US$/m3,I,False
Water use,Pressure on water resources,SDG 6.4.1. Water Use Efficiency,Honduras,2021,13.143435869,US$/m3,I,False
Water use,Pressure on water resources,SDG 6.4.1. Water Use Efficiency,Hungary,2018,24.406891487,US$/m3,E,False
Water use,Pressure on water resources,SDG 6.4.1. Water Use Efficiency,Hungary,2019,27.52242953,US$/m3,E,False
Water use,Pressure on water resources,SDG 6.4.1. Water Use Efficiency,Hungary,2020,24.518385912,US$/m3,E,False
Water use,Pressure on water resources,SDG 6.4.1. Water Use Efficiency,Hungary,2021,26.344701914,US$/m3,E,False
Water use,Pressure on water resources,SDG 6.4.1. Water Use Efficiency,Iceland,2018,62.387508699,US$/m3,E,False
Water use,Pressure on water resources,SDG 6.4.1. Water Use Efficiency,Iceland,2019,64.297141953,US$/m3,E,False
Water use,Pressure on water resources,SDG 6.4.1. Water Use Efficiency,Iceland,2020,60.003504224,US$/m3,E,False
Water use,Pressure on water resources,SDG 6.4.1. Water Use Efficiency,Iceland,2021,61.919867975,US$/m3,E,False
Water use,Pressure on water resources,SDG 6.4.1. Water Use Efficiency,India,2018,3.001308065,US$/m3,I,False
Water use,Pressure on water resources,SDG 6.4.1. Water Use Efficiency,India,2019,3.126651905,US$/m3,I,False
Water use,Pressure on water resources,SDG 6.4.1. Water Use Efficiency,India,2020,2.898520889,US$/m3,I,False
Water use,Pressure on water resources,SDG 6.4.1. Water Use Efficiency,India,2021,3.128549774,US$/m3,I,False
Water use,Pressure on water resources,SDG 6.4.1. Water Use Efficiency,Indonesia,2018,3.9827494,US$/m3,I,False
Water use,Pressure on water resources,SDG 6.4.1. Water Use Efficiency,Indonesia,2019,4.182464213,US$/m3,I,False
Water use,Pressure on water resources,SDG 6.4.1. Water Use Efficiency,Indonesia,2020,4.091869204,US$/m3,I,False
Water use,Pressure on water resources,SDG 6.4.1. Water Use Efficiency,Indonesia,2021,4.23545733,US$/m3,I,False
Water use,Pressure on water resources,SDG 6.4.1. Water Use Efficiency,Iran (Islamic Republic of),2018,4.447609052,US$/m3,I,False
Water use,Pressure on water resources,SDG 6.4.1. Water Use Efficiency,Iran (Islamic Republic of),2019,4.132858892,US$/m3,I,False
Water use,Pressure on water resources,SDG 6.4.1. Water Use Efficiency,Iran (Islamic Republic of),2020,4.323459413,US$/m3,I,False
Water use,Pressure on water resources,SDG 6.4.1. Water Use Efficiency,Iran (Islamic Republic of),2021,4.618801347,US$/m3,I,False
Water use,Pressure on water resources,SDG 6.4.1. Water Use Efficiency,Iraq,2018,5.698362452,US$/m3,I,False
Water use,Pressure on water resources,SDG 6.4.1. Water Use Efficiency,Iraq,2019,3.587610825,US$/m3,I,False
Water use,Pressure on water resources,SDG 6.4.1. Water Use Efficiency,Iraq,2020,3.870021422,US$/m3,I,False
Water use,Pressure on water resources,SDG 6.4.1. Water Use Efficiency,Iraq,2021,4.221912696,US$/m3,I,False
Water use,Pressure on water resources,SDG 6.4.1. Water Use Efficiency,Ireland,2018,213.90641105,US$/m3,I,False
Water use,Pressure on water resources,SDG 6.4.1. Water Use Efficiency,Ireland,2019,224.477176171,US$/m3,I,False
Water use,Pressure on water resources,SDG 6.4.1. Water Use Efficiency,Ireland,2020,239.112696137,US$/m3,I,False
Water use,Pressure on water resources,SDG 6.4.1. Water Use Efficiency,Ireland,2021,263.738294706,US$/m3,I,False
Water use,Pressure on water resources,SDG 6.4.1. Water Use Efficiency,Israel,2018,134.819665938,US$/m3,E,False
Water use,Pressure on water resources,SDG 6.4.1. Water Use Efficiency,Israel,2019,137.685951753,US$/m3,E,False
Water use,Pressure on water resources,SDG 6.4.1. Water Use Efficiency,Israel,2020,130.613898217,US$/m3,E,False
Water use,Pressure on water resources,SDG 6.4.1. Water Use Efficiency,Israel,2021,128.939367948,US$/m3,E,False
Water use,Pressure on water resources,SDG 6.4.1. Water Use Efficiency,Italy,2018,49.897331016,US$/m3,I,False
Water use,Pressure on water resources,SDG 6.4.1. Water Use Efficiency,Italy,2019,50.122753883,US$/m3,I,False
Water use,Pressure on water resources,SDG 6.4.1. Water Use Efficiency,Italy,2020,45.933012124,US$/m3,I,False
Water use,Pressure on water resources,SDG 6.4.1. Water Use Efficiency,Italy,2021,48.609231972,US$/m3,I,False
Water use,Pressure on water resources,SDG 6.4.1. Water Use Efficiency,Jamaica,2018,12.766230002,US$/m3,I,False
Water use,Pressure on water resources,SDG 6.4.1. Water Use Efficiency,Jamaica,2019,16.4185404,US$/m3,I,False
Water use,Pressure on water resources,SDG 6.4.1. Water Use Efficiency,Jamaica,2020,20.925579094,US$/m3,I,False
Water use,Pressure on water resources,SDG 6.4.1. Water Use Efficiency,Jamaica,2021,24.615966239,US$/m3,I,False
Water use,Pressure on water resources,SDG 6.4.1. Water Use Efficiency,Japan,2018,57.433582499,US$/m3,I,False
Water use,Pressure on water resources,SDG 6.4.1. Water Use Efficiency,Japan,2019,57.585043148,US$/m3,I,False
Water use,Pressure on water resources,SDG 6.4.1. Water Use Efficiency,Japan,2020,55.312068756,US$/m3,I,False
Water use,Pressure on water resources,SDG 6.4.1. Water Use Efficiency,Japan,2021,56.131135175,US$/m3,I,False
Water use,Pressure on water resources,SDG 6.4.1. Water Use Efficiency,Jordan,2018,33.216498338,US$/m3,E,False
Water use,Pressure on water resources,SDG 6.4.1. Water Use Efficiency,Jordan,2019,33.010139927,US$/m3,E,False
Water use,Pressure on water resources,SDG 6.4.1. Water Use Efficiency,Jordan,2020,32.584986231,US$/m3,E,False
Water use,Pressure on water resources,SDG 6.4.1. Water Use Efficiency,Jordan,2021,33.288381968,US$/m3,E,False
Water use,Pressure on water resources,SDG 6.4.1. Water Use Efficiency,Kazakhstan,2018,7.856284514,US$/m3,I,False
Water use,Pressure on water resources,SDG 6.4.1. Water Use Efficiency,Kazakhstan,2019,8.14688898,US$/m3,I,False
Water use,Pressure on water resources,SDG 6.4.1. Water Use Efficiency,Kazakhstan,2020,7.708116658,US$/m3,I,False
Water use,Pressure on water resources,SDG 6.4.1. Water Use Efficiency,Kazakhstan,2021,7.999585183,US$/m3,I,False
Water use,Pressure on water resources,SDG 6.4.1. Water Use Efficiency,Kenya,2018,14.700973755,US$/m3,I,False
Water use,Pressure on water resources,SDG 6.4.1. Water Use Efficiency,Kenya,2019,15.317846347,US$/m3,I,False
Water use,Pressure on water resources,SDG 6.4.1. Water Use Efficiency,Kenya,2020,14.930679248,US$/m3,I,False
Water use,Pressure on water resources,SDG 6.4.1. Water Use Efficiency,Kenya,2021,16.222708996,US$/m3,I,False
Water use,Pressure on water resources,SDG 6.4.1. Water Use Efficiency,Kuwait,2018,103.776022359,US$/m3,E,False
Water use,Pressure on water resources,SDG 6.4.1. Water Use Efficiency,Kuwait,2019,103.93707874,US$/m3,E,False
Water use,Pressure on water resources,SDG 6.4.1. Water Use Efficiency,Kuwait,2020,95.947338473,US$/m3,E,False
Water use,Pressure on water resources,SDG 6.4.1. Water Use Efficiency,Kuwait,2021,96.156522809,US$/m3,E,False
Water use,Pressure on water resources,SDG 6.4.1. Water Use Efficiency,Kyrgyzstan,2018,0.861293505,US$/m3,I,False
Water use,Pressure on water resources,SDG 6.4.1. Water Use Efficiency,Kyrgyzstan,2019,0.9121523,US$/m3,I,False
Water use,Pressure on water resources,SDG 6.4.1. Water Use Efficiency,Kyrgyzstan,2020,0.857064979,US$/m3,I,False
Water use,Pressure on water resources,SDG 6.4.1. Water Use Efficiency,Kyrgyzstan,2021,0.882133234,US$/m3,I,False
Water use,Pressure on water resources,SDG 6.4.1. Water Use Efficiency,Lao People's Democratic Republic,2018,1.883700918,US$/m3,I,False
Water use,Pressure on water resources,SDG 6.4.1. Water Use Efficiency,Lao People's Democratic Republic,2019,1.986878879,US$/m3,I,False
Water use,Pressure on water resources,SDG 6.4.1. Water Use Efficiency,Lao People's Democratic Republic,2020,2.051624578,US$/m3,I,False
Water use,Pressure on water resources,SDG 6.4.1. Water Use Efficiency,Lao People's Democratic Republic,2021,2.095769965,US$/m3,I,False
Water use,Pressure on water resources,SDG 6.4.1. Water Use Efficiency,Latvia,2018,136.034492212,US$/m3,I,False
Water use,Pressure on water resources,SDG 6.4.1. Water Use Efficiency,Latvia,2019,142.748548936,US$/m3,I,False
Water use,Pressure on water resources,SDG 6.4.1. Water Use Efficiency,Latvia,2020,137.600237185,US$/m3,I,False
Water use,Pressure on water resources,SDG 6.4.1. Water Use Efficiency,Latvia,2021,144.278520877,US$/m3,I,False
Water use,Pressure on water resources,SDG 6.4.1. Water Use Efficiency,Lebanon,2018,25.625658375,US$/m3,I,False
Water use,Pressure on water resources,SDG 6.4.1. Water Use Efficiency,Lebanon,2019,24.096063589,US$/m3,I,False
Water use,Pressure on water resources,SDG 6.4.1. Water Use Efficiency,Lebanon,2020,20.242064466,US$/m3,I,False
Water use,Pressure on water resources,SDG 6.4.1. Water Use Efficiency,Lebanon,2021,17.385056453,US$/m3,I,False
Water use,Pressure on water resources,SDG 6.4.1. Water Use Efficiency,Lesotho,2018,44.515187395,US$/m3,I,False
Water use,Pressure on water resources,SDG 6.4.1. Water Use Efficiency,Lesotho,2019,44.123452036,US$/m3,I,False
Water use,Pressure on water resources,SDG 6.4.1. Water Use Efficiency,Lesotho,2020,41.672766162,US$/m3,I,False
Water use,Pressure on water resources,SDG 6.4.1. Water Use Efficiency,Lesotho,2021,42.341527714,US$/m3,I,False
Water use,Pressure on water resources,SDG 6.4.1. Water Use Efficiency,Liberia,2018,4.625134658,US$/m3,E,False
Water use,Pressure on water resources,SDG 6.4.1. Water Use Efficiency,Liberia,2019,4.381296779,US$/m3,E,False
Water use,Pressure on water resources,SDG 6.4.1. Water Use Efficiency,Liberia,2020,4.265101203,US$/m3,E,False
Water use,Pressure on water resources,SDG 6.4.1. Water Use Efficiency,Liberia,2021,4.218914705,US$/m3,E,False
Water use,Pressure on water resources,SDG 6.4.1. Water Use Efficiency,Libya,2018,12.429114041,US$/m3,I,False
Water use,Pressure on water resources,SDG 6.4.1. Water Use Efficiency,Libya,2019,11.045741576,US$/m3,I,False
Water use,Pressure on water resources,SDG 6.4.1. Water Use Efficiency,Libya,2020,7.760835273,US$/m3,I,False
Water use,Pressure on water resources,SDG 6.4.1. Water Use Efficiency,Libya,2021,9.978874907,US$/m3,I,False
Water use,Pressure on water resources,SDG 6.4.1. Water Use Efficiency,Lithuania,2018,157.567389241,US$/m3,I,False
Water use,Pressure on water resources,SDG 6.4.1. Water Use Efficiency,Lithuania,2019,164.246579386,US$/m3,I,False
Water use,Pressure on water resources,SDG 6.4.1. Water Use Efficiency,Lithuania,2020,163.185243773,US$/m3,I,False
Water use,Pressure on water resources,SDG 6.4.1. Water Use Efficiency,Lithuania,2021,172.58818951,US$/m3,I,False
Water use,Pressure on water resources,SDG 6.4.1. Water Use Efficiency,Luxembourg,2018,1122.444252348,US$/m3,I,False
Water use,Pressure on water resources,SDG 6.4.1. Water Use Efficiency,Luxembourg,2019,1216.626728923,US$/m3,I,False
Water use,Pressure on water resources,SDG 6.4.1. Water Use Efficiency,Luxembourg,2020,1189.976992516,US$/m3,I,False
Water use,Pressure on water resources,SDG 6.4.1. Water Use Efficiency,Luxembourg,2021,1189.976992516,US$/m3,I,False
Water use,Pressure on water resources,SDG 6.4.1. Water Use Efficiency,Madagascar,2018,0.755810837,US$/m3,I,False
Water use,Pressure on water resources,SDG 6.4.1. Water Use Efficiency,Madagascar,2019,0.804369777,US$/m3,I,False
Water use,Pressure on water resources,SDG 6.4.1. Water Use Efficiency,Madagascar,2020,0.727323879,US$/m3,I,False
Water use,Pressure on water resources,SDG 6.4.1. Water Use Efficiency,Madagascar,2021,0.77697159,US$/m3,I,False
Water use,Pressure on water resources,SDG 6.4.1. Water Use Efficiency,Malawi,2018,5.456578009,US$/m3,I,False
Water use,Pressure on water resources,SDG 6.4.1. Water Use Efficiency,Malawi,2019,5.688335424,US$/m3,I,False
Water use,Pressure on water resources,SDG 6.4.1. Water Use Efficiency,Malawi,2020,5.60028799,US$/m3,I,False
Water use,Pressure on water resources,SDG 6.4.1. Water Use Efficiency,Malawi,2021,5.629959502,US$/m3,I,False
Water use,Pressure on water resources,SDG 6.4.1. Water Use Efficiency,Malaysia,2018,58.595933271,US$/m3,I,False
Water use,Pressure on water resources,SDG 6.4.1. Water Use Efficiency,Malaysia,2019,61.410493088,US$/m3,I,False
Water use,Pressure on water resources,SDG 6.4.1. Water Use Efficiency,Malaysia,2020,57.418199588,US$/m3,I,False
Water use,Pressure on water resources,SDG 6.4.1. Water Use Efficiency,Malaysia,2021,58.402098209,US$/m3,I,False
Water use,Pressure on water resources,SDG 6.4.1. Water Use Efficiency,Mali,2018,1.790659248,US$/m3,E,False
Water use,Pressure on water resources,SDG 6.4.1. Water Use Efficiency,Mali,2019,1.911333818,US$/m3,E,False
Water use,Pressure on water resources,SDG 6.4.1. Water Use Efficiency,Mali,2020,1.962611242,US$/m3,E,False
Water use,Pressure on water resources,SDG 6.4.1. Water Use Efficiency,Mali,2021,2.038568399,US$/m3,E,False
Water use,Pressure on water resources,SDG 6.4.1. Water Use Efficiency,Malta,2018,185.283438046,US$/m3,I,False
Water use,Pressure on water resources,SDG 6.4.1. Water Use Efficiency,Malta,2019,202.927569022,US$/m3,I,False
Water use,Pressure on water resources,SDG 6.4.1. Water Use Efficiency,Malta,2020,187.204620321,US$/m3,I,False
Water use,Pressure on water resources,SDG 6.4.1. Water Use Efficiency,Malta,2021,215.239473414,US$/m3,I,False
Water use,Pressure on water resources,SDG 6.4.1. Water Use Efficiency,Mauritania,2018,3.762318785,US$/m3,I,False
Water use,Pressure on water resources,SDG 6.4.1. Water Use Efficiency,Mauritania,2019,4.091680872,US$/m3,I,False
Water use,Pressure on water resources,SDG 6.4.1. Water Use Efficiency,Mauritania,2020,4.193221178,US$/m3,I,False
Water use,Pressure on water resources,SDG 6.4.1. Water Use Efficiency,Mauritania,2021,4.291882565,US$/m3,I,False
Water use,Pressure on water resources,SDG 6.4.1. Water Use Efficiency,Mauritius,2018,19.297591995,US$/m3,E,False
Water use,Pressure on water resources,SDG 6.4.1. Water Use Efficiency,Mauritius,2019,19.724380119,US$/m3,E,False
Water use,Pressure on water resources,SDG 6.4.1. Water Use Efficiency,Mauritius,2020,16.662491886,US$/m3,E,False
Water use,Pressure on water resources,SDG 6.4.1. Water Use Efficiency,Mauritius,2021,17.439294102,US$/m3,E,False
Water use,Pressure on water resources,SDG 6.4.1. Water Use Efficiency,Mexico,2018,13.071130562,US$/m3,E,False
Water use,Pressure on water resources,SDG 6.4.1. Water Use Efficiency,Mexico,2019,12.921404834,US$/m3,E,False
Water use,Pressure on water resources,SDG 6.4.1. Water Use Efficiency,Mexico,2020,11.77650231,US$/m3,E,False
Water use,Pressure on water resources,SDG 6.4.1. Water Use Efficiency,Mexico,2021,12.282084796,US$/m3,E,False
Water use,Pressure on water resources,SDG 6.4.1. Water Use Efficiency,Mongolia,2018,22.734350126,US$/m3,I,False
Water use,Pressure on water resources,SDG 6.4.1. Water Use Efficiency,Mongolia,2019,24.076695099,US$/m3,I,False
Water use,Pressure on water resources,SDG 6.4.1. Water Use Efficiency,Mongolia,2020,22.918823289,US$/m3,I,False
Water use,Pressure on water resources,SDG 6.4.1. Water Use Efficiency,Mongolia,2021,22.959571175,US$/m3,I,False
Water use,Pressure on water resources,SDG 6.4.1. Water Use Efficiency,Montenegro,2018,21.475146235,US$/m3,I,False
Water use,Pressure on water resources,SDG 6.4.1. Water Use Efficiency,Montenegro,2019,22.270985966,US$/m3,I,False
Water use,Pressure on water resources,SDG 6.4.1. Water Use Efficiency,Montenegro,2020,18.976883324,US$/m3,I,False
Water use,Pressure on water resources,SDG 6.4.1. Water Use Efficiency,Montenegro,2021,21.271776473,US$/m3,I,False
Water use,Pressure on water resources,SDG 6.4.1. Water Use Efficiency,Morocco,2018,8.405044398,US$/m3,I,False
Water use,Pressure on water resources,SDG 6.4.1. Water Use Efficiency,Morocco,2019,8.257547295,US$/m3,I,False
Water use,Pressure on water resources,SDG 6.4.1. Water Use Efficiency,Morocco,2020,7.274770226,US$/m3,I,False
Water use,Pressure on water resources,SDG 6.4.1. Water Use Efficiency,Morocco,2021,7.291889601,US$/m3,I,False
Water use,Pressure on water resources,SDG 6.4.1. Water Use Efficiency,Mozambique,2018,7.927739636,US$/m3,I,False
Water use,Pressure on water resources,SDG 6.4.1. Water Use Efficiency,Mozambique,2019,8.023181342,US$/m3,I,False
Water use,Pressure on water resources,SDG 6.4.1. Water Use Efficiency,Mozambique,2020,7.723996669,US$/m3,I,False
Water use,Pressure on water resources,SDG 6.4.1. Water Use Efficiency,Mozambique,2021,7.786538893,US$/m3,I,False
Water use,Pressure on water resources,SDG 6.4.1. Water Use Efficiency,Myanmar,2018,1.969422572,US$/m3,I,False
Water use,Pressure on water resources,SDG 6.4.1. Water Use Efficiency,Myanmar,2019,2.038725649,US$/m3,I,False
Water use,Pressure on water resources,SDG 6.4.1. Water Use Efficiency,Myanmar,2020,1.892744713,US$/m3,I,False
Water use,Pressure on water resources,SDG 6.4.1. Water Use Efficiency,Myanmar,2021,1.530283346,US$/m3,I,False
Water use,Pressure on water resources,SDG 6.4.1. Water Use Efficiency,Namibia,2018,33.410847208,US$/m3,I,False
Water use,Pressure on water resources,SDG 6.4.1. Water Use Efficiency,Namibia,2019,33.397655242,US$/m3,I,False
Water use,Pressure on water resources,SDG 6.4.1. Water Use Efficiency,Namibia,2020,30.496350411,US$/m3,I,False
Water use,Pressure on water resources,SDG 6.4.1. Water Use Efficiency,Namibia,2021,30.864866738,US$/m3,I,False
Water use,Pressure on water resources,SDG 6.4.1. Water Use Efficiency,Nepal,2018,2.437683922,US$/m3,I,False
Water use,Pressure on water resources,SDG 6.4.1. Water Use Efficiency,Nepal,2019,2.676407897,US$/m3,I,False
Water use,Pressure on water resources,SDG 6.4.1. Water Use Efficiency,Nepal,2020,2.499802955,US$/m3,I,False
Water use,Pressure on water resources,SDG 6.4.1. Water Use Efficiency,Nepal,2021,2.68076708,US$/m3,I,False
Water use,Pressure on water resources,SDG 6.4.1. Water Use Efficiency,Netherlands (Kingdom of the),2018,90.13089156,US$/m3,I,False
Water use,Pressure on water resources,SDG 6.4.1. Water Use Efficiency,Netherlands (Kingdom of the),2019,88.079447334,US$/m3,I,False
Water use,Pressure on water resources,SDG 6.4.1. Water Use Efficiency,Netherlands (Kingdom of the),2020,85.776213116,US$/m3,I,False
Water use,Pressure on water resources,SDG 6.4.1. Water Use Efficiency,Netherlands (Kingdom of the),2021,91.829353972,US$/m3,I,False
Water use,Pressure on water resources,SDG 6.4.1. Water Use Efficiency,New Zealand,2018,38.089357588,US$/m3,I,False
Water use,Pressure on water resources,SDG 6.4.1. Water Use Efficiency,New Zealand,2019,38.87800287,US$/m3,I,False
Water use,Pressure on water resources,SDG 6.4.1. Water Use Efficiency,New Zealand,2020,38.747605516,US$/m3,I,False
Water use,Pressure on water resources,SDG 6.4.1. Water Use Efficiency,New Zealand,2021,40.194101333,US$/m3,I,False
Water use,Pressure on water resources,SDG 6.4.1. Water Use Efficiency,Nicaragua,2018,7.993071564,US$/m3,I,False
Water use,Pressure on water resources,SDG 6.4.1. Water Use Efficiency,Nicaragua,2019,7.75814268,US$/m3,I,False
Water use,Pressure on water resources,SDG 6.4.1. Water Use Efficiency,Nicaragua,2020,7.582588276,US$/m3,I,False
Water use,Pressure on water resources,SDG 6.4.1. Water Use Efficiency,Nicaragua,2021,8.244336318,US$/m3,I,False
Water use,Pressure on water resources,SDG 6.4.1. Water Use Efficiency,Niger,2018,2.672980874,US$/m3,E,False
Water use,Pressure on water resources,SDG 6.4.1. Water Use Efficiency,Niger,2019,2.705645942,US$/m3,E,False
Water use,Pressure on water resources,SDG 6.4.1. Water Use Efficiency,Niger,2020,2.758665683,US$/m3,E,False
Water use,Pressure on water resources,SDG 6.4.1. Water Use Efficiency,Niger,2021,2.873859086,US$/m3,E,False
Water use,Pressure on water resources,SDG 6.4.1. Water Use Efficiency,Nigeria,2018,31.255269797,US$/m3,I,False
Water use,Pressure on water resources,SDG 6.4.1. Water Use Efficiency,Nigeria,2019,31.687638506,US$/m3,I,False
Water use,Pressure on water resources,SDG 6.4.1. Water Use Efficiency,Nigeria,2020,30.121221247,US$/m3,I,False
Water use,Pressure on water resources,SDG 6.4.1. Water Use Efficiency,Nigeria,2021,31.461760496,US$/m3,I,False
Water use,Pressure on water resources,SDG 6.4.1. Water Use Efficiency,North Macedonia,2018,3.904165495,US$/m3,I,False
Water use,Pressure on water resources,SDG 6.4.1. Water Use Efficiency,North Macedonia,2019,5.656848574,US$/m3,I,False
Water use,Pressure on water resources,SDG 6.4.1. Water Use Efficiency,North Macedonia,2020,12.453201068,US$/m3,I,False
Water use,Pressure on water resources,SDG 6.4.1. Water Use Efficiency,North Macedonia,2021,5.557939135,US$/m3,I,False
Water use,Pressure on water resources,SDG 6.4.1. Water Use Efficiency,Norway,2018,130.79512983,US$/m3,I,False
Water use,Pressure on water resources,SDG 6.4.1. Water Use Efficiency,Norway,2019,131.681418478,US$/m3,I,False
Water use,Pressure on water resources,SDG 6.4.1. Water Use Efficiency,Norway,2020,129.915769405,US$/m3,I,False
Water use,Pressure on water resources,SDG 6.4.1. Water Use Efficiency,Norway,2021,139.698537949,US$/m3,I,False
Water use,Pressure on water resources,SDG 6.4.1. Water Use Efficiency,Oman,2018,46.306321662,US$/m3,E,False
Water use,Pressure on water resources,SDG 6.4.1. Water Use Efficiency,Oman,2019,45.125061129,US$/m3,E,False
Water use,Pressure on water resources,SDG 6.4.1. Water Use Efficiency,Oman,2020,43.849135329,US$/m3,E,False
Water use,Pressure on water resources,SDG 6.4.1. Water Use Efficiency,Oman,2021,44.61738205,US$/m3,E,False
Water use,Pressure on water resources,SDG 6.4.1. Water Use Efficiency,Pakistan,2018,1.690000235,US$/m3,I,False
Water use,Pressure on water resources,SDG 6.4.1. Water Use Efficiency,Pakistan,2019,1.751082261,US$/m3,I,False
Water use,Pressure on water resources,SDG 6.4.1. Water Use Efficiency,Pakistan,2020,1.736023386,US$/m3,I,False
Water use,Pressure on water resources,SDG 6.4.1. Water Use Efficiency,Pakistan,2021,1.837834194,US$/m3,I,False
Water use,Pressure on water resources,SDG 6.4.1. Water Use Efficiency,Palestine,2018,34.398714048,US$/m3,I,False
Water use,Pressure on water resources,SDG 6.4.1. Water Use Efficiency,Palestine,2019,32.558395064,US$/m3,I,False
Water use,Pressure on water resources,SDG 6.4.1. Water Use Efficiency,Palestine,2020,26.020001418,US$/m3,I,False
Water use,Pressure on water resources,SDG 6.4.1. Water Use Efficiency,Palestine,2021,28.539470248,US$/m3,I,False
Water use,Pressure on water resources,SDG 6.4.1. Water Use Efficiency,Panama,2018,48.52923006,US$/m3,I,False
Water use,Pressure on water resources,SDG 6.4.1. Water Use Efficiency,Panama,2019,49.869222239,US$/m3,I,False
Water use,Pressure on water resources,SDG 6.4.1. Water Use Efficiency,Panama,2020,40.862170791,US$/m3,I,False
Water use,Pressure on water resources,SDG 6.4.1. Water Use Efficiency,Panama,2021,46.976163911,US$/m3,I,False
Water use,Pressure on water resources,SDG 6.4.1. Water Use Efficiency,Paraguay,2018,14.082697317,US$/m3,I,False
Water use,Pressure on water resources,SDG 6.4.1. Water Use Efficiency,Paraguay,2019,14.125669745,US$/m3,I,False
Water use,Pressure on water resources,SDG 6.4.1. Water Use Efficiency,Paraguay,2020,13.90585972,US$/m3,I,False
Water use,Pressure on water resources,SDG 6.4.1. Water Use Efficiency,Paraguay,2021,14.690850457,US$/m3,I,False
Water use,Pressure on water resources,SDG 6.4.1. Water Use Efficiency,Peru,2018,5.03455214,US$/m3,I,False
Water use,Pressure on water resources,SDG 6.4.1. Water Use Efficiency,Peru,2019,4.970554771,US$/m3,I,False
Water use,Pressure on water resources,SDG 6.4.1. Water Use Efficiency,Peru,2020,4.437256824,US$/m3,I,False
Water use,Pressure on water resources,SDG 6.4.1. Water Use Efficiency,Peru,2021,4.988227738,US$/m3,I,False
Water use,Pressure on water resources,SDG 6.4.1. Water Use Efficiency,Philippines,2018,3.797696428,US$/m3,E,False
Water use,Pressure on water resources,SDG 6.4.1. Water Use Efficiency,Philippines,2019,4.342502022,US$/m3,E,False
Water use,Pressure on water resources,SDG 6.4.1. Water Use Efficiency,Philippines,2020,3.825438466,US$/m3,E,False
Water use,Pressure on water resources,SDG 6.4.1. Water Use Efficiency,Philippines,2021,3.980756322,US$/m3,E,False
Water use,Pressure on water resources,SDG 6.4.1. Water Use Efficiency,Poland,2018,46.387183432,US$/m3,I,False
Water use,Pressure on water resources,SDG 6.4.1. Water Use Efficiency,Poland,2019,49.736165437,US$/m3,I,False
Water use,Pressure on water resources,SDG 6.4.1. Water Use Efficiency,Poland,2020,51.996926378,US$/m3,I,False
Water use,Pressure on water resources,SDG 6.4.1. Water Use Efficiency,Poland,2021,51.691222716,US$/m3,I,False
Water use,Pressure on water resources,SDG 6.4.1. Water Use Efficiency,Portugal,2018,30.763267609,US$/m3,I,False
Water use,Pressure on water resources,SDG 6.4.1. Water Use Efficiency,Portugal,2019,30.913315784,US$/m3,I,False
Water use,Pressure on water resources,SDG 6.4.1. Water Use Efficiency,Portugal,2020,28.533127759,US$/m3,I,False
Water use,Pressure on water resources,SDG 6.4.1. Water Use Efficiency,Portugal,2021,29.898075043,US$/m3,I,False
Water use,Pressure on water resources,SDG 6.4.1. Water Use Efficiency,Puerto Rico,2018,28.950754182,US$/m3,I,False
Water use,Pressure on water resources,SDG 6.4.1. Water Use Efficiency,Puerto Rico,2019,29.104119568,US$/m3,I,False
Water use,Pressure on water resources,SDG 6.4.1. Water Use Efficiency,Puerto Rico,2020,28.226412372,US$/m3,I,False
Water use,Pressure on water resources,SDG 6.4.1. Water Use Efficiency,Puerto Rico,2021,28.236163996,US$/m3,I,False
Water use,Pressure on water resources,SDG 6.4.1. Water Use Efficiency,Qatar,2018,230.041231831,US$/m3,E,False
Water use,Pressure on water resources,SDG 6.4.1. Water Use Efficiency,Qatar,2019,196.922554066,US$/m3,E,False
Water use,Pressure on water resources,SDG 6.4.1. Water Use Efficiency,Qatar,2020,192.591431176,US$/m3,E,False
Water use,Pressure on water resources,SDG 6.4.1. Water Use Efficiency,Qatar,2021,184.278926779,US$/m3,E,False
Water use,Pressure on water resources,SDG 6.4.1. Water Use Efficiency,Republic of Korea,2018,53.663393452,US$/m3,I,False
Water use,Pressure on water resources,SDG 6.4.1. Water Use Efficiency,Republic of Korea,2019,54.951938498,US$/m3,I,False
Water use,Pressure on water resources,SDG 6.4.1. Water Use Efficiency,Republic of Korea,2020,54.369720435,US$/m3,I,False
Water use,Pressure on water resources,SDG 6.4.1. Water Use Efficiency,Republic of Korea,2021,56.554261657,US$/m3,I,False
Water use,Pressure on water resources,SDG 6.4.1. Water Use Efficiency,Republic of Moldova,2018,8.244616464,US$/m3,E,False
Water use,Pressure on water resources,SDG 6.4.1. Water Use Efficiency,Republic of Moldova,2019,8.585303495,US$/m3,E,False
Water use,Pressure on water resources,SDG 6.4.1. Water Use Efficiency,Republic of Moldova,2020,8.470379841,US$/m3,E,False
Water use,Pressure on water resources,SDG 6.4.1. Water Use Efficiency,Republic of Moldova,2021,9.373589214,US$/m3,E,False
Water use,Pressure on water resources,SDG 6.4.1. Water Use Efficiency,Romania,2018,28.171838636,US$/m3,I,False
Water use,Pressure on water resources,SDG 6.4.1. Water Use Efficiency,Romania,2019,26.895780629,US$/m3,I,False
Water use,Pressure on water resources,SDG 6.4.1. Water Use Efficiency,Romania,2020,24.671726119,US$/m3,I,False
Water use,Pressure on water resources,SDG 6.4.1. Water Use Efficiency,Romania,2021,24.209577336,US$/m3,I,False
Water use,Pressure on water resources,SDG 6.4.1. Water Use Efficiency,Russian Federation,2018,18.982674695,US$/m3,I,False
Water use,Pressure on water resources,SDG 6.4.1. Water Use Efficiency,Russian Federation,2019,19.479511568,US$/m3,I,False
Water use,Pressure on water resources,SDG 6.4.1. Water Use Efficiency,Russian Federation,2020,18.879337746,US$/m3,I,False
Water use,Pressure on water resources,SDG 6.4.1. Water Use Efficiency,Russian Federation,2021,19.809675893,US$/m3,I,False
Water use,Pressure on water resources,SDG 6.4.1. Water Use Efficiency,Rwanda,2018,12.092327385,US$/m3,I,False
Water use,Pressure on water resources,SDG 6.4.1. Water Use Efficiency,Rwanda,2019,12.659475849,US$/m3,I,False
Water use,Pressure on water resources,SDG 6.4.1. Water Use Efficiency,Rwanda,2020,11.985261189,US$/m3,I,False
Water use,Pressure on water resources,SDG 6.4.1. Water Use Efficiency,Rwanda,2021,13.628290342,US$/m3,I,False
Water use,Pressure on water resources,SDG 6.4.1. Water Use Efficiency,Sao Tome and Principe,2018,7.707121768,US$/m3,I,False
Water use,Pressure on water resources,SDG 6.4.1. Water Use Efficiency,Sao Tome and Principe,2019,7.852110735,US$/m3,I,False
Water use,Pressure on water resources,SDG 6.4.1. Water Use Efficiency,Sao Tome and Principe,2020,7.940833186,US$/m3,I,False
Water use,Pressure on water resources,SDG 6.4.1. Water Use Efficiency,Sao Tome and Principe,2021,8.197092773,US$/m3,I,False
Water use,Pressure on water resources,SDG 6.4.1. Water Use Efficiency,Saudi Arabia,2018,25.491774112,US$/m3,E,False
Water use,Pressure on water resources,SDG 6.4.1. Water Use Efficiency,Saudi Arabia,2019,25.513785324,US$/m3,E,False
Water use,Pressure on water resources,SDG 6.4.1. Water Use Efficiency,Saudi Arabia,2020,24.165343765,US$/m3,E,False
Water use,Pressure on water resources,SDG 6.4.1. Water Use Efficiency,Saudi Arabia,2021,24.443785655,US$/m3,E,False
Water use,Pressure on water resources,SDG 6.4.1. Water Use Efficiency,Senegal,2018,5.486236911,US$/m3,E,False
Water use,Pressure on water resources,SDG 6.4.1. Water Use Efficiency,Senegal,2019,5.624217102,US$/m3,E,False
Water use,Pressure on water resources,SDG 6.4.1. Water Use Efficiency,Senegal,2020,5.624889291,US$/m3,E,False
Water use,Pressure on water resources,SDG 6.4.1. Water Use Efficiency,Senegal,2021,6.025309569,US$/m3,E,False
Water use,Pressure on water resources,SDG 6.4.1. Water Use Efficiency,Serbia,2018,6.040186313,US$/m3,I,False
Water use,Pressure on water resources,SDG 6.4.1. Water Use Efficiency,Serbia,2019,6.251403128,US$/m3,I,False
Water use,Pressure on water resources,SDG 6.4.1. Water Use Efficiency,Serbia,2020,6.534430746,US$/m3,I,False
Water use,Pressure on water resources,SDG 6.4.1. Water Use Efficiency,Serbia,2021,7.401978906,US$/m3,I,False
Water use,Pressure on water resources,SDG 6.4.1. Water Use Efficiency,Seychelles,2018,90.358815987,US$/m3,I,False
Water use,Pressure on water resources,SDG 6.4.1. Water Use Efficiency,Seychelles,2019,96.48524868,US$/m3,I,False
Water use,Pressure on water resources,SDG 6.4.1. Water Use Efficiency,Seychelles,2020,87.944777534,US$/m3,I,False
Water use,Pressure on water resources,SDG 6.4.1. Water Use Efficiency,Seychelles,2021,90.612729792,US$/m3,I,False
Water use,Pressure on water resources,SDG 6.4.1. Water Use Efficiency,Sierra Leone,2018,9.380051909,US$/m3,I,False
Water use,Pressure on water resources,SDG 6.4.1. Water Use Efficiency,Sierra Leone,2019,10.039831952,US$/m3,I,False
Water use,Pressure on water resources,SDG 6.4.1. Water Use Efficiency,Sierra Leone,2020,9.358217452,US$/m3,I,False
Water use,Pressure on water resources,SDG 6.4.1. Water Use Efficiency,Sierra Leone,2021,10.212153331,US$/m3,I,False
Water use,Pressure on water resources,SDG 6.4.1. Water Use Efficiency,Slovakia,2018,152.542579674,US$/m3,E,False
Water use,Pressure on water resources,SDG 6.4.1. Water Use Efficiency,Slovakia,2019,156.288621156,US$/m3,E,False
Water use,Pressure on water resources,SDG 6.4.1. Water Use Efficiency,Slovakia,2020,152.333208619,US$/m3,E,False
Water use,Pressure on water resources,SDG 6.4.1. Water Use Efficiency,Slovakia,2021,152.758394098,US$/m3,E,False
Water use,Pressure on water resources,SDG 6.4.1. Water Use Efficiency,Slovenia,2018,43.011137424,US$/m3,E,False
Water use,Pressure on water resources,SDG 6.4.1. Water Use Efficiency,Slovenia,2019,45.542473086,US$/m3,E,False
Water use,Pressure on water resources,SDG 6.4.1. Water Use Efficiency,Slovenia,2020,41.450289669,US$/m3,E,False
Water use,Pressure on water resources,SDG 6.4.1. Water Use Efficiency,Slovenia,2021,48.302202397,US$/m3,E,False
Water use,Pressure on water resources,SDG 6.4.1. Water Use Efficiency,Somalia,2018,0.822132738,US$/m3,I,False
Water use,Pressure on water resources,SDG 6.4.1. Water Use Efficiency,Somalia,2019,0.844127616,US$/m3,I,False
Water use,Pressure on water resources,SDG 6.4.1. Water Use Efficiency,Somalia,2020,0.84170381,US$/m3,I,False
Water use,Pressure on water resources,SDG 6.4.1. Water Use Efficiency,Somalia,2021,0.866524754,US$/m3,I,False
Water use,Pressure on water resources,SDG 6.4.1. Water Use Efficiency,South Africa,2018,15.917953024,US$/m3,I,False
Water use,Pressure on water resources,SDG 6.4.1. Water Use Efficiency,South Africa,2019,16.77977522,US$/m3,I,False
Water use,Pressure on water resources,SDG 6.4.1. Water Use Efficiency,South Africa,2020,15.511652909,US$/m3,I,False
Water use,Pressure on water resources,SDG 6.4.1. Water Use Efficiency,South Africa,2021,15.843132743,US$/m3,I,False
Water use,Pressure on water resources,SDG 6.4.1. Water Use Efficiency,South Sudan,2018,8.49933747,US$/m3,I,False
Water use,Pressure on water resources,SDG 6.4.1. Water Use Efficiency,South Sudan,2019,9.37781537,US$/m3,I,False
Water use,Pressure on water resources,SDG 6.4.1. Water Use Efficiency,South Sudan,2020,8.848275745,US$/m3,I,False
Water use,Pressure on water resources,SDG 6.4.1. Water Use Efficiency,South Sudan,2021,8.826905498,US$/m3,I,False
Water use,Pressure on water resources,SDG 6.4.1. Water Use Efficiency,Spain,2018,39.064812054,US$/m3,E,False
Water use,Pressure on water resources,SDG 6.4.1. Water Use Efficiency,Spain,2019,40.289757451,US$/m3,E,False
Water use,Pressure on water resources,SDG 6.4.1. Water Use Efficiency,Spain,2020,36.072600266,US$/m3,E,False
Water use,Pressure on water resources,SDG 6.4.1. Water Use Efficiency,Spain,2021,37.781166069,US$/m3,E,False
Water use,Pressure on water resources,SDG 6.4.1. Water Use Efficiency,Sri Lanka,2018,6.091788641,US$/m3,I,False
Water use,Pressure on water resources,SDG 6.4.1. Water Use Efficiency,Sri Lanka,2019,6.353304411,US$/m3,I,False
Water use,Pressure on water resources,SDG 6.4.1. Water Use Efficiency,Sri Lanka,2020,6.166707231,US$/m3,I,False
Water use,Pressure on water resources,SDG 6.4.1. Water Use Efficiency,Sri Lanka,2021,6.387310973,US$/m3,I,False
Water use,Pressure on water resources,SDG 6.4.1. Water Use Efficiency,Sudan,2018,2.977282222,US$/m3,I,False
Water use,Pressure on water resources,SDG 6.4.1. Water Use Efficiency,Sudan,2019,2.966210818,US$/m3,I,False
Water use,Pressure on water resources,SDG 6.4.1. Water Use Efficiency,Sudan,2020,2.042734997,US$/m3,I,False
Water use,Pressure on water resources,SDG 6.4.1. Water Use Efficiency,Sudan,2021,4.987500032,US$/m3,I,False
Water use,Pressure on water resources,SDG 6.4.1. Water Use Efficiency,Suriname,2018,8.726576667,US$/m3,E,False
Water use,Pressure on water resources,SDG 6.4.1. Water Use Efficiency,Suriname,2019,8.351373168,US$/m3,E,False
Water use,Pressure on water resources,SDG 6.4.1. Water Use Efficiency,Suriname,2020,6.926209017,US$/m3,E,False
Water use,Pressure on water resources,SDG 6.4.1. Water Use Efficiency,Suriname,2021,6.81319532,US$/m3,E,False
Water use,Pressure on water resources,SDG 6.4.1. Water Use Efficiency,Sweden,2018,214.800319774,US$/m3,I,False
Water use,Pressure on water resources,SDG 6.4.1. Water Use Efficiency,Sweden,2019,225.887128941,US$/m3,I,False
Water use,Pressure on water resources,SDG 6.4.1. Water Use Efficiency,Sweden,2020,189.476244155,US$/m3,I,False
Water use,Pressure on water resources,SDG 6.4.1. Water Use Efficiency,Sweden,2021,239.187353494,US$/m3,I,False
Water use,Pressure on water resources,SDG 6.4.1. Water Use Efficiency,Switzerland,2018,409.598533651,US$/m3,I,False
Water use,Pressure on water resources,SDG 6.4.1. Water Use Efficiency,Switzerland,2019,423.873025717,US$/m3,I,False
Water use,Pressure on water resources,SDG 6.4.1. Water Use Efficiency,Switzerland,2020,410.860225743,US$/m3,I,False
Water use,Pressure on water resources,SDG 6.4.1. Water Use Efficiency,Switzerland,2021,432.417869925,US$/m3,I,False
Water use,Pressure on water resources,SDG 6.4.1. Water Use Efficiency,Syrian Arab Republic,2018,0.994378604,US$/m3,I,False
Water use,Pressure on water resources,SDG 6.4.1. Water Use Efficiency,Syrian Arab Republic,2019,1.03177378,US$/m3,I,False
Water use,Pressure on water resources,SDG 6.4.1. Water Use Efficiency,Syrian Arab Republic,2020,0.923362182,US$/m3,I,False
Water use,Pressure on water resources,SDG 6.4.1. Water Use Efficiency,Syrian Arab Republic,2021,0.896596395,US$/m3,I,False
Water use,Pressure on water resources,SDG 6.4.1. Water Use Efficiency,Tajikistan,2018,0.910502741,US$/m3,I,False
Water use,Pressure on water resources,SDG 6.4.1. Water Use Efficiency,Tajikistan,2019,0.90079263,US$/m3,I,False
Water use,Pressure on water resources,SDG 6.4.1. Water Use Efficiency,Tajikistan,2020,1.011724203,US$/m3,I,False
Water use,Pressure on water resources,SDG 6.4.1. Water Use Efficiency,Tajikistan,2021,1.082275363,US$/m3,I,False
Water use,Pressure on water resources,SDG 6.4.1. Water Use Efficiency,Thailand,2018,7.556274488,US$/m3,I,False
Water use,Pressure on water resources,SDG 6.4.1. Water Use Efficiency,Thailand,2019,7.721775452,US$/m3,I,False
Water use,Pressure on water resources,SDG 6.4.1. Water Use Efficiency,Thailand,2020,7.214944489,US$/m3,I,False
Water use,Pressure on water resources,SDG 6.4.1. Water Use Efficiency,Thailand,2021,7.341395422,US$/m3,I,False
Water use,Pressure on water resources,SDG 6.4.1. Water Use Efficiency,Timor-Leste,2018,1.19250704,US$/m3,I,False
Water use,Pressure on water resources,SDG 6.4.1. Water Use Efficiency,Timor-Leste,2019,1.44239577,US$/m3,I,False
Water use,Pressure on water resources,SDG 6.4.1. Water Use Efficiency,Timor-Leste,2020,1.51816912,US$/m3,I,False
Water use,Pressure on water resources,SDG 6.4.1. Water Use Efficiency,Timor-Leste,2021,1.600060013,US$/m3,I,False
Water use,Pressure on water resources,SDG 6.4.1. Water Use Efficiency,Togo,2018,21.274153272,US$/m3,I,False
Water use,Pressure on water resources,SDG 6.4.1. Water Use Efficiency,Togo,2019,22.015855632,US$/m3,I,False
Water use,Pressure on water resources,SDG 6.4.1. Water Use Efficiency,Togo,2020,22.748742735,US$/m3,I,False
Water use,Pressure on water resources,SDG 6.4.1. Water Use Efficiency,Togo,2021,23.724837233,US$/m3,I,False
Water use,Pressure on water resources,SDG 6.4.1. Water Use Efficiency,Trinidad and Tobago,2018,60.263938999,US$/m3,E,False
Water use,Pressure on water resources,SDG 6.4.1. Water Use Efficiency,Trinidad and Tobago,2019,60.684296692,US$/m3,E,False
Water use,Pressure on water resources,SDG 6.4.1. Water Use Efficiency,Trinidad and Tobago,2020,55.261222131,US$/m3,E,False
Water use,Pressure on water resources,SDG 6.4.1. Water Use Efficiency,Trinidad and Tobago,2021,54.434344821,US$/m3,E,False
Water use,Pressure on water resources,SDG 6.4.1. Water Use Efficiency,Tunisia,2018,11.263493113,US$/m3,I,False
Water use,Pressure on water resources,SDG 6.4.1. Water Use Efficiency,Tunisia,2019,11.4437013,US$/m3,I,False
Water use,Pressure on water resources,SDG 6.4.1. Water Use Efficiency,Tunisia,2020,11.003045821,US$/m3,I,False
Water use,Pressure on water resources,SDG 6.4.1. Water Use Efficiency,Tunisia,2021,11.683769205,US$/m3,I,False
Water use,Pressure on water resources,SDG 6.4.1. Water Use Efficiency,Turkmenistan,2018,1.331191691,US$/m3,E,False
Water use,Pressure on water resources,SDG 6.4.1. Water Use Efficiency,Turkmenistan,2019,1.271017893,US$/m3,E,False
Water use,Pressure on water resources,SDG 6.4.1. Water Use Efficiency,Turkmenistan,2020,1.276814911,US$/m3,E,False
Water use,Pressure on water resources,SDG 6.4.1. Water Use Efficiency,Turkmenistan,2021,2.031319546,US$/m3,E,False
Water use,Pressure on water resources,SDG 6.4.1. Water Use Efficiency,Türkiye,2018,14.111477314,US$/m3,I,False
Water use,Pressure on water resources,SDG 6.4.1. Water Use Efficiency,Türkiye,2019,13.549025657,US$/m3,I,False
Water use,Pressure on water resources,SDG 6.4.1. Water Use Efficiency,Türkiye,2020,13.587696529,US$/m3,I,False
Water use,Pressure on water resources,SDG 6.4.1. Water Use Efficiency,Türkiye,2021,16.374582941,US$/m3,I,False
Water use,Pressure on water resources,SDG 6.4.1. Water Use Efficiency,Uganda,2018,36.577811506,US$/m3,I,False
Water use,Pressure on water resources,SDG 6.4.1. Water Use Efficiency,Uganda,2019,39.211823433,US$/m3,I,False
Water use,Pressure on water resources,SDG 6.4.1. Water Use Efficiency,Uganda,2020,38.225818247,US$/m3,I,False
Water use,Pressure on water resources,SDG 6.4.1. Water Use Efficiency,Uganda,2021,41.398265418,US$/m3,I,False
Water use,Pressure on water resources,SDG 6.4.1. Water Use Efficiency,Ukraine,2018,6.604563978,US$/m3,E,False
Water use,Pressure on water resources,SDG 6.4.1. Water Use Efficiency,Ukraine,2019,7.121163578,US$/m3,E,False
Water use,Pressure on water resources,SDG 6.4.1. Water Use Efficiency,Ukraine,2020,7.64389166,US$/m3,E,False
Water use,Pressure on water resources,SDG 6.4.1. Water Use Efficiency,Ukraine,2021,7.772915251,US$/m3,E,False
Water use,Pressure on water resources,SDG 6.4.1. Water Use Efficiency,United Arab Emirates,2018,75.084894333,US$/m3,E,False
Water use,Pressure on water resources,SDG 6.4.1. Water Use Efficiency,United Arab Emirates,2019,78.500288746,US$/m3,E,False
Water use,Pressure on water resources,SDG 6.4.1. Water Use Efficiency,United Arab Emirates,2020,75.477946735,US$/m3,E,False
Water use,Pressure on water resources,SDG 6.4.1. Water Use Efficiency,United Arab Emirates,2021,79.610530936,US$/m3,E,False
Water use,Pressure on water resources,SDG 6.4.1. Water Use Efficiency,United Kingdom of Great Britain and Northern Ireland,2018,329.13171968,US$/m3,I,False
Water use,Pressure on water resources,SDG 6.4.1. Water Use Efficiency,United Kingdom of Great Britain and Northern Ireland,2019,334.696116893,US$/m3,I,False
Water use,Pressure on water resources,SDG 6.4.1. Water Use Efficiency,United Kingdom of Great Britain and Northern Ireland,2020,300.58761481,US$/m3,I,False
Water use,Pressure on water resources,SDG 6.4.1. Water Use Efficiency,United Kingdom of Great Britain and Northern Ireland,2021,320.902032527,US$/m3,I,False
Water use,Pressure on water resources,SDG 6.4.1. Water Use Efficiency,United Republic of Tanzania,2018,7.551865578,US$/m3,E,False
Water use,Pressure on water resources,SDG 6.4.1. Water Use Efficiency,United Republic of Tanzania,2019,8.211723849,US$/m3,E,False
Water use,Pressure on water resources,SDG 6.4.1. Water Use Efficiency,United Republic of Tanzania,2020,8.697871077,US$/m3,E,False
Water use,Pressure on water resources,SDG 6.4.1. Water Use Efficiency,United Republic of Tanzania,2021,9.101690611,US$/m3,E,False
Water use,Pressure on water resources,SDG 6.4.1. Water Use Efficiency,United States of America,2018,43.554007596,US$/m3,I,False
Water use,Pressure on water resources,SDG 6.4.1. Water Use Efficiency,United States of America,2019,44.590273074,US$/m3,I,False
Water use,Pressure on water resources,SDG 6.4.1. Water Use Efficiency,United States of America,2020,43.348168007,US$/m3,I,False
Water use,Pressure on water resources,SDG 6.4.1. Water Use Efficiency,United States of America,2021,45.882501043,US$/m3,I,False
Water use,Pressure on water resources,SDG 6.4.1. Water Use Efficiency,Uruguay,2018,13.713947985,US$/m3,I,False
Water use,Pressure on water resources,SDG 6.4.1. Water Use Efficiency,Uruguay,2019,13.69597176,US$/m3,I,False
Water use,Pressure on water resources,SDG 6.4.1. Water Use Efficiency,Uruguay,2020,12.722450202,US$/m3,I,False
Water use,Pressure on water resources,SDG 6.4.1. Water Use Efficiency,Uruguay,2021,13.282776205,US$/m3,I,False
Water use,Pressure on water resources,SDG 6.4.1. Water Use Efficiency,Uzbekistan,2018,1.609902615,US$/m3,I,False
Water use,Pressure on water resources,SDG 6.4.1. Water Use Efficiency,Uzbekistan,2019,1.837773679,US$/m3,I,False
Water use,Pressure on water resources,SDG 6.4.1. Water Use Efficiency,Uzbekistan,2020,2.008436134,US$/m3,I,False
Water use,Pressure on water resources,SDG 6.4.1. Water Use Efficiency,Uzbekistan,2021,2.534458626,US$/m3,I,False
Water use,Pressure on water resources,SDG 6.4.1. Water Use Efficiency,Venezuela (Bolivarian Republic of),2018,8.130746776,US$/m3,I,False
Water use,Pressure on water resources,SDG 6.4.1. Water Use Efficiency,Venezuela (Bolivarian Republic of),2019,5.801752637,US$/m3,I,False
Water use,Pressure on water resources,SDG 6.4.1. Water Use Efficiency,Venezuela (Bolivarian Republic of),2020,4.006521405,US$/m3,I,False
Water use,Pressure on water resources,SDG 6.4.1. Water Use Efficiency,Venezuela (Bolivarian Republic of),2021,3.990797492,US$/m3,I,False
Water use,Pressure on water resources,SDG 6.4.1. Water Use Efficiency,Viet Nam,2018,3.104383304,US$/m3,I,False
Water use,Pressure on water resources,SDG 6.4.1. Water Use Efficiency,Viet Nam,2019,3.346914548,US$/m3,I,False
Water use,Pressure on water resources,SDG 6.4.1. Water Use Efficiency,Viet Nam,2020,3.439526712,US$/m3,I,False
Water use,Pressure on water resources,SDG 6.4.1. Water Use Efficiency,Viet Nam,2021,3.615029193,US$/m3,I,False
Water use,Pressure on water resources,SDG 6.4.1. Water Use Efficiency,Yemen,2018,4.716797765,US$/m3,I,False
Water use,Pressure on water resources,SDG 6.4.1. Water Use Efficiency,Yemen,2019,4.775400499,US$/m3,I,False
Water use,Pressure on water resources,SDG 6.4.1. Water Use Efficiency,Yemen,2020,4.835732301,US$/m3,I,False
Water use,Pressure on water resources,SDG 6.4.1. Water Use Efficiency,Yemen,2021,4.788618287,US$/m3,I,False
Water use,Pressure on water resources,SDG 6.4.1. Water Use Efficiency,Zambia,2018,13.185762011,US$/m3,E,False
Water use,Pressure on water resources,SDG 6.4.1. Water Use Efficiency,Zambia,2019,13.493870401,US$/m3,E,False
Water use,Pressure on water resources,SDG 6.4.1. Water Use Efficiency,Zambia,2020,13.461580491,US$/m3,E,False
Water use,Pressure on water resources,SDG 6.4.1. Water Use Efficiency,Zambia,2021,14.439302479,US$/m3,E,False
Water use,Pressure on water resources,SDG 6.4.1. Water Use Efficiency,Zimbabwe,2018,5.11830921,US$/m3,I,False
Water use,Pressure on water resources,SDG 6.4.1. Water Use Efficiency,Zimbabwe,2019,4.174240807,US$/m3,I,False
Water use,Pressure on water resources,SDG 6.4.1. Water Use Efficiency,Zimbabwe,2020,3.450828528,US$/m3,I,False
Water use,Pressure on water resources,SDG 6.4.1. Water Use Efficiency,Zimbabwe,2021,3.659397636,US$/m3,I,False
Water use,Pressure on water resources,SDG 6.4.2. Water Stress,Afghanistan,2018,54.757019438,%,E,False
Water use,Pressure on water resources,SDG 6.4.2. Water Stress,Afghanistan,2019,54.757019438,%,E,False
Water use,Pressure on water resources,SDG 6.4.2. Water Stress,Afghanistan,2020,54.757019438,%,E,False
Water use,Pressure on water resources,SDG 6.4.2. Water Stress,Afghanistan,2021,54.757019438,%,E,False
Water use,Pressure on water resources,SDG 6.4.2. Water Stress,Albania,2018,5.757211539,%,E,False
Water use,Pressure on water resources,SDG 6.4.2. Water Stress,Albania,2019,6.796875,%,E,False
Water use,Pressure on water resources,SDG 6.4.2. Water Stress,Albania,2020,4.723557692,%,E,False
Water use,Pressure on water resources,SDG 6.4.2. Water Stress,Albania,2021,4.783653846,%,E,False
Water use,Pressure on water resources,SDG 6.4.2. Water Stress,Algeria,2018,137.920360208,%,E,False
Water use,Pressure on water resources,SDG 6.4.2. Water Stress,Algeria,2019,137.920360208,%,E,False
Water use,Pressure on water resources,SDG 6.4.2. Water Stress,Algeria,2020,137.920360208,%,E,False
Water use,Pressure on water resources,SDG 6.4.2. Water Stress,Algeria,2021,137.920360208,%,E,False
Water use,Pressure on water resources,SDG 6.4.2. Water Stress,Angola,2018,1.871883289,%,E,False
Water use,Pressure on water resources,SDG 6.4.2. Water Stress,Angola,2019,1.871883289,%,E,False
Water use,Pressure on water resources,SDG 6.4.2. Water Stress,Angola,2020,1.871883289,%,E,False
Water use,Pressure on water resources,SDG 6.4.2. Water Stress,Angola,2021,1.871883289,%,E,False
Water use,Pressure on water resources,SDG 6.4.2. Water Stress,Antigua and Barbuda,2018,8.461538461,%,I,False
Water use,Pressure on water resources,SDG 6.4.2. Water Stress,Antigua and Barbuda,2019,8.461538461,%,I,False
Water use,Pressure on water resources,SDG 6.4.2. Water Stress,Antigua and Barbuda,2020,8.461538461,%,I,False
Water use,Pressure on water resources,SDG 6.4.2. Water Stress,Antigua and Barbuda,2021,8.461538461,%,I,False
Water use,Pressure on water resources,SDG 6.4.2. Water Stress,Argentina,2018,10.456664077,%,E,False
Water use,Pressure on water resources,SDG 6.4.2. Water Stress,Argentina,2019,10.456664077,%,E,False
Water use,Pressure on water resources,SDG 6.4.2. Water Stress,Argentina,2020,10.456664077,%,E,False
Water use,Pressure on water resources,SDG 6.4.2. Water Stress,Argentina,2021,10.456664077,%,E,False
Water use,Pressure on water resources,SDG 6.4.2. Water Stress,Armenia,2018,54.750857373,%,E,False
Water use,Pressure on water resources,SDG 6.4.2. Water Stress,Armenia,2019,57.79705467,%,E,False
Water use,Pressure on water resources,SDG 6.4.2. Water Stress,Armenia,2020,57.090982449,%,E,False
Water use,Pressure on water resources,SDG 6.4.2. Water Stress,Armenia,2021,59.854750857,%,E,False
Water use,Pressure on water resources,SDG 6.4.2. Water Stress,Australia,2018,4.957780458,%,E,False
Water use,Pressure on water resources,SDG 6.4.2. Water Stress,Australia,2019,4.246079614,%,E,False
Water use,Pressure on water resources,SDG 6.4.2. Water Stress,Australia,2020,3.486127865,%,E,False
Water use,Pressure on water resources,SDG 6.4.2. Water Stress,Australia,2021,4.599919582,%,E,False
Water use,Pressure on water resources,SDG 6.4.2. Water Stress,Austria,2018,8.783887507,%,E,False
Water use,Pressure on water resources,SDG 6.4.2. Water Stress,Austria,2019,8.676429953,%,E,False
Water use,Pressure on water resources,SDG 6.4.2. Water Stress,Austria,2020,8.676429953,%,E,False
Water use,Pressure on water resources,SDG 6.4.2. Water Stress,Austria,2021,8.676429953,%,E,False
Water use,Pressure on water resources,SDG 6.4.2. Water Stress,Azerbaijan,2018,53.729300066,%,E,False
Water use,Pressure on water resources,SDG 6.4.2. Water Stress,Azerbaijan,2019,55.597262089,%,E,False
Water use,Pressure on water resources,SDG 6.4.2. Water Stress,Azerbaijan,2020,53.888628836,%,E,False
Water use,Pressure on water resources,SDG 6.4.2. Water Stress,Azerbaijan,2021,57.265886509,%,E,False
Water use,Pressure on water resources,SDG 6.4.2. Water Stress,Bahrain,2018,133.706896552,%,I,False
Water use,Pressure on water resources,SDG 6.4.2. Water Stress,Bahrain,2019,133.706896552,%,I,False
Water use,Pressure on water resources,SDG 6.4.2. Water Stress,Bahrain,2020,133.706896552,%,I,False
Water use,Pressure on water resources,SDG 6.4.2. Water Stress,Bahrain,2021,133.706896552,%,I,False
Water use,Pressure on water resources,SDG 6.4.2. Water Stress,Bangladesh,2018,5.723339482,%,E,False
Water use,Pressure on water resources,SDG 6.4.2. Water Stress,Bangladesh,2019,5.723339482,%,E,False
Water use,Pressure on water resources,SDG 6.4.2. Water Stress,Bangladesh,2020,5.723339482,%,E,False
Water use,Pressure on water resources,SDG 6.4.2. Water Stress,Bangladesh,2021,5.723339482,%,E,False
Water use,Pressure on water resources,SDG 6.4.2. Water Stress,Barbados,2018,87.5,%,I,False
Water use,Pressure on water resources,SDG 6.4.2. Water Stress,Barbados,2019,87.5,%,I,False
Water use,Pressure on water resources,SDG 6.4.2. Water Stress,Barbados,2020,87.5,%,I,False
Water use,Pressure on water resources,SDG 6.4.2. Water Stress,Barbados,2021,87.5,%,I,False
Water use,Pressure on water resources,SDG 6.4.2. Water Stress,Belarus,2018,4.581410679,%,E,False
Water use,Pressure on water resources,SDG 6.4.2. Water Stress,Belarus,2019,4.475939354,%,E,False
Water use,Pressure on water resources,SDG 6.4.2. Water Stress,Belarus,2020,4.377059987,%,E,False
Water use,Pressure on water resources,SDG 6.4.2. Water Stress,Belarus,2021,4.696769941,%,E,False
Water use,Pressure on water resources,SDG 6.4.2. Water Stress,Belgium,2018,51.28992629,%,E,False
Water use,Pressure on water resources,SDG 6.4.2. Water Stress,Belgium,2019,51.584766585,%,E,False
Water use,Pressure on water resources,SDG 6.4.2. Water Stress,Belgium,2020,51.87960688,%,E,False
Water use,Pressure on water resources,SDG 6.4.2. Water Stress,Belgium,2021,51.87960688,%,E,False
Water use,Pressure on water resources,SDG 6.4.2. Water Stress,Belize,2018,1.260294485,%,E,False
Water use,Pressure on water resources,SDG 6.4.2. Water Stress,Belize,2019,1.260294485,%,E,False
Water use,Pressure on water resources,SDG 6.4.2. Water Stress,Belize,2020,1.260294485,%,E,False
Water use,Pressure on water resources,SDG 6.4.2. Water Stress,Belize,2021,1.260294485,%,E,False
Water use,Pressure on water resources,SDG 6.4.2. Water Stress,Benin,2018,0.975243811,%,E,False
Water use,Pressure on water resources,SDG 6.4.2. Water Stress,Benin,2019,0.975243811,%,E,False
Water use,Pressure on water resources,SDG 6.4.2. Water Stress,Benin,2020,0.975243811,%,E,False
Water use,Pressure on water resources,SDG 6.4.2. Water Stress,Benin,2021,0.975243811,%,E,False
Water use,Pressure on water resources,SDG 6.4.2. Water Stress,Bhutan,2018,1.413807531,%,E,False
Water use,Pressure on water resources,SDG 6.4.2. Water Stress,Bhutan,2019,1.413807531,%,E,False
Water use,Pressure on water resources,SDG 6.4.2. Water Stress,Bhutan,2020,1.413807531,%,E,False
Water use,Pressure on water resources,SDG 6.4.2. Water Stress,Bhutan,2021,1.413807531,%,E,False
Water use,Pressure on water resources,SDG 6.4.2. Water Stress,Bolivia (Plurinational State of),2018,1.235985321,%,E,False
Water use,Pressure on water resources,SDG 6.4.2. Water Stress,Bolivia (Plurinational State of),2019,1.242539121,%,E,False
Water use,Pressure on water resources,SDG 6.4.2. Water Stress,Bolivia (Plurinational State of),2020,1.245288557,%,E,False
Water use,Pressure on water resources,SDG 6.4.2. Water Stress,Bolivia (Plurinational State of),2021,1.2429031,%,E,False
Water use,Pressure on water resources,SDG 6.4.2. Water Stress,Bosnia and Herzegovina,2018,2.071713147,%,E,False
Water use,Pressure on water resources,SDG 6.4.2. Water Stress,Bosnia and Herzegovina,2019,2.028552457,%,E,False
Water use,Pressure on water resources,SDG 6.4.2. Water Stress,Bosnia and Herzegovina,2020,1.999521912,%,E,False
Water use,Pressure on water resources,SDG 6.4.2. Water Stress,Bosnia and Herzegovina,2021,2.034840637,%,E,False
Water use,Pressure on water resources,SDG 6.4.2. Water Stress,Botswana,2018,2.133221792,%,E,False
Water use,Pressure on water resources,SDG 6.4.2. Water Stress,Botswana,2019,2.112307853,%,E,False
Water use,Pressure on water resources,SDG 6.4.2. Water Stress,Botswana,2020,2.305004706,%,E,False
Water use,Pressure on water resources,SDG 6.4.2. Water Stress,Botswana,2021,2.442972916,%,E,False
Water use,Pressure on water resources,SDG 6.4.2. Water Stress,Brazil,2018,1.464112726,%,E,False
Water use,Pressure on water resources,SDG 6.4.2. Water Stress,Brazil,2019,1.484808454,%,E,False
Water use,Pressure on water resources,SDG 6.4.2. Water Stress,Brazil,2020,1.479304271,%,E,False
Water use,Pressure on water resources,SDG 6.4.2. Water Stress,Brazil,2021,1.481946279,%,E,False
Water use,Pressure on water resources,SDG 6.4.2. Water Stress,Brunei Darussalam,2018,3.466465712,%,E,False
Water use,Pressure on water resources,SDG 6.4.2. Water Stress,Brunei Darussalam,2019,3.466465712,%,E,False
Water use,Pressure on water resources,SDG 6.4.2. Water Stress,Brunei Darussalam,2020,3.466465712,%,E,False
Water use,Pressure on water resources,SDG 6.4.2. Water Stress,Brunei Darussalam,2021,3.466465712,%,E,False
Water use,Pressure on water resources,SDG 6.4.2. Water Stress,Bulgaria,2018,40.099046493,%,E,False
Water use,Pressure on water resources,SDG 6.4.2. Water Stress,Bulgaria,2019,40.076871905,%,E,False
Water use,Pressure on water resources,SDG 6.4.2. Water Stress,Bulgaria,2020,37.519402764,%,E,False
Water use,Pressure on water resources,SDG 6.4.2. Water Stress,Bulgaria,2021,37.519402764,%,E,False
Water use,Pressure on water resources,SDG 6.4.2. Water Stress,Burkina Faso,2018,7.820267686,%,E,False
Water use,Pressure on water resources,SDG 6.4.2. Water Stress,Burkina Faso,2019,7.820267686,%,E,False
Water use,Pressure on water resources,SDG 6.4.2. Water Stress,Burkina Faso,2020,7.820267686,%,E,False
Water use,Pressure on water resources,SDG 6.4.2. Water Stress,Burkina Faso,2021,7.820267686,%,E,False
Water use,Pressure on water resources,SDG 6.4.2. Water Stress,Burundi,2018,10.19286754,%,E,False
Water use,Pressure on water resources,SDG 6.4.2. Water Stress,Burundi,2019,10.19286754,%,E,False
Water use,Pressure on water resources,SDG 6.4.2. Water Stress,Burundi,2020,10.19286754,%,E,False
Water use,Pressure on water resources,SDG 6.4.2. Water Stress,Burundi,2021,10.19286754,%,E,False
Water use,Pressure on water resources,SDG 6.4.2. Water Stress,Cabo Verde,2018,44.389008407,%,E,False
Water use,Pressure on water resources,SDG 6.4.2. Water Stress,Cabo Verde,2019,48.95751,%,E,False
Water use,Pressure on water resources,SDG 6.4.2. Water Stress,Cabo Verde,2020,68.943736667,%,E,False
Water use,Pressure on water resources,SDG 6.4.2. Water Stress,Cabo Verde,2021,57.177506667,%,E,False
Water use,Pressure on water resources,SDG 6.4.2. Water Stress,Cambodia,2018,1.03654485,%,E,False
Water use,Pressure on water resources,SDG 6.4.2. Water Stress,Cambodia,2019,1.03654485,%,E,False
Water use,Pressure on water resources,SDG 6.4.2. Water Stress,Cambodia,2020,1.03654485,%,E,False
Water use,Pressure on water resources,SDG 6.4.2. Water Stress,Cambodia,2021,1.03654485,%,E,False
Water use,Pressure on water resources,SDG 6.4.2. Water Stress,Cameroon,2018,1.560430107,%,E,False
Water use,Pressure on water resources,SDG 6.4.2. Water Stress,Cameroon,2019,1.560430107,%,E,False
Water use,Pressure on water resources,SDG 6.4.2. Water Stress,Cameroon,2020,1.560430107,%,E,False
Water use,Pressure on water resources,SDG 6.4.2. Water Stress,Cameroon,2021,1.560430107,%,E,False
Water use,Pressure on water resources,SDG 6.4.2. Water Stress,Canada,2018,3.733573635,%,E,False
Water use,Pressure on water resources,SDG 6.4.2. Water Stress,Canada,2019,3.733573635,%,E,False
Water use,Pressure on water resources,SDG 6.4.2. Water Stress,Canada,2020,3.733573635,%,E,False
Water use,Pressure on water resources,SDG 6.4.2. Water Stress,Canada,2021,3.733573635,%,E,False
Water use,Pressure on water resources,SDG 6.4.2. Water Stress,Central African Republic,2018,0.335648148,%,E,False
Water use,Pressure on water resources,SDG 6.4.2. Water Stress,Central African Republic,2019,0.335648148,%,E,False
Water use,Pressure on water resources,SDG 6.4.2. Water Stress,Central African Republic,2020,0.335648148,%,E,False
Water use,Pressure on water resources,SDG 6.4.2. Water Stress,Central African Republic,2021,0.335648148,%,E,False
Water use,Pressure on water resources,SDG 6.4.2. Water Stress,Chad,2018,4.294921875,%,E,False
Water use,Pressure on water resources,SDG 6.4.2. Water Stress,Chad,2019,4.294921875,%,E,False
Water use,Pressure on water resources,SDG 6.4.2. Water Stress,Chad,2020,4.294921875,%,E,False
Water use,Pressure on water resources,SDG 6.4.2. Water Stress,Chad,2021,4.294921875,%,E,False
Water use,Pressure on water resources,SDG 6.4.2. Water Stress,Chile,2018,8.982121089,%,E,False
Water use,Pressure on water resources,SDG 6.4.2. Water Stress,Chile,2019,8.982121089,%,E,False
Water use,Pressure on water resources,SDG 6.4.2. Water Stress,Chile,2020,8.982121089,%,E,False
Water use,Pressure on water resources,SDG 6.4.2. Water Stress,Chile,2021,8.982121089,%,E,False
Water use,Pressure on water resources,SDG 6.4.2. Water Stress,China,2018,43.302756314,%,E,False
Water use,Pressure on water resources,SDG 6.4.2. Water Stress,China,2019,43.975402054,%,E,False
Water use,Pressure on water resources,SDG 6.4.2. Water Stress,China,2020,41.518528797,%,E,False
Water use,Pressure on water resources,SDG 6.4.2. Water Stress,China,2021,41.518528797,%,E,False
Water use,Pressure on water resources,SDG 6.4.2. Water Stress,Colombia,2018,4.063461168,%,E,False
Water use,Pressure on water resources,SDG 6.4.2. Water Stress,Colombia,2019,4.169438689,%,E,False
Water use,Pressure on water resources,SDG 6.4.2. Water Stress,Colombia,2020,4.282896247,%,E,False
Water use,Pressure on water resources,SDG 6.4.2. Water Stress,Colombia,2021,4.39097809,%,E,False
Water use,Pressure on water resources,SDG 6.4.2. Water Stress,Comoros,2018,0.833333333,%,I,False
Water use,Pressure on water resources,SDG 6.4.2. Water Stress,Comoros,2019,0.833333333,%,I,False
Water use,Pressure on water resources,SDG 6.4.2. Water Stress,Comoros,2020,0.833333333,%,I,False
Water use,Pressure on water resources,SDG 6.4.2. Water Stress,Comoros,2021,0.833333333,%,I,False
Water use,Pressure on water resources,SDG 6.4.2. Water Stress,Congo,2018,0.027446301,%,E,False
Water use,Pressure on water resources,SDG 6.4.2. Water Stress,Congo,2019,0.027446301,%,E,False
Water use,Pressure on water resources,SDG 6.4.2. Water Stress,Congo,2020,0.027446301,%,E,False
Water use,Pressure on water resources,SDG 6.4.2. Water Stress,Congo,2021,0.027446301,%,E,False
Water use,Pressure on water resources,SDG 6.4.2. Water Stress,Costa Rica,2018,5.211023891,%,E,False
Water use,Pressure on water resources,SDG 6.4.2. Water Stress,Costa Rica,2019,5.355170648,%,E,False
Water use,Pressure on water resources,SDG 6.4.2. Water Stress,Costa Rica,2020,5.351672355,%,E,False
Water use,Pressure on water resources,SDG 6.4.2. Water Stress,Costa Rica,2021,5.881962457,%,E,False
Water use,Pressure on water resources,SDG 6.4.2. Water Stress,Croatia,2018,1.486674077,%,E,False
Water use,Pressure on water resources,SDG 6.4.2. Water Stress,Croatia,2019,1.493997332,%,E,False
Water use,Pressure on water resources,SDG 6.4.2. Water Stress,Croatia,2020,1.462872388,%,E,False
Water use,Pressure on water resources,SDG 6.4.2. Water Stress,Croatia,2021,1.47843486,%,E,False
Water use,Pressure on water resources,SDG 6.4.2. Water Stress,Cuba,2018,23.939446069,%,E,False
Water use,Pressure on water resources,SDG 6.4.2. Water Stress,Cuba,2019,23.939446069,%,E,False
Water use,Pressure on water resources,SDG 6.4.2. Water Stress,Cuba,2020,23.939446069,%,E,False
Water use,Pressure on water resources,SDG 6.4.2. Water Stress,Cuba,2021,23.939446069,%,E,False
Water use,Pressure on water resources,SDG 6.4.2. Water Stress,Cyprus,2018,28.294149809,%,E,False
Water use,Pressure on water resources,SDG 6.4.2. Water Stress,Cyprus,2019,27.610716238,%,E,False
Water use,Pressure on water resources,SDG 6.4.2. Water Stress,Cyprus,2020,31.574630946,%,E,False
Water use,Pressure on water resources,SDG 6.4.2. Water Stress,Cyprus,2021,32.121377802,%,E,False
Water use,Pressure on water resources,SDG 6.4.2. Water Stress,Czechia,2018,24.178832117,%,E,False
Water use,Pressure on water resources,SDG 6.4.2. Water Stress,Czechia,2019,22.901459854,%,E,False
Water use,Pressure on water resources,SDG 6.4.2. Water Stress,Czechia,2020,20.772506083,%,E,False
Water use,Pressure on water resources,SDG 6.4.2. Water Stress,Czechia,2021,20.513990268,%,E,False
Water use,Pressure on water resources,SDG 6.4.2. Water Stress,Côte d'Ivoire,2018,5.087565674,%,E,False
Water use,Pressure on water resources,SDG 6.4.2. Water Stress,Côte d'Ivoire,2019,5.087565674,%,E,False
Water use,Pressure on water resources,SDG 6.4.2. Water Stress,Côte d'Ivoire,2020,5.087565674,%,E,False
Water use,Pressure on water resources,SDG 6.4.2. Water Stress,Côte d'Ivoire,2021,5.087565674,%,E,False
Water use,Pressure on water resources,SDG 6.4.2. Water Stress,Democratic People's Republic of Korea,2018,27.740467799,%,E,False
Water use,Pressure on water resources,SDG 6.4.2. Water Stress,Democratic People's Republic of Korea,2019,27.740467799,%,E,False
Water use,Pressure on water resources,SDG 6.4.2. Water Stress,Democratic People's Republic of Korea,2020,27.740467799,%,E,False
Water use,Pressure on water resources,SDG 6.4.2. Water Stress,Democratic People's Republic of Korea,2021,27.740467799,%,E,False
Water use,Pressure on water resources,SDG 6.4.2. Water Stress,Democratic Republic of the Congo,2018,0.226883505,%,E,False
Water use,Pressure on water resources,SDG 6.4.2. Water Stress,Democratic Republic of the Congo,2019,0.226883505,%,E,False
Water use,Pressure on water resources,SDG 6.4.2. Water Stress,Democratic Republic of the Congo,2020,0.226883505,%,E,False
Water use,Pressure on water resources,SDG 6.4.2. Water Stress,Democratic Republic of the Congo,2021,0.226883505,%,E,False
Water use,Pressure on water resources,SDG 6.4.2. Water Stress,Denmark,2018,29.903109789,%,E,False
Water use,Pressure on water resources,SDG 6.4.2. Water Stress,Denmark,2019,25.570416441,%,E,False
Water use,Pressure on water resources,SDG 6.4.2. Water Stress,Denmark,2020,26.40427258,%,E,False
Water use,Pressure on water resources,SDG 6.4.2. Water Stress,Denmark,2021,26.40427258,%,E,False
Water use,Pressure on water resources,SDG 6.4.2. Water Stress,Djibouti,2018,6.333333333,%,I,False
Water use,Pressure on water resources,SDG 6.4.2. Water Stress,Djibouti,2019,6.333333333,%,I,False
Water use,Pressure on water resources,SDG 6.4.2. Water Stress,Djibouti,2020,6.333333333,%,I,False
Water use,Pressure on water resources,SDG 6.4.2. Water Stress,Djibouti,2021,6.333333333,%,I,False
Water use,Pressure on water resources,SDG 6.4.2. Water Stress,Dominica,2018,10,%,I,False
Water use,Pressure on water resources,SDG 6.4.2. Water Stress,Dominica,2019,10,%,I,False
Water use,Pressure on water resources,SDG 6.4.2. Water Stress,Dominica,2020,10,%,I,False
Water use,Pressure on water resources,SDG 6.4.2. Water Stress,Dominica,2021,10,%,I,False
Water use,Pressure on water resources,SDG 6.4.2. Water Stress,Dominican Republic,2018,39.553314121,%,E,False
Water use,Pressure on water resources,SDG 6.4.2. Water Stress,Dominican Republic,2019,39.553314121,%,E,False
Water use,Pressure on water resources,SDG 6.4.2. Water Stress,Dominican Republic,2020,39.553314121,%,E,False
Water use,Pressure on water resources,SDG 6.4.2. Water Stress,Dominican Republic,2021,39.553314121,%,E,False
Water use,Pressure on water resources,SDG 6.4.2. Water Stress,Ecuador,2018,6.782352941,%,E,False
Water use,Pressure on water resources,SDG 6.4.2. Water Stress,Ecuador,2019,6.782352941,%,E,False
Water use,Pressure on water resources,SDG 6.4.2. Water Stress,Ecuador,2020,6.782352941,%,E,False
Water use,Pressure on water resources,SDG 6.4.2. Water Stress,Ecuador,2021,6.782352941,%,E,False
Water use,Pressure on water resources,SDG 6.4.2. Water Stress,Egypt,2018,141.16575592,%,E,False
Water use,Pressure on water resources,SDG 6.4.2. Water Stress,Egypt,2019,141.16575592,%,E,False
Water use,Pressure on water resources,SDG 6.4.2. Water Stress,Egypt,2020,141.16575592,%,E,False
Water use,Pressure on water resources,SDG 6.4.2. Water Stress,Egypt,2021,141.16575592,%,E,False
Water use,Pressure on water resources,SDG 6.4.2. Water Stress,El Salvador,2018,13.212726139,%,E,False
Water use,Pressure on water resources,SDG 6.4.2. Water Stress,El Salvador,2019,13.212726139,%,E,False
Water use,Pressure on water resources,SDG 6.4.2. Water Stress,El Salvador,2020,13.212726139,%,E,False
Water use,Pressure on water resources,SDG 6.4.2. Water Stress,El Salvador,2021,13.212726139,%,E,False
Water use,Pressure on water resources,SDG 6.4.2. Water Stress,Equatorial Guinea,2018,0.183503244,%,E,False
Water use,Pressure on water resources,SDG 6.4.2. Water Stress,Equatorial Guinea,2019,0.183503244,%,E,False
Water use,Pressure on water resources,SDG 6.4.2. Water Stress,Equatorial Guinea,2020,0.183503244,%,E,False
Water use,Pressure on water resources,SDG 6.4.2. Water Stress,Equatorial Guinea,2021,0.183503244,%,E,False
Water use,Pressure on water resources,SDG 6.4.2. Water Stress,Eritrea,2018,11.175115207,%,E,False
Water use,Pressure on water resources,SDG 6.4.2. Water Stress,Eritrea,2019,11.175115207,%,E,False
Water use,Pressure on water resources,SDG 6.4.2. Water Stress,Eritrea,2020,11.175115207,%,E,False
Water use,Pressure on water resources,SDG 6.4.2. Water Stress,Eritrea,2021,11.175115207,%,E,False
Water use,Pressure on water resources,SDG 6.4.2. Water Stress,Estonia,2018,17.408441558,%,E,False
Water use,Pressure on water resources,SDG 6.4.2. Water Stress,Estonia,2019,10.892316017,%,E,False
Water use,Pressure on water resources,SDG 6.4.2. Water Stress,Estonia,2020,9.231085498,%,E,False
Water use,Pressure on water resources,SDG 6.4.2. Water Stress,Estonia,2021,10.819801331,%,E,False
Water use,Pressure on water resources,SDG 6.4.2. Water Stress,Eswatini,2018,77.559912854,%,E,False
Water use,Pressure on water resources,SDG 6.4.2. Water Stress,Eswatini,2019,77.559912854,%,E,False
Water use,Pressure on water resources,SDG 6.4.2. Water Stress,Eswatini,2020,77.559912854,%,E,False
Water use,Pressure on water resources,SDG 6.4.2. Water Stress,Eswatini,2021,77.559912854,%,E,False
Water use,Pressure on water resources,SDG 6.4.2. Water Stress,Ethiopia,2018,32.257186544,%,E,False
Water use,Pressure on water resources,SDG 6.4.2. Water Stress,Ethiopia,2019,32.257186544,%,E,False
Water use,Pressure on water resources,SDG 6.4.2. Water Stress,Ethiopia,2020,32.257186544,%,E,False
Water use,Pressure on water resources,SDG 6.4.2. Water Stress,Ethiopia,2021,32.257186544,%,E,False
Water use,Pressure on water resources,SDG 6.4.2. Water Stress,Fiji,2018,0.29737303,%,I,False
Water use,Pressure on water resources,SDG 6.4.2. Water Stress,Fiji,2019,0.29737303,%,I,False
Water use,Pressure on water resources,SDG 6.4.2. Water Stress,Fiji,2020,0.29737303,%,I,False
Water use,Pressure on water resources,SDG 6.4.2. Water Stress,Fiji,2021,0.29737303,%,I,False
Water use,Pressure on water resources,SDG 6.4.2. Water Stress,Finland,2018,6.639791321,%,E,False
Water use,Pressure on water resources,SDG 6.4.2. Water Stress,Finland,2019,7.114062129,%,E,False
Water use,Pressure on water resources,SDG 6.4.2. Water Stress,Finland,2020,7.114062129,%,E,False
Water use,Pressure on water resources,SDG 6.4.2. Water Stress,Finland,2021,7.114062129,%,E,False
Water use,Pressure on water resources,SDG 6.4.2. Water Stress,France,2018,23.569048683,%,E,False
Water use,Pressure on water resources,SDG 6.4.2. Water Stress,France,2019,22.94676191,%,E,False
Water use,Pressure on water resources,SDG 6.4.2. Water Stress,France,2020,21.598137074,%,E,False
Water use,Pressure on water resources,SDG 6.4.2. Water Stress,France,2021,21.598137074,%,E,False
Water use,Pressure on water resources,SDG 6.4.2. Water Stress,Gabon,2018,0.502166065,%,E,False
Water use,Pressure on water resources,SDG 6.4.2. Water Stress,Gabon,2019,0.502166065,%,E,False
Water use,Pressure on water resources,SDG 6.4.2. Water Stress,Gabon,2020,0.502166065,%,E,False
Water use,Pressure on water resources,SDG 6.4.2. Water Stress,Gabon,2021,0.502166065,%,E,False
Water use,Pressure on water resources,SDG 6.4.2. Water Stress,Gambia,2018,2.209656372,%,E,False
Water use,Pressure on water resources,SDG 6.4.2. Water Stress,Gambia,2019,2.209656372,%,E,False
Water use,Pressure on water resources,SDG 6.4.2. Water Stress,Gambia,2020,2.209656372,%,E,False
Water use,Pressure on water resources,SDG 6.4.2. Water Stress,Gambia,2021,2.209656372,%,E,False
Water use,Pressure on water resources,SDG 6.4.2. Water Stress,Georgia,2018,4.205602606,%,E,False
Water use,Pressure on water resources,SDG 6.4.2. Water Stress,Georgia,2019,5.120977199,%,E,False
Water use,Pressure on water resources,SDG 6.4.2. Water Stress,Georgia,2020,5.386710098,%,E,False
Water use,Pressure on water resources,SDG 6.4.2. Water Stress,Georgia,2021,5.240977199,%,E,False
Water use,Pressure on water resources,SDG 6.4.2. Water Stress,Germany,2018,36.898484101,%,E,False
Water use,Pressure on water resources,SDG 6.4.2. Water Stress,Germany,2019,35.351657072,%,E,False
Water use,Pressure on water resources,SDG 6.4.2. Water Stress,Germany,2020,35.351657072,%,E,False
Water use,Pressure on water resources,SDG 6.4.2. Water Stress,Germany,2021,35.351657072,%,E,False
Water use,Pressure on water resources,SDG 6.4.2. Water Stress,Ghana,2018,6.314734089,%,E,False
Water use,Pressure on water resources,SDG 6.4.2. Water Stress,Ghana,2019,6.314734089,%,E,False
Water use,Pressure on water resources,SDG 6.4.2. Water Stress,Ghana,2020,6.314734089,%,E,False
Water use,Pressure on water resources,SDG 6.4.2. Water Stress,Ghana,2021,6.314734089,%,E,False
Water use,Pressure on water resources,SDG 6.4.2. Water Stress,Greece,2018,20.477442849,%,E,False
Water use,Pressure on water resources,SDG 6.4.2. Water Stress,Greece,2019,20.463281408,%,E,False
Water use,Pressure on water resources,SDG 6.4.2. Water Stress,Greece,2020,20.477442849,%,E,False
Water use,Pressure on water resources,SDG 6.4.2. Water Stress,Greece,2021,20.683795266,%,E,False
Water use,Pressure on water resources,SDG 6.4.2. Water Stress,Grenada,2018,7.05,%,I,False
Water use,Pressure on water resources,SDG 6.4.2. Water Stress,Grenada,2019,7.05,%,I,False
Water use,Pressure on water resources,SDG 6.4.2. Water Stress,Grenada,2020,7.05,%,I,False
Water use,Pressure on water resources,SDG 6.4.2. Water Stress,Grenada,2021,7.05,%,I,False
Water use,Pressure on water resources,SDG 6.4.2. Water Stress,Guatemala,2018,5.742097081,%,E,False
Water use,Pressure on water resources,SDG 6.4.2. Water Stress,Guatemala,2019,5.742097081,%,E,False
Water use,Pressure on water resources,SDG 6.4.2. Water Stress,Guatemala,2020,5.742097081,%,E,False
Water use,Pressure on water resources,SDG 6.4.2. Water Stress,Guatemala,2021,5.742097081,%,E,False
Water use,Pressure on water resources,SDG 6.4.2. Water Stress,Guinea,2018,1.369230769,%,E,False
Water use,Pressure on water resources,SDG 6.4.2. Water Stress,Guinea,2019,1.369230769,%,E,False
Water use,Pressure on water resources,SDG 6.4.2. Water Stress,Guinea,2020,1.369230769,%,E,False
Water use,Pressure on water resources,SDG 6.4.2. Water Stress,Guinea,2021,1.369230769,%,E,False
Water use,Pressure on water resources,SDG 6.4.2. Water Stress,Guinea-Bissau,2018,1.495726496,%,E,False
Water use,Pressure on water resources,SDG 6.4.2. Water Stress,Guinea-Bissau,2019,1.495726496,%,E,False
Water use,Pressure on water resources,SDG 6.4.2. Water Stress,Guinea-Bissau,2020,1.495726496,%,E,False
Water use,Pressure on water resources,SDG 6.4.2. Water Stress,Guinea-Bissau,2021,1.495726496,%,E,False
Water use,Pressure on water resources,SDG 6.4.2. Water Stress,Guyana,2018,3.298401827,%,E,False
Water use,Pressure on water resources,SDG 6.4.2. Water Stress,Guyana,2019,3.298401827,%,E,False
Water use,Pressure on water resources,SDG 6.4.2. Water Stress,Guyana,2020,3.298401827,%,E,False
Water use,Pressure on water resources,SDG 6.4.2. Water Stress,Guyana,2021,3.298401827,%,E,False
Water use,Pressure on water resources,SDG 6.4.2. Water Stress,Haiti,2018,13.383791767,%,E,False
Water use,Pressure on water resources,SDG 6.4.2. Water Stress,Haiti,2019,13.383791767,%,E,False
Water use,Pressure on water resources,SDG 6.4.2. Water Stress,Haiti,2020,13.383791767,%,E,False
Water use,Pressure on water resources,SDG 6.4.2. Water Stress,Haiti,2021,13.383791767,%,E,False
Water use,Pressure on water resources,SDG 6.4.2. Water Stress,Honduras,2018,4.621268764,%,E,False
Water use,Pressure on water resources,SDG 6.4.2. Water Stress,Honduras,2019,4.621268764,%,E,False
Water use,Pressure on water resources,SDG 6.4.2. Water Stress,Honduras,2020,4.621268764,%,E,False
Water use,Pressure on water resources,SDG 6.4.2. Water Stress,Honduras,2021,4.621268764,%,E,False
Water use,Pressure on water resources,SDG 6.4.2. Water Stress,Hungary,2018,8.494752155,%,E,False
Water use,Pressure on water resources,SDG 6.4.2. Water Stress,Hungary,2019,7.708246977,%,E,False
Water use,Pressure on water resources,SDG 6.4.2. Water Stress,Hungary,2020,8.070120898,%,E,False
Water use,Pressure on water resources,SDG 6.4.2. Water Stress,Hungary,2021,8.070120898,%,E,False
Water use,Pressure on water resources,SDG 6.4.2. Water Stress,Iceland,2018,0.394075282,%,E,False
Water use,Pressure on water resources,SDG 6.4.2. Water Stress,Iceland,2019,0.394075282,%,E,False
Water use,Pressure on water resources,SDG 6.4.2. Water Stress,Iceland,2020,0.394075282,%,E,False
Water use,Pressure on water resources,SDG 6.4.2. Water Stress,Iceland,2021,0.394075282,%,E,False
Water use,Pressure on water resources,SDG 6.4.2. Water Stress,India,2018,66.492092832,%,E,False
Water use,Pressure on water resources,SDG 6.4.2. Water Stress,India,2019,66.492092832,%,E,False
Water use,Pressure on water resources,SDG 6.4.2. Water Stress,India,2020,66.492092832,%,E,False
Water use,Pressure on water resources,SDG 6.4.2. Water Stress,India,2021,66.492092832,%,E,False
Water use,Pressure on water resources,SDG 6.4.2. Water Stress,Indonesia,2018,29.696545285,%,E,False
Water use,Pressure on water resources,SDG 6.4.2. Water Stress,Indonesia,2019,29.696545285,%,E,False
Water use,Pressure on water resources,SDG 6.4.2. Water Stress,Indonesia,2020,29.696545285,%,E,False
Water use,Pressure on water resources,SDG 6.4.2. Water Stress,Indonesia,2021,29.696545285,%,E,False
Water use,Pressure on water resources,SDG 6.4.2. Water Stress,Iran (Islamic Republic of),2018,81.289081289,%,E,False
Water use,Pressure on water resources,SDG 6.4.2. Water Stress,Iran (Islamic Republic of),2019,81.289081289,%,E,False
Water use,Pressure on water resources,SDG 6.4.2. Water Stress,Iran (Islamic Republic of),2020,81.289081289,%,E,False
Water use,Pressure on water resources,SDG 6.4.2. Water Stress,Iran (Islamic Republic of),2021,81.289081289,%,E,False
Water use,Pressure on water resources,SDG 6.4.2. Water Stress,Iraq,2018,47.140449438,%,E,False
Water use,Pressure on water resources,SDG 6.4.2. Water Stress,Iraq,2019,79.519662921,%,E,False
Water use,Pressure on water resources,SDG 6.4.2. Water Stress,Iraq,2020,63.258426966,%,E,False
Water use,Pressure on water resources,SDG 6.4.2. Water Stress,Iraq,2021,59.583848315,%,E,False
Water use,Pressure on water resources,SDG 6.4.2. Water Stress,Ireland,2018,20.042134832,%,E,False
Water use,Pressure on water resources,SDG 6.4.2. Water Stress,Ireland,2019,21.601123595,%,E,False
Water use,Pressure on water resources,SDG 6.4.2. Water Stress,Ireland,2020,21.685393258,%,E,False
Water use,Pressure on water resources,SDG 6.4.2. Water Stress,Ireland,2021,22.20505618,%,E,False
Water use,Pressure on water resources,SDG 6.4.2. Water Stress,Israel,2018,95.936502459,%,E,False
Water use,Pressure on water resources,SDG 6.4.2. Water Stress,Israel,2019,100.422741782,%,E,False
Water use,Pressure on water resources,SDG 6.4.2. Water Stress,Israel,2020,110.085411095,%,E,False
Water use,Pressure on water resources,SDG 6.4.2. Water Stress,Israel,2021,131.998964714,%,E,False
Water use,Pressure on water resources,SDG 6.4.2. Water Stress,Italy,2018,29.681029166,%,E,False
Water use,Pressure on water resources,SDG 6.4.2. Water Stress,Italy,2019,29.82201075,%,E,False
Water use,Pressure on water resources,SDG 6.4.2. Water Stress,Italy,2020,29.645783769,%,E,False
Water use,Pressure on water resources,SDG 6.4.2. Water Stress,Italy,2021,29.645783769,%,E,False
Water use,Pressure on water resources,SDG 6.4.2. Water Stress,Jamaica,2018,12.214483831,%,E,False
Water use,Pressure on water resources,SDG 6.4.2. Water Stress,Jamaica,2019,12.085007646,%,E,False
Water use,Pressure on water resources,SDG 6.4.2. Water Stress,Jamaica,2020,11.046430785,%,E,False
Water use,Pressure on water resources,SDG 6.4.2. Water Stress,Jamaica,2021,12.382818879,%,E,False
Water use,Pressure on water resources,SDG 6.4.2. Water Stress,Japan,2018,36.367816092,%,E,False
Water use,Pressure on water resources,SDG 6.4.2. Water Stress,Japan,2019,36.045977011,%,E,False
Water use,Pressure on water resources,SDG 6.4.2. Water Stress,Japan,2020,36.045977011,%,E,False
Water use,Pressure on water resources,SDG 6.4.2. Water Stress,Japan,2021,36.045977011,%,E,False
Water use,Pressure on water resources,SDG 6.4.2. Water Stress,Jordan,2018,102.226160151,%,E,False
Water use,Pressure on water resources,SDG 6.4.2. Water Stress,Jordan,2019,104.312769964,%,E,False
Water use,Pressure on water resources,SDG 6.4.2. Water Stress,Jordan,2020,106.049396389,%,E,False
Water use,Pressure on water resources,SDG 6.4.2. Water Stress,Jordan,2021,102.51633625,%,E,False
Water use,Pressure on water resources,SDG 6.4.2. Water Stress,Kazakhstan,2018,32.651872399,%,E,False
Water use,Pressure on water resources,SDG 6.4.2. Water Stress,Kazakhstan,2019,32.615811373,%,E,False
Water use,Pressure on water resources,SDG 6.4.2. Water Stress,Kazakhstan,2020,34.098474341,%,E,False
Water use,Pressure on water resources,SDG 6.4.2. Water Stress,Kazakhstan,2021,34.098474341,%,E,False
Water use,Pressure on water resources,SDG 6.4.2. Water Stress,Kenya,2018,33.239901072,%,E,False
Water use,Pressure on water resources,SDG 6.4.2. Water Stress,Kenya,2019,33.239901072,%,E,False
Water use,Pressure on water resources,SDG 6.4.2. Water Stress,Kenya,2020,33.239901072,%,E,False
Water use,Pressure on water resources,SDG 6.4.2. Water Stress,Kenya,2021,33.239901072,%,E,False
Water use,Pressure on water resources,SDG 6.4.2. Water Stress,Kuwait,2018,3850.5,%,E,False
Water use,Pressure on water resources,SDG 6.4.2. Water Stress,Kuwait,2019,3850.5,%,E,False
Water use,Pressure on water resources,SDG 6.4.2. Water Stress,Kuwait,2020,3850.5,%,E,False
Water use,Pressure on water resources,SDG 6.4.2. Water Stress,Kuwait,2021,3850.5,%,E,False
Water use,Pressure on water resources,SDG 6.4.2. Water Stress,Kyrgyzstan,2018,50.03895598,%,E,False
Water use,Pressure on water resources,SDG 6.4.2. Water Stress,Kyrgyzstan,2019,50.03895598,%,E,False
Water use,Pressure on water resources,SDG 6.4.2. Water Stress,Kyrgyzstan,2020,50.03895598,%,E,False
Water use,Pressure on water resources,SDG 6.4.2. Water Stress,Kyrgyzstan,2021,50.03895598,%,E,False
Water use,Pressure on water resources,SDG 6.4.2. Water Stress,Lao People's Democratic Republic,2018,4.771838331,%,E,False
Water use,Pressure on water resources,SDG 6.4.2. Water Stress,Lao People's Democratic Republic,2019,4.791395046,%,E,False
Water use,Pressure on water resources,SDG 6.4.2. Water Stress,Lao People's Democratic Republic,2020,4.791395046,%,E,False
Water use,Pressure on water resources,SDG 6.4.2. Water Stress,Lao People's Democratic Republic,2021,4.791395046,%,E,False
Water use,Pressure on water resources,SDG 6.4.2. Water Stress,Latvia,2018,1.080430171,%,E,False
Water use,Pressure on water resources,SDG 6.4.2. Water Stress,Latvia,2019,1.052616382,%,E,False
Water use,Pressure on water resources,SDG 6.4.2. Water Stress,Latvia,2020,1.067831467,%,E,False
Water use,Pressure on water resources,SDG 6.4.2. Water Stress,Latvia,2021,1.067831467,%,E,False
Water use,Pressure on water resources,SDG 6.4.2. Water Stress,Lebanon,2018,58.792991564,%,E,False
Water use,Pressure on water resources,SDG 6.4.2. Water Stress,Lebanon,2019,58.792991564,%,E,False
Water use,Pressure on water resources,SDG 6.4.2. Water Stress,Lebanon,2020,58.792991564,%,E,False
Water use,Pressure on water resources,SDG 6.4.2. Water Stress,Lebanon,2021,58.792991564,%,E,False
Water use,Pressure on water resources,SDG 6.4.2. Water Stress,Lesotho,2018,2.565905097,%,E,False
Water use,Pressure on water resources,SDG 6.4.2. Water Stress,Lesotho,2019,2.565905097,%,E,False
Water use,Pressure on water resources,SDG 6.4.2. Water Stress,Lesotho,2020,2.565905097,%,E,False
Water use,Pressure on water resources,SDG 6.4.2. Water Stress,Lesotho,2021,2.565905097,%,E,False
Water use,Pressure on water resources,SDG 6.4.2. Water Stress,Liberia,2018,0.264311594,%,E,False
Water use,Pressure on water resources,SDG 6.4.2. Water Stress,Liberia,2019,0.264311594,%,E,False
Water use,Pressure on water resources,SDG 6.4.2. Water Stress,Liberia,2020,0.264311594,%,E,False
Water use,Pressure on water resources,SDG 6.4.2. Water Stress,Liberia,2021,0.264311594,%,E,False
Water use,Pressure on water resources,SDG 6.4.2. Water Stress,Libya,2018,817.142857143,%,I,False
Water use,Pressure on water resources,SDG 6.4.2. Water Stress,Libya,2019,817.142857143,%,I,False
Water use,Pressure on water resources,SDG 6.4.2. Water Stress,Libya,2020,817.142857143,%,I,False
Water use,Pressure on water resources,SDG 6.4.2. Water Stress,Libya,2021,817.142857143,%,I,False
Water use,Pressure on water resources,SDG 6.4.2. Water Stress,Lithuania,2018,1.834102379,%,E,False
Water use,Pressure on water resources,SDG 6.4.2. Water Stress,Lithuania,2019,1.834102379,%,E,False
Water use,Pressure on water resources,SDG 6.4.2. Water Stress,Lithuania,2020,1.834102379,%,E,False
Water use,Pressure on water resources,SDG 6.4.2. Water Stress,Lithuania,2021,1.834102379,%,E,False
Water use,Pressure on water resources,SDG 6.4.2. Water Stress,Luxembourg,2018,4.328358209,%,E,False
Water use,Pressure on water resources,SDG 6.4.2. Water Stress,Luxembourg,2019,4.087893864,%,E,False
Water use,Pressure on water resources,SDG 6.4.2. Water Stress,Luxembourg,2020,3.963515755,%,E,False
Water use,Pressure on water resources,SDG 6.4.2. Water Stress,Luxembourg,2021,3.963515755,%,E,False
Water use,Pressure on water resources,SDG 6.4.2. Water Stress,Madagascar,2018,11.261506276,%,E,False
Water use,Pressure on water resources,SDG 6.4.2. Water Stress,Madagascar,2019,11.261506276,%,E,False
Water use,Pressure on water resources,SDG 6.4.2. Water Stress,Madagascar,2020,11.261506276,%,E,False
Water use,Pressure on water resources,SDG 6.4.2. Water Stress,Madagascar,2021,11.261506276,%,E,False
Water use,Pressure on water resources,SDG 6.4.2. Water Stress,Malawi,2018,17.504838085,%,E,False
Water use,Pressure on water resources,SDG 6.4.2. Water Stress,Malawi,2019,17.504838085,%,E,False
Water use,Pressure on water resources,SDG 6.4.2. Water Stress,Malawi,2020,17.504838085,%,E,False
Water use,Pressure on water resources,SDG 6.4.2. Water Stress,Malawi,2021,17.504838085,%,E,False
Water use,Pressure on water resources,SDG 6.4.2. Water Stress,Malaysia,2018,3.439487179,%,E,False
Water use,Pressure on water resources,SDG 6.4.2. Water Stress,Malaysia,2019,3.439487179,%,E,False
Water use,Pressure on water resources,SDG 6.4.2. Water Stress,Malaysia,2020,3.439487179,%,E,False
Water use,Pressure on water resources,SDG 6.4.2. Water Stress,Malaysia,2021,3.439487179,%,E,False
Water use,Pressure on water resources,SDG 6.4.2. Water Stress,Maldives,2018,15.666666667,%,I,False
Water use,Pressure on water resources,SDG 6.4.2. Water Stress,Maldives,2019,15.666666667,%,I,False
Water use,Pressure on water resources,SDG 6.4.2. Water Stress,Maldives,2020,15.666666667,%,I,False
Water use,Pressure on water resources,SDG 6.4.2. Water Stress,Maldives,2021,15.666666667,%,I,False
Water use,Pressure on water resources,SDG 6.4.2. Water Stress,Mali,2018,8.00308642,%,E,False
Water use,Pressure on water resources,SDG 6.4.2. Water Stress,Mali,2019,8.00308642,%,E,False
Water use,Pressure on water resources,SDG 6.4.2. Water Stress,Mali,2020,8.00308642,%,E,False
Water use,Pressure on water resources,SDG 6.4.2. Water Stress,Mali,2021,8.00308642,%,E,False
Water use,Pressure on water resources,SDG 6.4.2. Water Stress,Malta,2018,84.62300297,%,E,False
Water use,Pressure on water resources,SDG 6.4.2. Water Stress,Malta,2019,80.660965148,%,E,False
Water use,Pressure on water resources,SDG 6.4.2. Water Stress,Malta,2020,81.597299802,%,E,False
Water use,Pressure on water resources,SDG 6.4.2. Water Stress,Malta,2021,78.280071485,%,E,False
Water use,Pressure on water resources,SDG 6.4.2. Water Stress,Mauritania,2018,13.246217332,%,E,False
Water use,Pressure on water resources,SDG 6.4.2. Water Stress,Mauritania,2019,13.246217332,%,E,False
Water use,Pressure on water resources,SDG 6.4.2. Water Stress,Mauritania,2020,13.246217332,%,E,False
Water use,Pressure on water resources,SDG 6.4.2. Water Stress,Mauritania,2021,13.246217332,%,E,False
Water use,Pressure on water resources,SDG 6.4.2. Water Stress,Mauritius,2018,21.483097056,%,E,False
Water use,Pressure on water resources,SDG 6.4.2. Water Stress,Mauritius,2019,21.628498728,%,E,False
Water use,Pressure on water resources,SDG 6.4.2. Water Stress,Mauritius,2020,22.064703744,%,E,False
Water use,Pressure on water resources,SDG 6.4.2. Water Stress,Mauritius,2021,21.95565249,%,E,False
Water use,Pressure on water resources,SDG 6.4.2. Water Stress,Mexico,2018,44.462684177,%,E,False
Water use,Pressure on water resources,SDG 6.4.2. Water Stress,Mexico,2019,44.718429693,%,E,False
Water use,Pressure on water resources,SDG 6.4.2. Water Stress,Mexico,2020,44.817024343,%,E,False
Water use,Pressure on water resources,SDG 6.4.2. Water Stress,Mexico,2021,45.015214606,%,E,False
Water use,Pressure on water resources,SDG 6.4.2. Water Stress,Mongolia,2018,3.395007342,%,E,False
Water use,Pressure on water resources,SDG 6.4.2. Water Stress,Mongolia,2019,3.395007342,%,E,False
Water use,Pressure on water resources,SDG 6.4.2. Water Stress,Mongolia,2020,3.395007342,%,E,False
Water use,Pressure on water resources,SDG 6.4.2. Water Stress,Mongolia,2021,3.395007342,%,E,False
Water use,Pressure on water resources,SDG 6.4.2. Water Stress,Morocco,2018,50.751212019,%,E,False
Water use,Pressure on water resources,SDG 6.4.2. Water Stress,Morocco,2019,50.751212019,%,E,False
Water use,Pressure on water resources,SDG 6.4.2. Water Stress,Morocco,2020,50.751212019,%,E,False
Water use,Pressure on water resources,SDG 6.4.2. Water Stress,Morocco,2021,50.751212019,%,E,False
Water use,Pressure on water resources,SDG 6.4.2. Water Stress,Mozambique,2018,1.751486326,%,E,False
Water use,Pressure on water resources,SDG 6.4.2. Water Stress,Mozambique,2019,1.751486326,%,E,False
Water use,Pressure on water resources,SDG 6.4.2. Water Stress,Mozambique,2020,1.751486326,%,E,False
Water use,Pressure on water resources,SDG 6.4.2. Water Stress,Mozambique,2021,1.751486326,%,E,False
Water use,Pressure on water resources,SDG 6.4.2. Water Stress,Myanmar,2018,5.801501397,%,E,False
Water use,Pressure on water resources,SDG 6.4.2. Water Stress,Myanmar,2019,5.801501397,%,E,False
Water use,Pressure on water resources,SDG 6.4.2. Water Stress,Myanmar,2020,5.801501397,%,E,False
Water use,Pressure on water resources,SDG 6.4.2. Water Stress,Myanmar,2021,5.801501397,%,E,False
Water use,Pressure on water resources,SDG 6.4.2. Water Stress,Namibia,2018,0.861552567,%,E,False
Water use,Pressure on water resources,SDG 6.4.2. Water Stress,Namibia,2019,0.861552567,%,E,False
Water use,Pressure on water resources,SDG 6.4.2. Water Stress,Namibia,2020,0.861552567,%,E,False
Water use,Pressure on water resources,SDG 6.4.2. Water Stress,Namibia,2021,0.861552567,%,E,False
Water use,Pressure on water resources,SDG 6.4.2. Water Stress,Nepal,2018,8.311832662,%,E,False
Water use,Pressure on water resources,SDG 6.4.2. Water Stress,Nepal,2019,8.311832662,%,E,False
Water use,Pressure on water resources,SDG 6.4.2. Water Stress,Nepal,2020,8.311832662,%,E,False
Water use,Pressure on water resources,SDG 6.4.2. Water Stress,Nepal,2021,8.311832662,%,E,False
Water use,Pressure on water resources,SDG 6.4.2. Water Stress,Netherlands (Kingdom of the),2018,16.366983613,%,E,False
Water use,Pressure on water resources,SDG 6.4.2. Water Stress,Netherlands (Kingdom of the),2019,17.000606919,%,E,False
Water use,Pressure on water resources,SDG 6.4.2. Water Stress,Netherlands (Kingdom of the),2020,16.803560591,%,E,False
Water use,Pressure on water resources,SDG 6.4.2. Water Stress,Netherlands (Kingdom of the),2021,16.075662553,%,E,False
Water use,Pressure on water resources,SDG 6.4.2. Water Stress,New Zealand,2018,8.04808476,%,E,False
Water use,Pressure on water resources,SDG 6.4.2. Water Stress,New Zealand,2019,8.04808476,%,E,False
Water use,Pressure on water resources,SDG 6.4.2. Water Stress,New Zealand,2020,8.04808476,%,E,False
Water use,Pressure on water resources,SDG 6.4.2. Water Stress,New Zealand,2021,8.04808476,%,E,False
Water use,Pressure on water resources,SDG 6.4.2. Water Stress,Nicaragua,2018,2.269773362,%,E,False
Water use,Pressure on water resources,SDG 6.4.2. Water Stress,Nicaragua,2019,2.219818562,%,E,False
Water use,Pressure on water resources,SDG 6.4.2. Water Stress,Nicaragua,2020,2.220900209,%,E,False
Water use,Pressure on water resources,SDG 6.4.2. Water Stress,Nicaragua,2021,2.220900209,%,E,False
Water use,Pressure on water resources,SDG 6.4.2. Water Stress,Niger,2018,10.373340444,%,E,False
Water use,Pressure on water resources,SDG 6.4.2. Water Stress,Niger,2019,11.020937713,%,E,False
Water use,Pressure on water resources,SDG 6.4.2. Water Stress,Niger,2020,11.020937713,%,E,False
Water use,Pressure on water resources,SDG 6.4.2. Water Stress,Niger,2021,11.020937713,%,E,False
Water use,Pressure on water resources,SDG 6.4.2. Water Stress,Nigeria,2018,9.668217054,%,E,False
Water use,Pressure on water resources,SDG 6.4.2. Water Stress,Nigeria,2019,9.668217054,%,E,False
Water use,Pressure on water resources,SDG 6.4.2. Water Stress,Nigeria,2020,9.668217054,%,E,False
Water use,Pressure on water resources,SDG 6.4.2. Water Stress,Nigeria,2021,9.668217054,%,E,False
Water use,Pressure on water resources,SDG 6.4.2. Water Stress,North Macedonia,2018,52.122700871,%,E,False
Water use,Pressure on water resources,SDG 6.4.2. Water Stress,North Macedonia,2019,38.70232333,%,E,False
Water use,Pressure on water resources,SDG 6.4.2. Water Stress,North Macedonia,2020,38.335793804,%,E,False
Water use,Pressure on water resources,SDG 6.4.2. Water Stress,North Macedonia,2021,37.969264279,%,E,False
Water use,Pressure on water resources,SDG 6.4.2. Water Stress,Norway,2018,2.044449925,%,E,False
Water use,Pressure on water resources,SDG 6.4.2. Water Stress,Norway,2019,2.042937874,%,E,False
Water use,Pressure on water resources,SDG 6.4.2. Water Stress,Norway,2020,2.041311754,%,E,False
Water use,Pressure on water resources,SDG 6.4.2. Water Stress,Norway,2021,2.009498099,%,E,False
Water use,Pressure on water resources,SDG 6.4.2. Water Stress,Oman,2018,116.714285714,%,E,False
Water use,Pressure on water resources,SDG 6.4.2. Water Stress,Oman,2019,116.714285714,%,I,False
Water use,Pressure on water resources,SDG 6.4.2. Water Stress,Oman,2020,116.714285714,%,I,False
Water use,Pressure on water resources,SDG 6.4.2. Water Stress,Oman,2021,116.714285714,%,I,False
Water use,Pressure on water resources,SDG 6.4.2. Water Stress,Pakistan,2018,118.238144899,%,E,False
Water use,Pressure on water resources,SDG 6.4.2. Water Stress,Pakistan,2019,108.649776087,%,E,False
Water use,Pressure on water resources,SDG 6.4.2. Water Stress,Pakistan,2020,116.305748114,%,E,False
Water use,Pressure on water resources,SDG 6.4.2. Water Stress,Pakistan,2021,162.069811668,%,E,False
Water use,Pressure on water resources,SDG 6.4.2. Water Stress,Palestine,2018,42.747111682,%,E,False
Water use,Pressure on water resources,SDG 6.4.2. Water Stress,Palestine,2019,47.011838539,%,E,False
Water use,Pressure on water resources,SDG 6.4.2. Water Stress,Palestine,2020,50.26387106,%,E,False
Water use,Pressure on water resources,SDG 6.4.2. Water Stress,Palestine,2021,47.753530167,%,E,False
Water use,Pressure on water resources,SDG 6.4.2. Water Stress,Panama,2018,0.90107111,%,E,False
Water use,Pressure on water resources,SDG 6.4.2. Water Stress,Panama,2019,0.90107111,%,E,False
Water use,Pressure on water resources,SDG 6.4.2. Water Stress,Panama,2020,0.90107111,%,E,False
Water use,Pressure on water resources,SDG 6.4.2. Water Stress,Panama,2021,0.90107111,%,E,False
Water use,Pressure on water resources,SDG 6.4.2. Water Stress,Papua New Guinea,2018,0.132242833,%,E,False
Water use,Pressure on water resources,SDG 6.4.2. Water Stress,Papua New Guinea,2019,0.132242833,%,E,False
Water use,Pressure on water resources,SDG 6.4.2. Water Stress,Papua New Guinea,2020,0.132242833,%,E,False
Water use,Pressure on water resources,SDG 6.4.2. Water Stress,Papua New Guinea,2021,0.132242833,%,E,False
Water use,Pressure on water resources,SDG 6.4.2. Water Stress,Paraguay,2018,1.835399711,%,E,False
Water use,Pressure on water resources,SDG 6.4.2. Water Stress,Paraguay,2019,1.835399711,%,E,False
Water use,Pressure on water resources,SDG 6.4.2. Water Stress,Paraguay,2020,1.835399711,%,E,False
Water use,Pressure on water resources,SDG 6.4.2. Water Stress,Paraguay,2021,1.835399711,%,E,False
Water use,Pressure on water resources,SDG 6.4.2. Water Stress,Peru,2018,6.955246237,%,E,False
Water use,Pressure on water resources,SDG 6.4.2. Water Stress,Peru,2019,7.181445604,%,E,False
Water use,Pressure on water resources,SDG 6.4.2. Water Stress,Peru,2020,7.181445604,%,E,False
Water use,Pressure on water resources,SDG 6.4.2. Water Stress,Peru,2021,7.181445604,%,E,False
Water use,Pressure on water resources,SDG 6.4.2. Water Stress,Philippines,2018,28.174200792,%,E,False
Water use,Pressure on water resources,SDG 6.4.2. Water Stress,Philippines,2019,26.289976759,%,E,False
Water use,Pressure on water resources,SDG 6.4.2. Water Stress,Philippines,2020,26.743280092,%,E,False
Water use,Pressure on water resources,SDG 6.4.2. Water Stress,Philippines,2021,27.208915784,%,E,False
Water use,Pressure on water resources,SDG 6.4.2. Water Stress,Poland,2018,33.222568363,%,E,False
Water use,Pressure on water resources,SDG 6.4.2. Water Stress,Poland,2019,31.0971928,%,E,False
Water use,Pressure on water resources,SDG 6.4.2. Water Stress,Poland,2020,30,%,E,False
Water use,Pressure on water resources,SDG 6.4.2. Water Stress,Poland,2021,32.076843198,%,E,False
Water use,Pressure on water resources,SDG 6.4.2. Water Stress,Portugal,2018,12.315712276,%,E,False
Water use,Pressure on water resources,SDG 6.4.2. Water Stress,Portugal,2019,12.315712276,%,E,False
Water use,Pressure on water resources,SDG 6.4.2. Water Stress,Portugal,2020,12.315712276,%,E,False
Water use,Pressure on water resources,SDG 6.4.2. Water Stress,Portugal,2021,12.315712276,%,E,False
Water use,Pressure on water resources,SDG 6.4.2. Water Stress,Puerto Rico,2018,19.535610627,%,E,False
Water use,Pressure on water resources,SDG 6.4.2. Water Stress,Puerto Rico,2019,19.535610627,%,E,False
Water use,Pressure on water resources,SDG 6.4.2. Water Stress,Puerto Rico,2020,19.535610627,%,E,False
Water use,Pressure on water resources,SDG 6.4.2. Water Stress,Puerto Rico,2021,19.535610627,%,E,False
Water use,Pressure on water resources,SDG 6.4.2. Water Stress,Qatar,2018,431.034482759,%,E,False
Water use,Pressure on water resources,SDG 6.4.2. Water Stress,Qatar,2019,431.034482759,%,I,False
Water use,Pressure on water resources,SDG 6.4.2. Water Stress,Qatar,2020,431.034482759,%,I,False
Water use,Pressure on water resources,SDG 6.4.2. Water Stress,Qatar,2021,431.034482759,%,I,False
Water use,Pressure on water resources,SDG 6.4.2. Water Stress,Republic of Korea,2018,85.221833041,%,E,False
Water use,Pressure on water resources,SDG 6.4.2. Water Stress,Republic of Korea,2019,85.221833041,%,E,False
Water use,Pressure on water resources,SDG 6.4.2. Water Stress,Republic of Korea,2020,85.221833041,%,E,False
Water use,Pressure on water resources,SDG 6.4.2. Water Stress,Republic of Korea,2021,85.221833041,%,E,False
Water use,Pressure on water resources,SDG 6.4.2. Water Stress,Republic of Moldova,2018,12.429462429,%,E,False
Water use,Pressure on water resources,SDG 6.4.2. Water Stress,Republic of Moldova,2019,12.459162459,%,E,False
Water use,Pressure on water resources,SDG 6.4.2. Water Stress,Republic of Moldova,2020,12.563112563,%,E,False
Water use,Pressure on water resources,SDG 6.4.2. Water Stress,Republic of Moldova,2021,12.563112563,%,E,False
Water use,Pressure on water resources,SDG 6.4.2. Water Stress,Romania,2018,6.00692819,%,E,False
Water use,Pressure on water resources,SDG 6.4.2. Water Stress,Romania,2019,6.547139781,%,E,False
Water use,Pressure on water resources,SDG 6.4.2. Water Stress,Romania,2020,6.924445277,%,E,False
Water use,Pressure on water resources,SDG 6.4.2. Water Stress,Romania,2021,7.362606497,%,E,False
Water use,Pressure on water resources,SDG 6.4.2. Water Stress,Russian Federation,2018,4.122242749,%,E,False
Water use,Pressure on water resources,SDG 6.4.2. Water Stress,Russian Federation,2019,4.122242749,%,E,False
Water use,Pressure on water resources,SDG 6.4.2. Water Stress,Russian Federation,2020,4.122242749,%,E,False
Water use,Pressure on water resources,SDG 6.4.2. Water Stress,Russian Federation,2021,4.122242749,%,E,False
Water use,Pressure on water resources,SDG 6.4.2. Water Stress,Rwanda,2018,19.043979983,%,E,False
Water use,Pressure on water resources,SDG 6.4.2. Water Stress,Rwanda,2019,20.198675497,%,E,False
Water use,Pressure on water resources,SDG 6.4.2. Water Stress,Rwanda,2020,20.198675497,%,E,False
Water use,Pressure on water resources,SDG 6.4.2. Water Stress,Rwanda,2021,20.198675497,%,E,False
Water use,Pressure on water resources,SDG 6.4.2. Water Stress,Saint Kitts and Nevis,2018,50.833333333,%,I,False
Water use,Pressure on water resources,SDG 6.4.2. Water Stress,Saint Kitts and Nevis,2019,50.833333333,%,I,False
Water use,Pressure on water resources,SDG 6.4.2. Water Stress,Saint Kitts and Nevis,2020,50.833333333,%,I,False
Water use,Pressure on water resources,SDG 6.4.2. Water Stress,Saint Kitts and Nevis,2021,50.833333333,%,I,False
Water use,Pressure on water resources,SDG 6.4.2. Water Stress,Saint Lucia,2018,14.3,%,I,False
Water use,Pressure on water resources,SDG 6.4.2. Water Stress,Saint Lucia,2019,14.3,%,I,False
Water use,Pressure on water resources,SDG 6.4.2. Water Stress,Saint Lucia,2020,14.3,%,I,False
Water use,Pressure on water resources,SDG 6.4.2. Water Stress,Saint Lucia,2021,14.3,%,I,False
Water use,Pressure on water resources,SDG 6.4.2. Water Stress,Saint Vincent and the Grenadines,2018,7.9,%,I,False
Water use,Pressure on water resources,SDG 6.4.2. Water Stress,Saint Vincent and the Grenadines,2019,7.9,%,I,False
Water use,Pressure on water resources,SDG 6.4.2. Water Stress,Saint Vincent and the Grenadines,2020,7.9,%,I,False
Water use,Pressure on water resources,SDG 6.4.2. Water Stress,Saint Vincent and the Grenadines,2021,7.9,%,I,False
Water use,Pressure on water resources,SDG 6.4.2. Water Stress,Sao Tome and Principe,2018,1.876146789,%,I,False
Water use,Pressure on water resources,SDG 6.4.2. Water Stress,Sao Tome and Principe,2019,1.876146789,%,I,False
Water use,Pressure on water resources,SDG 6.4.2. Water Stress,Sao Tome and Principe,2020,1.876146789,%,I,False
Water use,Pressure on water resources,SDG 6.4.2. Water Stress,Sao Tome and Principe,2021,1.876146789,%,I,False
Water use,Pressure on water resources,SDG 6.4.2. Water Stress,Saudi Arabia,2018,974.166666667,%,E,False
Water use,Pressure on water resources,SDG 6.4.2. Water Stress,Saudi Arabia,2019,974.166666667,%,I,False
Water use,Pressure on water resources,SDG 6.4.2. Water Stress,Saudi Arabia,2020,974.166666667,%,I,False
Water use,Pressure on water resources,SDG 6.4.2. Water Stress,Saudi Arabia,2021,974.166666667,%,I,False
Water use,Pressure on water resources,SDG 6.4.2. Water Stress,Senegal,2018,16.086124402,%,E,False
Water use,Pressure on water resources,SDG 6.4.2. Water Stress,Senegal,2019,16.276448698,%,E,False
Water use,Pressure on water resources,SDG 6.4.2. Water Stress,Senegal,2020,16.276448698,%,E,False
Water use,Pressure on water resources,SDG 6.4.2. Water Stress,Senegal,2021,16.276448698,%,E,False
Water use,Pressure on water resources,SDG 6.4.2. Water Stress,Serbia,2018,6.263383298,%,E,False
Water use,Pressure on water resources,SDG 6.4.2. Water Stress,Serbia,2019,6.331567677,%,E,False
Water use,Pressure on water resources,SDG 6.4.2. Water Stress,Serbia,2020,5.990082272,%,E,False
Water use,Pressure on water resources,SDG 6.4.2. Water Stress,Serbia,2021,5.692550434,%,E,False
Water use,Pressure on water resources,SDG 6.4.2. Water Stress,Sierra Leone,2018,0.495794393,%,E,False
Water use,Pressure on water resources,SDG 6.4.2. Water Stress,Sierra Leone,2019,0.495794393,%,E,False
Water use,Pressure on water resources,SDG 6.4.2. Water Stress,Sierra Leone,2020,0.495794393,%,E,False
Water use,Pressure on water resources,SDG 6.4.2. Water Stress,Sierra Leone,2021,0.495794393,%,E,False
Water use,Pressure on water resources,SDG 6.4.2. Water Stress,Singapore,2018,81.383333333,%,E,False
Water use,Pressure on water resources,SDG 6.4.2. Water Stress,Singapore,2019,82.166666667,%,E,False
Water use,Pressure on water resources,SDG 6.4.2. Water Stress,Singapore,2020,83.116666667,%,E,False
Water use,Pressure on water resources,SDG 6.4.2. Water Stress,Singapore,2021,83.116666667,%,E,False
Water use,Pressure on water resources,SDG 6.4.2. Water Stress,Slovakia,2018,2.394578313,%,E,False
Water use,Pressure on water resources,SDG 6.4.2. Water Stress,Slovakia,2019,2.403614458,%,E,False
Water use,Pressure on water resources,SDG 6.4.2. Water Stress,Slovakia,2020,2.388123924,%,E,False
Water use,Pressure on water resources,SDG 6.4.2. Water Stress,Slovakia,2021,2.436631239,%,E,False
Water use,Pressure on water resources,SDG 6.4.2. Water Stress,Slovenia,2018,6.497633536,%,E,False
Water use,Pressure on water resources,SDG 6.4.2. Water Stress,Slovenia,2019,6.382691007,%,E,False
Water use,Pressure on water resources,SDG 6.4.2. Water Stress,Slovenia,2020,6.781609195,%,E,False
Water use,Pressure on water resources,SDG 6.4.2. Water Stress,Slovenia,2021,6.29479378,%,E,False
Water use,Pressure on water resources,SDG 6.4.2. Water Stress,Somalia,2018,24.527740592,%,E,False
Water use,Pressure on water resources,SDG 6.4.2. Water Stress,Somalia,2019,24.527740592,%,E,False
Water use,Pressure on water resources,SDG 6.4.2. Water Stress,Somalia,2020,24.527740592,%,E,False
Water use,Pressure on water resources,SDG 6.4.2. Water Stress,Somalia,2021,24.527740592,%,E,False
Water use,Pressure on water resources,SDG 6.4.2. Water Stress,South Africa,2018,62.888248479,%,E,False
Water use,Pressure on water resources,SDG 6.4.2. Water Stress,South Africa,2019,64.040986231,%,E,False
Water use,Pressure on water resources,SDG 6.4.2. Water Stress,South Africa,2020,65.033621518,%,E,False
Water use,Pressure on water resources,SDG 6.4.2. Water Stress,South Africa,2021,66.890810118,%,E,False
Water use,Pressure on water resources,SDG 6.4.2. Water Stress,South Sudan,2018,4.226075787,%,E,False
Water use,Pressure on water resources,SDG 6.4.2. Water Stress,South Sudan,2019,4.226075787,%,E,False
Water use,Pressure on water resources,SDG 6.4.2. Water Stress,South Sudan,2020,4.226075787,%,E,False
Water use,Pressure on water resources,SDG 6.4.2. Water Stress,South Sudan,2021,4.226075787,%,E,False
Water use,Pressure on water resources,SDG 6.4.2. Water Stress,Spain,2018,40.09406953,%,E,False
Water use,Pressure on water resources,SDG 6.4.2. Water Stress,Spain,2019,39.828902522,%,E,False
Water use,Pressure on water resources,SDG 6.4.2. Water Stress,Spain,2020,43.25403923,%,E,False
Water use,Pressure on water resources,SDG 6.4.2. Water Stress,Spain,2021,43.25403923,%,E,False
Water use,Pressure on water resources,SDG 6.4.2. Water Stress,Sri Lanka,2018,90.785413745,%,E,False
Water use,Pressure on water resources,SDG 6.4.2. Water Stress,Sri Lanka,2019,90.785413745,%,E,False
Water use,Pressure on water resources,SDG 6.4.2. Water Stress,Sri Lanka,2020,90.785413745,%,E,False
Water use,Pressure on water resources,SDG 6.4.2. Water Stress,Sri Lanka,2021,90.785413745,%,E,False
Water use,Pressure on water resources,SDG 6.4.2. Water Stress,Sudan,2018,118.656387665,%,E,False
Water use,Pressure on water resources,SDG 6.4.2. Water Stress,Sudan,2019,118.656387665,%,E,False
Water use,Pressure on water resources,SDG 6.4.2. Water Stress,Sudan,2020,118.656387665,%,E,False
Water use,Pressure on water resources,SDG 6.4.2. Water Stress,Sudan,2021,118.656387665,%,E,False
Water use,Pressure on water resources,SDG 6.4.2. Water Stress,Suriname,2018,3.950609365,%,E,False
Water use,Pressure on water resources,SDG 6.4.2. Water Stress,Suriname,2019,3.950609365,%,E,False
Water use,Pressure on water resources,SDG 6.4.2. Water Stress,Suriname,2020,3.950609365,%,E,False
Water use,Pressure on water resources,SDG 6.4.2. Water Stress,Suriname,2021,3.950609365,%,E,False
Water use,Pressure on water resources,SDG 6.4.2. Water Stress,Sweden,2018,3.520634921,%,E,False
Water use,Pressure on water resources,SDG 6.4.2. Water Stress,Sweden,2019,3.551803752,%,E,False
Water use,Pressure on water resources,SDG 6.4.2. Water Stress,Sweden,2020,3.582972583,%,E,False
Water use,Pressure on water resources,SDG 6.4.2. Water Stress,Sweden,2021,3.582972583,%,E,False
Water use,Pressure on water resources,SDG 6.4.2. Water Stress,Switzerland,2018,6.498855835,%,E,False
Water use,Pressure on water resources,SDG 6.4.2. Water Stress,Switzerland,2019,6.498855835,%,E,False
Water use,Pressure on water resources,SDG 6.4.2. Water Stress,Switzerland,2020,6.498855835,%,E,False
Water use,Pressure on water resources,SDG 6.4.2. Water Stress,Switzerland,2021,6.498855835,%,E,False
Water use,Pressure on water resources,SDG 6.4.2. Water Stress,Syrian Arab Republic,2018,124.360138926,%,E,False
Water use,Pressure on water resources,SDG 6.4.2. Water Stress,Syrian Arab Republic,2019,124.360138926,%,E,False
Water use,Pressure on water resources,SDG 6.4.2. Water Stress,Syrian Arab Republic,2020,124.360138926,%,E,False
Water use,Pressure on water resources,SDG 6.4.2. Water Stress,Syrian Arab Republic,2021,124.360138926,%,E,False
Water use,Pressure on water resources,SDG 6.4.2. Water Stress,Tajikistan,2018,64.480802217,%,E,False
Water use,Pressure on water resources,SDG 6.4.2. Water Stress,Tajikistan,2019,69.943264283,%,E,False
Water use,Pressure on water resources,SDG 6.4.2. Water Stress,Tajikistan,2020,69.943264283,%,E,False
Water use,Pressure on water resources,SDG 6.4.2. Water Stress,Tajikistan,2021,69.943264283,%,E,False
Water use,Pressure on water resources,SDG 6.4.2. Water Stress,Thailand,2018,23.013935183,%,E,False
Water use,Pressure on water resources,SDG 6.4.2. Water Stress,Thailand,2019,23.013935183,%,E,False
Water use,Pressure on water resources,SDG 6.4.2. Water Stress,Thailand,2020,23.013935183,%,E,False
Water use,Pressure on water resources,SDG 6.4.2. Water Stress,Thailand,2021,23.013935183,%,E,False
Water use,Pressure on water resources,SDG 6.4.2. Water Stress,Timor-Leste,2018,28.268210323,%,E,False
Water use,Pressure on water resources,SDG 6.4.2. Water Stress,Timor-Leste,2019,28.268210323,%,E,False
Water use,Pressure on water resources,SDG 6.4.2. Water Stress,Timor-Leste,2020,28.268210323,%,E,False
Water use,Pressure on water resources,SDG 6.4.2. Water Stress,Timor-Leste,2021,28.268210323,%,E,False
Water use,Pressure on water resources,SDG 6.4.2. Water Stress,Togo,2018,3.391634981,%,E,False
Water use,Pressure on water resources,SDG 6.4.2. Water Stress,Togo,2019,3.391634981,%,E,False
Water use,Pressure on water resources,SDG 6.4.2. Water Stress,Togo,2020,3.391634981,%,E,False
Water use,Pressure on water resources,SDG 6.4.2. Water Stress,Togo,2021,3.391634981,%,E,False
Water use,Pressure on water resources,SDG 6.4.2. Water Stress,Trinidad and Tobago,2018,20.326481258,%,E,False
Water use,Pressure on water resources,SDG 6.4.2. Water Stress,Trinidad and Tobago,2019,20.326481258,%,E,False
Water use,Pressure on water resources,SDG 6.4.2. Water Stress,Trinidad and Tobago,2020,20.326481258,%,E,False
Water use,Pressure on water resources,SDG 6.4.2. Water Stress,Trinidad and Tobago,2021,20.326481258,%,E,False
Water use,Pressure on water resources,SDG 6.4.2. Water Stress,Tunisia,2018,95.9987812,%,E,False
Water use,Pressure on water resources,SDG 6.4.2. Water Stress,Tunisia,2019,96.310590864,%,E,False
Water use,Pressure on water resources,SDG 6.4.2. Water Stress,Tunisia,2020,98.113399182,%,E,False
Water use,Pressure on water resources,SDG 6.4.2. Water Stress,Tunisia,2021,98.113399182,%,E,False
Water use,Pressure on water resources,SDG 6.4.2. Water Stress,Turkmenistan,2018,138.485316847,%,E,False
Water use,Pressure on water resources,SDG 6.4.2. Water Stress,Turkmenistan,2019,142.751674395,%,E,False
Water use,Pressure on water resources,SDG 6.4.2. Water Stress,Turkmenistan,2020,135.213807316,%,E,False
Water use,Pressure on water resources,SDG 6.4.2. Water Stress,Turkmenistan,2021,135.213807316,%,E,False
Water use,Pressure on water resources,SDG 6.4.2. Water Stress,Türkiye,2018,45.378875436,%,E,False
Water use,Pressure on water resources,SDG 6.4.2. Water Stress,Türkiye,2019,46.282143653,%,E,False
Water use,Pressure on water resources,SDG 6.4.2. Water Stress,Türkiye,2020,47.163128575,%,E,False
Water use,Pressure on water resources,SDG 6.4.2. Water Stress,Türkiye,2021,43.378147515,%,E,False
Water use,Pressure on water resources,SDG 6.4.2. Water Stress,Uganda,2018,5.82799634,%,E,False
Water use,Pressure on water resources,SDG 6.4.2. Water Stress,Uganda,2019,5.82799634,%,E,False
Water use,Pressure on water resources,SDG 6.4.2. Water Stress,Uganda,2020,5.82799634,%,E,False
Water use,Pressure on water resources,SDG 6.4.2. Water Stress,Uganda,2021,5.82799634,%,E,False
Water use,Pressure on water resources,SDG 6.4.2. Water Stress,Ukraine,2018,13.87017362,%,E,False
Water use,Pressure on water resources,SDG 6.4.2. Water Stress,Ukraine,2019,13.728945323,%,E,False
Water use,Pressure on water resources,SDG 6.4.2. Water Stress,Ukraine,2020,12.255765742,%,E,False
Water use,Pressure on water resources,SDG 6.4.2. Water Stress,Ukraine,2021,12.255765742,%,E,False
Water use,Pressure on water resources,SDG 6.4.2. Water Stress,United Arab Emirates,2018,1667.333333333,%,E,False
Water use,Pressure on water resources,SDG 6.4.2. Water Stress,United Arab Emirates,2019,1628.666666667,%,E,False
Water use,Pressure on water resources,SDG 6.4.2. Water Stress,United Arab Emirates,2020,1587.333333333,%,E,False
Water use,Pressure on water resources,SDG 6.4.2. Water Stress,United Arab Emirates,2021,1533.333333333,%,E,False
Water use,Pressure on water resources,SDG 6.4.2. Water Stress,United Kingdom of Great Britain and Northern Ireland,2018,14.354646206,%,E,False
Water use,Pressure on water resources,SDG 6.4.2. Water Stress,United Kingdom of Great Britain and Northern Ireland,2019,14.354646206,%,E,False
Water use,Pressure on water resources,SDG 6.4.2. Water Stress,United Kingdom of Great Britain and Northern Ireland,2020,14.354646206,%,E,False
Water use,Pressure on water resources,SDG 6.4.2. Water Stress,United Kingdom of Great Britain and Northern Ireland,2021,14.354646206,%,E,False
Water use,Pressure on water resources,SDG 6.4.2. Water Stress,United Republic of Tanzania,2018,12.96324081,%,E,False
Water use,Pressure on water resources,SDG 6.4.2. Water Stress,United Republic of Tanzania,2019,12.96324081,%,E,False
Water use,Pressure on water resources,SDG 6.4.2. Water Stress,United Republic of Tanzania,2020,12.96324081,%,E,False
Water use,Pressure on water resources,SDG 6.4.2. Water Stress,United Republic of Tanzania,2021,12.96324081,%,E,False
Water use,Pressure on water resources,SDG 6.4.2. Water Stress,United States of America,2018,28.16198427,%,E,False
Water use,Pressure on water resources,SDG 6.4.2. Water Stress,United States of America,2019,28.16198427,%,E,False
Water use,Pressure on water resources,SDG 6.4.2. Water Stress,United States of America,2020,28.16198427,%,E,False
Water use,Pressure on water resources,SDG 6.4.2. Water Stress,United States of America,2021,28.16198427,%,E,False
Water use,Pressure on water resources,SDG 6.4.2. Water Stress,Uruguay,2018,9.786096257,%,E,False
Water use,Pressure on water resources,SDG 6.4.2. Water Stress,Uruguay,2019,9.786096257,%,E,False
Water use,Pressure on water resources,SDG 6.4.2. Water Stress,Uruguay,2020,9.786096257,%,E,False
Water use,Pressure on water resources,SDG 6.4.2. Water Stress,Uruguay,2021,9.786096257,%,E,False
Water use,Pressure on water resources,SDG 6.4.2. Water Stress,Uzbekistan,2018,160.384284485,%,E,False
Water use,Pressure on water resources,SDG 6.4.2. Water Stress,Uzbekistan,2019,151.84399197,%,E,False
Water use,Pressure on water resources,SDG 6.4.2. Water Stress,Uzbekistan,2020,143.260682535,%,E,False
Water use,Pressure on water resources,SDG 6.4.2. Water Stress,Uzbekistan,2021,121.835388586,%,E,False
Water use,Pressure on water resources,SDG 6.4.2. Water Stress,Venezuela (Bolivarian Republic of),2018,7.540366667,%,E,False
Water use,Pressure on water resources,SDG 6.4.2. Water Stress,Venezuela (Bolivarian Republic of),2019,7.540366667,%,E,False
Water use,Pressure on water resources,SDG 6.4.2. Water Stress,Venezuela (Bolivarian Republic of),2020,7.540366667,%,E,False
Water use,Pressure on water resources,SDG 6.4.2. Water Stress,Venezuela (Bolivarian Republic of),2021,7.540366667,%,E,False
Water use,Pressure on water resources,SDG 6.4.2. Water Stress,Viet Nam,2018,18.130315379,%,E,False
Water use,Pressure on water resources,SDG 6.4.2. Water Stress,Viet Nam,2019,18.130315379,%,E,False
Water use,Pressure on water resources,SDG 6.4.2. Water Stress,Viet Nam,2020,18.130315379,%,E,False
Water use,Pressure on water resources,SDG 6.4.2. Water Stress,Viet Nam,2021,18.130315379,%,E,False
Water use,Pressure on water resources,SDG 6.4.2. Water Stress,Yemen,2018,169.761904762,%,I,False
Water use,Pressure on water resources,SDG 6.4.2. Water Stress,Yemen,2019,169.761904762,%,I,False
Water use,Pressure on water resources,SDG 6.4.2. Water Stress,Yemen,2020,169.761904762,%,I,False
Water use,Pressure on water resources,SDG 6.4.2. Water Stress,Yemen,2021,169.761904762,%,I,False
Water use,Pressure on water resources,SDG 6.4.2. Water Stress,Zambia,2018,2.835497836,%,E,False
Water use,Pressure on water resources,SDG 6.4.2. Water Stress,Zambia,2019,2.835497836,%,E,False
Water use,Pressure on water resources,SDG 6.4.2. Water Stress,Zambia,2020,2.835497836,%,E,False
Water use,Pressure on water resources,SDG 6.4.2. Water Stress,Zambia,2021,2.835497836,%,E,False
Water use,Pressure on water resources,SDG 6.4.2. Water Stress,Zimbabwe,2018,35.405385383,%,E,False
Water use,Pressure on water resources,SDG 6.4.2. Water Stress,Zimbabwe,2019,39.769661782,%,E,False
Water use,Pressure on water resources,SDG 6.4.2. Water Stress,Zimbabwe,2020,46.091620306,%,E,False
Water use,Pressure on water resources,SDG 6.4.2. Water Stress,Zimbabwe,2021,46.091620306,%,E,False
